[20Jun2025 12:32:13.531] [main/INFO] [cpw.mods.modlauncher.Launcher/MODLAUNCHER]: ModLauncher running: args [--launchTarget, forgeclientuserdev, --version, MOD_DEV, --assetIndex, 5, --assetsDir, C:\Users\sampw\.gradle\caches\forge_gradle\assets, --gameDir, ., --fml.forgeVersion, 47.4.2, --fml.mcVersion, 1.20.1, --fml.forgeGroup, net.minecraftforge, --fml.mcpVersion, 20230612.114412, --mixin.config, createkinetic.mixins.json]
[20Jun2025 12:32:13.556] [main/INFO] [cpw.mods.modlauncher.Launcher/MODLAUNCHER]: ModLauncher 10.0.9+10.0.9+main.dcd20f30 starting: java version 17.0.12 by Amazon.com Inc.; OS Windows 11 arch amd64 version 10.0
[20Jun2025 12:32:13.678] [main/DEBUG] [cpw.mods.modlauncher.LaunchServiceHandler/MODLAUNCHER]: Found launch services [fmlclientdev,forgeclient,minecraft,forgegametestserverdev,fmlserveruserdev,fmlclient,fmldatauserdev,forgeserverdev,forgeserveruserdev,forgeclientdev,forgeclientuserdev,forgeserver,forgedatadev,fmlserver,fmlclientuserdev,fmlserverdev,forgedatauserdev,testharness,forgegametestserveruserdev]
[20Jun2025 12:32:13.723] [main/DEBUG] [cpw.mods.modlauncher.NameMappingServiceHandler/MODLAUNCHER]: Found naming services : [srgtomcp]
[20Jun2025 12:32:13.780] [main/DEBUG] [cpw.mods.modlauncher.LaunchPluginHandler/MODLAUNCHER]: Found launch plugins: [mixin,eventbus,slf4jfixer,object_holder_definalize,runtime_enum_extender,capability_token_subclass,accesstransformer,runtimedistcleaner]
[20Jun2025 12:32:13.828] [main/DEBUG] [cpw.mods.modlauncher.TransformationServicesHandler/MODLAUNCHER]: Discovering transformation services
[20Jun2025 12:32:13.850] [main/DEBUG] [net.minecraftforge.fml.loading.FMLPaths/CORE]: Path GAMEDIR is C:\Local Files\Java\Minecraft Mods\CreateKinetic\run
[20Jun2025 12:32:13.851] [main/DEBUG] [net.minecraftforge.fml.loading.FMLPaths/CORE]: Path MODSDIR is C:\Local Files\Java\Minecraft Mods\CreateKinetic\run\mods
[20Jun2025 12:32:13.852] [main/DEBUG] [net.minecraftforge.fml.loading.FMLPaths/CORE]: Path CONFIGDIR is C:\Local Files\Java\Minecraft Mods\CreateKinetic\run\config
[20Jun2025 12:32:13.853] [main/DEBUG] [net.minecraftforge.fml.loading.FMLPaths/CORE]: Path FMLCONFIG is C:\Local Files\Java\Minecraft Mods\CreateKinetic\run\config\fml.toml
[20Jun2025 12:32:13.997] [main/DEBUG] [cpw.mods.modlauncher.TransformationServicesHandler/MODLAUNCHER]: Found additional transformation services from discovery services: 
[20Jun2025 12:32:14.010] [main/INFO] [net.minecraftforge.fml.loading.ImmediateWindowHandler/]: Loading ImmediateWindowProvider fmlearlywindow
[20Jun2025 12:32:14.177] [main/INFO] [EARLYDISPLAY/]: Trying GL version 4.6
[20Jun2025 12:32:14.505] [main/INFO] [EARLYDISPLAY/]: Requested GL version 4.6 got version 4.6
[20Jun2025 12:32:14.603] [main/DEBUG] [cpw.mods.modlauncher.TransformationServicesHandler/MODLAUNCHER]: Found transformer services : [mixin,fml]
[20Jun2025 12:32:14.604] [main/DEBUG] [cpw.mods.modlauncher.TransformationServicesHandler/MODLAUNCHER]: Transformation services loading
[20Jun2025 12:32:14.605] [main/DEBUG] [cpw.mods.modlauncher.TransformationServiceDecorator/MODLAUNCHER]: Loading service mixin
[20Jun2025 12:32:14.605] [main/DEBUG] [cpw.mods.modlauncher.TransformationServiceDecorator/MODLAUNCHER]: Loaded service mixin
[20Jun2025 12:32:14.607] [main/DEBUG] [cpw.mods.modlauncher.TransformationServiceDecorator/MODLAUNCHER]: Loading service fml
[20Jun2025 12:32:14.609] [main/DEBUG] [net.minecraftforge.fml.loading.LauncherVersion/CORE]: Found FMLLauncher version 1.0
[20Jun2025 12:32:14.610] [main/DEBUG] [net.minecraftforge.fml.loading.FMLLoader/CORE]: FML 1.0 loading
[20Jun2025 12:32:14.610] [main/DEBUG] [net.minecraftforge.fml.loading.FMLLoader/CORE]: FML found ModLauncher version : 10.0.9+10.0.9+main.dcd20f30
[20Jun2025 12:32:14.611] [main/DEBUG] [net.minecraftforge.fml.loading.FMLLoader/CORE]: Requesting CoreMods to not apply the fix for ASMAPI.findFirstInstructionBefore by default
[20Jun2025 12:32:14.612] [main/DEBUG] [net.minecraftforge.fml.loading.FMLLoader/CORE]: FML found AccessTransformer version : 8.0.4+66+master.c09db6d7
[20Jun2025 12:32:14.614] [main/DEBUG] [net.minecraftforge.fml.loading.FMLLoader/CORE]: FML found EventBus version : 6.0.5+6.0.5+master.eb8e549b
[20Jun2025 12:32:14.614] [main/DEBUG] [net.minecraftforge.fml.loading.FMLLoader/CORE]: Found Runtime Dist Cleaner
[20Jun2025 12:32:14.618] [main/DEBUG] [net.minecraftforge.coremod.CoreModEngine/]: CoreMods will preserve legacy behavior of ASMAPI.findFirstInstructionBefore for backwards-compatibility
[20Jun2025 12:32:14.618] [main/DEBUG] [net.minecraftforge.fml.loading.FMLLoader/CORE]: FML found CoreMod version : 5.2.4
[20Jun2025 12:32:14.620] [main/DEBUG] [net.minecraftforge.fml.loading.FMLLoader/CORE]: Found ForgeSPI package implementation version 7.0.1+7.0.1+master.d2b38bf6
[20Jun2025 12:32:14.620] [main/DEBUG] [net.minecraftforge.fml.loading.FMLLoader/CORE]: Found ForgeSPI package specification 5
[20Jun2025 12:32:14.621] [main/DEBUG] [cpw.mods.modlauncher.TransformationServiceDecorator/MODLAUNCHER]: Loaded service fml
[20Jun2025 12:32:14.622] [main/DEBUG] [cpw.mods.modlauncher.TransformationServicesHandler/MODLAUNCHER]: Configuring option handling for services
[20Jun2025 12:32:14.640] [main/DEBUG] [cpw.mods.modlauncher.TransformationServicesHandler/MODLAUNCHER]: Transformation services initializing
[20Jun2025 12:32:14.643] [main/DEBUG] [cpw.mods.modlauncher.TransformationServiceDecorator/MODLAUNCHER]: Initializing transformation service mixin
[20Jun2025 12:32:14.678] [main/DEBUG] [mixin/]: MixinService [ModLauncher] was successfully booted in cpw.mods.cl.ModuleClassLoader@15eb5ee5
[20Jun2025 12:32:14.712] [main/INFO] [mixin/]: SpongePowered MIXIN Subsystem Version=0.8.5 Source=union:/C:/Users/sampw/.gradle/caches/modules-2/files-2.1/org.spongepowered/mixin/0.8.5/9d1c0c3a304ae6697ecd477218fa61b850bf57fc/mixin-0.8.5.jar%23130!/ Service=ModLauncher Env=CLIENT
[20Jun2025 12:32:14.722] [main/DEBUG] [mixin/]: Initialising Mixin Platform Manager
[20Jun2025 12:32:14.722] [main/DEBUG] [mixin/]: Adding mixin platform agents for container ModLauncher Root Container(ModLauncher:4f56a0a2)
[20Jun2025 12:32:14.725] [main/DEBUG] [mixin/]: Instancing new MixinPlatformAgentMinecraftForge for ModLauncher Root Container(ModLauncher:4f56a0a2)
[20Jun2025 12:32:14.727] [main/DEBUG] [mixin/]: MixinPlatformAgentMinecraftForge rejected container ModLauncher Root Container(ModLauncher:4f56a0a2)
[20Jun2025 12:32:14.728] [main/DEBUG] [mixin/]: Instancing new MixinPlatformAgentDefault for ModLauncher Root Container(ModLauncher:4f56a0a2)
[20Jun2025 12:32:14.728] [pool-2-thread-1/INFO] [EARLYDISPLAY/]: GL info: AMD Radeon(TM) Graphics GL version 4.6.14802 Core Profile Forward-Compatible Context 21.40.56.05 30.0.14056.5001, ATI Technologies Inc.
[20Jun2025 12:32:14.729] [main/DEBUG] [mixin/]: MixinPlatformAgentDefault accepted container ModLauncher Root Container(ModLauncher:4f56a0a2)
[20Jun2025 12:32:14.734] [main/DEBUG] [cpw.mods.modlauncher.TransformationServiceDecorator/MODLAUNCHER]: Initialized transformation service mixin
[20Jun2025 12:32:14.735] [main/DEBUG] [cpw.mods.modlauncher.TransformationServiceDecorator/MODLAUNCHER]: Initializing transformation service fml
[20Jun2025 12:32:14.735] [main/DEBUG] [net.minecraftforge.fml.loading.FMLServiceProvider/CORE]: Setting up basic FML game directories
[20Jun2025 12:32:14.737] [main/DEBUG] [net.minecraftforge.fml.loading.FMLPaths/CORE]: Path GAMEDIR is C:\Local Files\Java\Minecraft Mods\CreateKinetic\run
[20Jun2025 12:32:14.738] [main/DEBUG] [net.minecraftforge.fml.loading.FMLPaths/CORE]: Path MODSDIR is C:\Local Files\Java\Minecraft Mods\CreateKinetic\run\mods
[20Jun2025 12:32:14.738] [main/DEBUG] [net.minecraftforge.fml.loading.FMLPaths/CORE]: Path CONFIGDIR is C:\Local Files\Java\Minecraft Mods\CreateKinetic\run\config
[20Jun2025 12:32:14.739] [main/DEBUG] [net.minecraftforge.fml.loading.FMLPaths/CORE]: Path FMLCONFIG is C:\Local Files\Java\Minecraft Mods\CreateKinetic\run\config\fml.toml
[20Jun2025 12:32:14.739] [main/DEBUG] [net.minecraftforge.fml.loading.FMLServiceProvider/CORE]: Loading configuration
[20Jun2025 12:32:14.746] [main/DEBUG] [net.minecraftforge.fml.loading.FMLServiceProvider/CORE]: Preparing ModFile
[20Jun2025 12:32:14.758] [main/DEBUG] [net.minecraftforge.fml.loading.FMLServiceProvider/CORE]: Preparing launch handler
[20Jun2025 12:32:14.758] [main/DEBUG] [net.minecraftforge.fml.loading.FMLLoader/CORE]: Using forgeclientuserdev as launch service
[20Jun2025 12:32:14.782] [main/DEBUG] [net.minecraftforge.fml.loading.FMLLoader/CORE]: Received command line version data  : VersionInfo[forgeVersion=47.4.2, mcVersion=1.20.1, mcpVersion=20230612.114412, forgeGroup=net.minecraftforge]
[20Jun2025 12:32:14.785] [main/DEBUG] [cpw.mods.modlauncher.TransformationServiceDecorator/MODLAUNCHER]: Initialized transformation service fml
[20Jun2025 12:32:14.786] [main/DEBUG] [cpw.mods.modlauncher.NameMappingServiceHandler/MODLAUNCHER]: Current naming domain is 'mcp'
[20Jun2025 12:32:14.787] [main/DEBUG] [cpw.mods.modlauncher.NameMappingServiceHandler/MODLAUNCHER]: Identified name mapping providers {srg=srgtomcp:1234}
[20Jun2025 12:32:14.788] [main/DEBUG] [cpw.mods.modlauncher.TransformationServicesHandler/MODLAUNCHER]: Transformation services begin scanning
[20Jun2025 12:32:14.790] [main/DEBUG] [cpw.mods.modlauncher.TransformationServiceDecorator/MODLAUNCHER]: Beginning scan trigger - transformation service mixin
[20Jun2025 12:32:14.791] [main/DEBUG] [cpw.mods.modlauncher.TransformationServiceDecorator/MODLAUNCHER]: End scan trigger - transformation service mixin
[20Jun2025 12:32:14.791] [main/DEBUG] [cpw.mods.modlauncher.TransformationServiceDecorator/MODLAUNCHER]: Beginning scan trigger - transformation service fml
[20Jun2025 12:32:14.791] [main/DEBUG] [net.minecraftforge.fml.loading.FMLServiceProvider/CORE]: Initiating mod scan
[20Jun2025 12:32:14.811] [main/DEBUG] [net.minecraftforge.fml.loading.moddiscovery.ModListHandler/CORE]: Found mod coordinates from lists: []
[20Jun2025 12:32:14.822] [main/DEBUG] [net.minecraftforge.fml.loading.moddiscovery.ModDiscoverer/CORE]: Found Mod Locators : (mods folder:null),(maven libs:null),(exploded directory:null),(minecraft:null),(userdev classpath:null)
[20Jun2025 12:32:14.823] [main/DEBUG] [net.minecraftforge.fml.loading.moddiscovery.ModDiscoverer/CORE]: Found Dependency Locators : (JarInJar:null)
[20Jun2025 12:32:14.838] [main/DEBUG] [net.minecraftforge.fml.loading.targets.CommonLaunchHandler/CORE]: Got mod coordinates createkinetic%%C:\Local Files\Java\Minecraft Mods\CreateKinetic\build\resources\main;createkinetic%%C:\Local Files\Java\Minecraft Mods\CreateKinetic\build\classes\java\main;createkinetic%%C:\Local Files\Java\Minecraft Mods\CreateKinetic\build\classes\kotlin\main from env
[20Jun2025 12:32:14.841] [main/DEBUG] [net.minecraftforge.fml.loading.targets.CommonLaunchHandler/CORE]: Found supplied mod coordinates [{createkinetic=[C:\Local Files\Java\Minecraft Mods\CreateKinetic\build\resources\main, C:\Local Files\Java\Minecraft Mods\CreateKinetic\build\classes\java\main, C:\Local Files\Java\Minecraft Mods\CreateKinetic\build\classes\kotlin\main]}]
[20Jun2025 12:32:15.502] [main/DEBUG] [net.minecraftforge.fml.loading.moddiscovery.ModFileInfo/LOADING]: Found valid mod file forge-1.20.1-47.4.2_mapped_official_1.20.1-recomp.jar with {minecraft} mods - versions {1.20.1}
[20Jun2025 12:32:15.515] [main/DEBUG] [net.minecraftforge.fml.loading.moddiscovery.ModFileParser/LOADING]: Considering mod file candidate C:\Users\sampw\.gradle\caches\modules-2\files-2.1\net.minecraftforge\javafmllanguage\1.20.1-47.4.2\69932762bf197a54e59c5beb40e2a796cb7b0344\javafmllanguage-1.20.1-47.4.2.jar
[20Jun2025 12:32:15.515] [main/WARN] [net.minecraftforge.fml.loading.moddiscovery.ModFileParser/LOADING]: Mod file C:\Users\sampw\.gradle\caches\modules-2\files-2.1\net.minecraftforge\javafmllanguage\1.20.1-47.4.2\69932762bf197a54e59c5beb40e2a796cb7b0344\javafmllanguage-1.20.1-47.4.2.jar is missing mods.toml file
[20Jun2025 12:32:15.522] [main/DEBUG] [net.minecraftforge.fml.loading.moddiscovery.ModFileParser/LOADING]: Considering mod file candidate C:\Users\sampw\.gradle\caches\modules-2\files-2.1\net.minecraftforge\lowcodelanguage\1.20.1-47.4.2\558f84c8439daeb45b9d72391572781e8d52039f\lowcodelanguage-1.20.1-47.4.2.jar
[20Jun2025 12:32:15.523] [main/WARN] [net.minecraftforge.fml.loading.moddiscovery.ModFileParser/LOADING]: Mod file C:\Users\sampw\.gradle\caches\modules-2\files-2.1\net.minecraftforge\lowcodelanguage\1.20.1-47.4.2\558f84c8439daeb45b9d72391572781e8d52039f\lowcodelanguage-1.20.1-47.4.2.jar is missing mods.toml file
[20Jun2025 12:32:15.530] [main/DEBUG] [net.minecraftforge.fml.loading.moddiscovery.ModFileParser/LOADING]: Considering mod file candidate C:\Users\sampw\.gradle\caches\modules-2\files-2.1\net.minecraftforge\mclanguage\1.20.1-47.4.2\b861aade365eff21af88b465e5fb32b643b2db4d\mclanguage-1.20.1-47.4.2.jar
[20Jun2025 12:32:15.531] [main/WARN] [net.minecraftforge.fml.loading.moddiscovery.ModFileParser/LOADING]: Mod file C:\Users\sampw\.gradle\caches\modules-2\files-2.1\net.minecraftforge\mclanguage\1.20.1-47.4.2\b861aade365eff21af88b465e5fb32b643b2db4d\mclanguage-1.20.1-47.4.2.jar is missing mods.toml file
[20Jun2025 12:32:15.539] [main/DEBUG] [net.minecraftforge.fml.loading.moddiscovery.ModFileParser/LOADING]: Considering mod file candidate C:\Users\sampw\.gradle\caches\modules-2\files-2.1\net.minecraftforge\fmlcore\1.20.1-47.4.2\e64efc556f126e900f6656987f2641f639b7a3e2\fmlcore-1.20.1-47.4.2.jar
[20Jun2025 12:32:15.540] [main/WARN] [net.minecraftforge.fml.loading.moddiscovery.ModFileParser/LOADING]: Mod file C:\Users\sampw\.gradle\caches\modules-2\files-2.1\net.minecraftforge\fmlcore\1.20.1-47.4.2\e64efc556f126e900f6656987f2641f639b7a3e2\fmlcore-1.20.1-47.4.2.jar is missing mods.toml file
[20Jun2025 12:32:15.554] [main/DEBUG] [net.minecraftforge.fml.loading.moddiscovery.ModFileParser/LOADING]: Considering mod file candidate C:\Local Files\Java\Minecraft Mods\CreateKinetic\build\resources\main
[20Jun2025 12:32:15.585] [main/DEBUG] [net.minecraftforge.fml.loading.moddiscovery.ModFileInfo/LOADING]: Found valid mod file main with {createkinetic} mods - versions {1.0.0}
[20Jun2025 12:32:15.592] [main/DEBUG] [net.minecraftforge.fml.loading.moddiscovery.ModFileParser/LOADING]: Considering mod file candidate /
[20Jun2025 12:32:15.600] [main/DEBUG] [net.minecraftforge.fml.loading.moddiscovery.ModFileInfo/LOADING]: Found valid mod file  with {forge} mods - versions {47.4.2}
[20Jun2025 12:32:15.674] [main/DEBUG] [net.minecraftforge.fml.loading.moddiscovery.ModFileParser/LOADING]: Considering mod file candidate C:\Users\sampw\.gradle\caches\forge_gradle\deobf_dependencies\curse\maven\embeddium-908741\5681725_mapped_official_1.20.1\embeddium-908741-5681725_mapped_official_1.20.1.jar
[20Jun2025 12:32:15.685] [main/DEBUG] [net.minecraftforge.fml.loading.moddiscovery.ModFileInfo/LOADING]: Found valid mod file embeddium-908741-5681725_mapped_official_1.20.1.jar with {embeddium,rubidium} mods - versions {0.3.31+mc1.20.1,0.7.1}
[20Jun2025 12:32:15.697] [main/DEBUG] [net.minecraftforge.fml.loading.moddiscovery.ModFileParser/LOADING]: Considering mod file candidate C:\Users\sampw\.gradle\caches\forge_gradle\deobf_dependencies\org\valkyrienskies\valkyrienskies-120-forge\2.3.0-beta.5+bcda04a482_mapped_official_1.20.1\valkyrienskies-120-forge-2.3.0-beta.5+bcda04a482_mapped_official_1.20.1.jar
[20Jun2025 12:32:15.700] [main/DEBUG] [net.minecraftforge.fml.loading.moddiscovery.ModFileInfo/LOADING]: Found valid mod file valkyrienskies-120-forge-2.3.0-beta.5+bcda04a482_mapped_official_1.20.1.jar with {valkyrienskies} mods - versions {2.3.0-beta.5+bcda04a482}
[20Jun2025 12:32:16.134] [main/DEBUG] [net.minecraftforge.fml.loading.moddiscovery.ModFileParser/LOADING]: Considering mod file candidate C:\Users\sampw\.gradle\caches\forge_gradle\deobf_dependencies\curse\maven\embeddium-908741\5681725_mapped_official_1.20.1\embeddium-908741-5681725_mapped_official_1.20.1.jar
[20Jun2025 12:32:16.137] [main/DEBUG] [net.minecraftforge.fml.loading.moddiscovery.ModFileInfo/LOADING]: Found valid mod file embeddium-908741-5681725_mapped_official_1.20.1.jar with {embeddium,rubidium} mods - versions {0.3.31+mc1.20.1,0.7.1}
[20Jun2025 12:32:16.148] [main/DEBUG] [net.minecraftforge.fml.loading.moddiscovery.ModFileParser/LOADING]: Considering mod file candidate C:\Users\sampw\.gradle\caches\forge_gradle\deobf_dependencies\org\valkyrienskies\valkyrienskies-120-forge\2.3.0-beta.5+bcda04a482_mapped_official_1.20.1\valkyrienskies-120-forge-2.3.0-beta.5+bcda04a482_mapped_official_1.20.1.jar
[20Jun2025 12:32:16.150] [main/DEBUG] [net.minecraftforge.fml.loading.moddiscovery.ModFileInfo/LOADING]: Found valid mod file valkyrienskies-120-forge-2.3.0-beta.5+bcda04a482_mapped_official_1.20.1.jar with {valkyrienskies} mods - versions {2.3.0-beta.5+bcda04a482}
[20Jun2025 12:32:16.290] [main/DEBUG] [net.minecraftforge.fml.loading.UniqueModListBuilder/]: Found 2 mods for first modid valkyrienskies, selecting most recent based on version data
[20Jun2025 12:32:16.291] [main/DEBUG] [net.minecraftforge.fml.loading.UniqueModListBuilder/]: Selected file valkyrienskies-120-forge-2.3.0-beta.5+bcda04a482_mapped_official_1.20.1.jar for modid valkyrienskies with version 2.3.0-beta.5+bcda04a482
[20Jun2025 12:32:16.292] [main/DEBUG] [net.minecraftforge.fml.loading.UniqueModListBuilder/]: Found 2 mods for first modid embeddium, selecting most recent based on version data
[20Jun2025 12:32:16.292] [main/DEBUG] [net.minecraftforge.fml.loading.UniqueModListBuilder/]: Selected file embeddium-908741-5681725_mapped_official_1.20.1.jar for modid embeddium with version 0.3.31+mc1.20.1
[20Jun2025 12:32:16.312] [main/DEBUG] [net.minecraftforge.fml.loading.moddiscovery.AbstractJarFileDependencyLocator/]: Failed to load resource META-INF\jarjar\metadata.json from forge-1.20.1-47.4.2_mapped_official_1.20.1-recomp.jar, it does not contain dependency information.
[20Jun2025 12:32:16.314] [main/DEBUG] [net.minecraftforge.fml.loading.moddiscovery.AbstractJarFileDependencyLocator/]: Failed to load resource META-INF\jarjar\metadata.json from , it does not contain dependency information.
[20Jun2025 12:32:16.316] [main/DEBUG] [net.minecraftforge.fml.loading.moddiscovery.AbstractJarFileDependencyLocator/]: Failed to load resource META-INF\jarjar\metadata.json from main, it does not contain dependency information.
[20Jun2025 12:32:16.316] [main/DEBUG] [net.minecraftforge.fml.loading.moddiscovery.AbstractJarFileDependencyLocator/]: Failed to load resource META-INF\jarjar\metadata.json from mclanguage-1.20.1-47.4.2.jar, it does not contain dependency information.
[20Jun2025 12:32:16.317] [main/DEBUG] [net.minecraftforge.fml.loading.moddiscovery.AbstractJarFileDependencyLocator/]: Failed to load resource META-INF\jarjar\metadata.json from javafmllanguage-1.20.1-47.4.2.jar, it does not contain dependency information.
[20Jun2025 12:32:16.318] [main/DEBUG] [net.minecraftforge.fml.loading.moddiscovery.AbstractJarFileDependencyLocator/]: Failed to load resource META-INF\jarjar\metadata.json from fmlcore-1.20.1-47.4.2.jar, it does not contain dependency information.
[20Jun2025 12:32:16.318] [main/DEBUG] [net.minecraftforge.fml.loading.moddiscovery.AbstractJarFileDependencyLocator/]: Failed to load resource META-INF\jarjar\metadata.json from lowcodelanguage-1.20.1-47.4.2.jar, it does not contain dependency information.
[20Jun2025 12:32:16.495] [main/DEBUG] [net.minecraftforge.fml.loading.moddiscovery.ModFileParser/LOADING]: Considering mod file candidate 
[20Jun2025 12:32:16.497] [main/DEBUG] [net.minecraftforge.fml.loading.moddiscovery.ModFileInfo/LOADING]: Found valid mod file mixinextras-forge-0.2.0.jar with {mixinextras} mods - versions {0.2.0}
[20Jun2025 12:32:16.534] [main/DEBUG] [net.minecraftforge.fml.loading.moddiscovery.ModFileParser/LOADING]: Considering mod file candidate 
[20Jun2025 12:32:16.537] [main/DEBUG] [net.minecraftforge.fml.loading.moddiscovery.ModFileInfo/LOADING]: Found valid mod file cloth-config-forge-11.1.106.jar with {cloth_config} mods - versions {11.1.106}
[20Jun2025 12:32:16.827] [main/DEBUG] [net.minecraftforge.fml.loading.moddiscovery.ModFileParser/LOADING]: Considering mod file candidate 
[20Jun2025 12:32:16.829] [main/DEBUG] [net.minecraftforge.fml.loading.moddiscovery.ModFileInfo/LOADING]: Found valid mod file kffmod-4.10.0.jar with {kotlinforforge} mods - versions {4.10.0}
[20Jun2025 12:32:16.832] [main/DEBUG] [net.minecraftforge.fml.loading.moddiscovery.ModFileParser/LOADING]: Considering mod file candidate 
[20Jun2025 12:32:16.834] [main/DEBUG] [net.minecraftforge.fml.loading.moddiscovery.ModFileInfo/LOADING]: Found valid mod file mixinextras-forge-0.3.5.jar with {mixinextras} mods - versions {0.3.5}
[20Jun2025 12:32:16.848] [main/DEBUG] [net.minecraftforge.fml.loading.moddiscovery.AbstractJarFileDependencyLocator/]: Failed to load resource META-INF\jarjar\metadata.json from cloth-config-forge-11.1.106.jar, it does not contain dependency information.
[20Jun2025 12:32:16.848] [main/DEBUG] [net.minecraftforge.fml.loading.moddiscovery.AbstractJarFileDependencyLocator/]: Failed to load resource META-INF\jarjar\metadata.json from api-1.1.0+b19b27c4a4.jar, it does not contain dependency information.
[20Jun2025 12:32:16.849] [main/DEBUG] [net.minecraftforge.fml.loading.moddiscovery.AbstractJarFileDependencyLocator/]: Failed to load resource META-INF\jarjar\metadata.json from util-1.1.0+b19b27c4a4.jar, it does not contain dependency information.
[20Jun2025 12:32:16.849] [main/DEBUG] [net.minecraftforge.fml.loading.moddiscovery.AbstractJarFileDependencyLocator/]: Failed to load resource META-INF\jarjar\metadata.json from javax.inject-1.jar, it does not contain dependency information.
[20Jun2025 12:32:16.850] [main/DEBUG] [net.minecraftforge.fml.loading.moddiscovery.AbstractJarFileDependencyLocator/]: Failed to load resource META-INF\jarjar\metadata.json from joml-primitives-1.10.0.jar, it does not contain dependency information.
[20Jun2025 12:32:16.850] [main/DEBUG] [net.minecraftforge.fml.loading.moddiscovery.AbstractJarFileDependencyLocator/]: Failed to load resource META-INF\jarjar\metadata.json from commons-math3-3.6.1.jar, it does not contain dependency information.
[20Jun2025 12:32:16.850] [main/DEBUG] [net.minecraftforge.fml.loading.moddiscovery.AbstractJarFileDependencyLocator/]: Failed to load resource META-INF\jarjar\metadata.json from jackson-module-kotlin-2.14.0-rubyfork.jar, it does not contain dependency information.
[20Jun2025 12:32:16.851] [main/DEBUG] [net.minecraftforge.fml.loading.moddiscovery.AbstractJarFileDependencyLocator/]: Failed to load resource META-INF\jarjar\metadata.json from jackson-module-parameter-names-2.14.0.jar, it does not contain dependency information.
[20Jun2025 12:32:16.851] [main/DEBUG] [net.minecraftforge.fml.loading.moddiscovery.AbstractJarFileDependencyLocator/]: Failed to load resource META-INF\jarjar\metadata.json from jackson-dataformat-cbor-2.14.0.jar, it does not contain dependency information.
[20Jun2025 12:32:16.851] [main/DEBUG] [net.minecraftforge.fml.loading.moddiscovery.AbstractJarFileDependencyLocator/]: Failed to load resource META-INF\jarjar\metadata.json from jackson-databind-2.14.0.jar, it does not contain dependency information.
[20Jun2025 12:32:16.852] [main/DEBUG] [net.minecraftforge.fml.loading.moddiscovery.AbstractJarFileDependencyLocator/]: Failed to load resource META-INF\jarjar\metadata.json from jackson-annotations-2.14.0.jar, it does not contain dependency information.
[20Jun2025 12:32:16.852] [main/DEBUG] [net.minecraftforge.fml.loading.moddiscovery.AbstractJarFileDependencyLocator/]: Failed to load resource META-INF\jarjar\metadata.json from jackson-core-2.14.0.jar, it does not contain dependency information.
[20Jun2025 12:32:16.853] [main/DEBUG] [net.minecraftforge.fml.loading.moddiscovery.AbstractJarFileDependencyLocator/]: Failed to load resource META-INF\jarjar\metadata.json from jackson-kotlin-dsl-1.2.0.jar, it does not contain dependency information.
[20Jun2025 12:32:16.853] [main/DEBUG] [net.minecraftforge.fml.loading.moddiscovery.AbstractJarFileDependencyLocator/]: Failed to load resource META-INF\jarjar\metadata.json from json-schema-validator-1.0.71.jar, it does not contain dependency information.
[20Jun2025 12:32:16.853] [main/DEBUG] [net.minecraftforge.fml.loading.moddiscovery.AbstractJarFileDependencyLocator/]: Failed to load resource META-INF\jarjar\metadata.json from itu-1.7.0.jar, it does not contain dependency information.
[20Jun2025 12:32:16.855] [main/DEBUG] [net.minecraftforge.fml.loading.moddiscovery.AbstractJarFileDependencyLocator/]: Failed to load resource META-INF\jarjar\metadata.json from jsonschema-module-jackson-4.25.0.jar, it does not contain dependency information.
[20Jun2025 12:32:16.855] [main/DEBUG] [net.minecraftforge.fml.loading.moddiscovery.AbstractJarFileDependencyLocator/]: Failed to load resource META-INF\jarjar\metadata.json from jsonschema-generator-4.25.0.jar, it does not contain dependency information.
[20Jun2025 12:32:16.856] [main/DEBUG] [net.minecraftforge.fml.loading.moddiscovery.AbstractJarFileDependencyLocator/]: Failed to load resource META-INF\jarjar\metadata.json from classmate-1.5.1.jar, it does not contain dependency information.
[20Jun2025 12:32:16.856] [main/DEBUG] [net.minecraftforge.fml.loading.moddiscovery.AbstractJarFileDependencyLocator/]: Failed to load resource META-INF\jarjar\metadata.json from zjsonpatch-0.4.11.jar, it does not contain dependency information.
[20Jun2025 12:32:16.857] [main/DEBUG] [net.minecraftforge.fml.loading.moddiscovery.AbstractJarFileDependencyLocator/]: Failed to load resource META-INF\jarjar\metadata.json from commons-collections4-4.3.jar, it does not contain dependency information.
[20Jun2025 12:32:16.857] [main/DEBUG] [net.minecraftforge.fml.loading.moddiscovery.AbstractJarFileDependencyLocator/]: Failed to load resource META-INF\jarjar\metadata.json from dagger-2.43.2.jar, it does not contain dependency information.
[20Jun2025 12:32:16.858] [main/DEBUG] [net.minecraftforge.fml.loading.moddiscovery.AbstractJarFileDependencyLocator/]: Failed to load resource META-INF\jarjar\metadata.json from kfflang-4.10.0.jar, it does not contain dependency information.
[20Jun2025 12:32:16.858] [main/DEBUG] [net.minecraftforge.fml.loading.moddiscovery.AbstractJarFileDependencyLocator/]: Failed to load resource META-INF\jarjar\metadata.json from kfflib-4.10.0.jar, it does not contain dependency information.
[20Jun2025 12:32:16.859] [main/DEBUG] [net.minecraftforge.fml.loading.moddiscovery.AbstractJarFileDependencyLocator/]: Failed to load resource META-INF\jarjar\metadata.json from kffmod-4.10.0.jar, it does not contain dependency information.
[20Jun2025 12:32:16.867] [main/DEBUG] [net.minecraftforge.fml.loading.moddiscovery.AbstractJarFileDependencyLocator/]: Failed to load resource META-INF\jarjar\metadata.json from MixinExtras-0.2.0.jar, it does not contain dependency information.
[20Jun2025 12:32:16.868] [main/DEBUG] [net.minecraftforge.fml.loading.moddiscovery.AbstractJarFileDependencyLocator/]: Failed to load resource META-INF\jarjar\metadata.json from MixinExtras-0.3.5.jar, it does not contain dependency information.
[20Jun2025 12:32:17.035] [main/DEBUG] [net.minecraftforge.fml.loading.moddiscovery.ModFileParser/LOADING]: Considering mod file candidate 
[20Jun2025 12:32:17.036] [main/DEBUG] [net.minecraftforge.fml.loading.moddiscovery.ModFileInfo/LOADING]: Found valid mod file mixinextras-forge-0.3.5.jar with {mixinextras} mods - versions {0.3.5}
[20Jun2025 12:32:17.173] [main/DEBUG] [net.minecraftforge.fml.loading.moddiscovery.ModFileParser/LOADING]: Considering mod file candidate 
[20Jun2025 12:32:17.175] [main/DEBUG] [net.minecraftforge.fml.loading.moddiscovery.ModFileInfo/LOADING]: Found valid mod file kffmod-4.10.0.jar with {kotlinforforge} mods - versions {4.10.0}
[20Jun2025 12:32:17.206] [main/DEBUG] [net.minecraftforge.fml.loading.moddiscovery.ModFileParser/LOADING]: Considering mod file candidate 
[20Jun2025 12:32:17.208] [main/DEBUG] [net.minecraftforge.fml.loading.moddiscovery.ModFileInfo/LOADING]: Found valid mod file cloth-config-forge-11.1.106.jar with {cloth_config} mods - versions {11.1.106}
[20Jun2025 12:32:17.213] [main/INFO] [net.minecraftforge.fml.loading.moddiscovery.JarInJarDependencyLocator/]: Found 26 dependencies adding them to mods collection
[20Jun2025 12:32:17.219] [main/DEBUG] [net.minecraftforge.fml.loading.moddiscovery.ModFileInfo/LOADING]: Found valid mod file forge-1.20.1-47.4.2_mapped_official_1.20.1-recomp.jar with {minecraft} mods - versions {1.20.1}
[20Jun2025 12:32:17.227] [main/DEBUG] [net.minecraftforge.fml.loading.moddiscovery.ModFile/LOADING]: Loading mod file C:\Users\sampw\.gradle\caches\forge_gradle\minecraft_user_repo\net\minecraftforge\forge\1.20.1-47.4.2_mapped_official_1.20.1\forge-1.20.1-47.4.2_mapped_official_1.20.1-recomp.jar with languages [LanguageSpec[languageName=minecraft, acceptedVersions=1]]
[20Jun2025 12:32:17.228] [main/DEBUG] [net.minecraftforge.fml.loading.moddiscovery.ModFileParser/LOADING]: Considering mod file candidate C:\Local Files\Java\Minecraft Mods\CreateKinetic\build\resources\main
[20Jun2025 12:32:17.233] [main/DEBUG] [net.minecraftforge.fml.loading.moddiscovery.ModFileInfo/LOADING]: Found valid mod file main with {createkinetic} mods - versions {1.0.0}
[20Jun2025 12:32:17.233] [main/DEBUG] [net.minecraftforge.fml.loading.moddiscovery.ModFile/LOADING]: Loading mod file C:\Local Files\Java\Minecraft Mods\CreateKinetic\build\resources\main with languages [LanguageSpec[languageName=javafml, acceptedVersions=[47,)]]
[20Jun2025 12:32:17.234] [main/DEBUG] [net.minecraftforge.fml.loading.moddiscovery.ModFileParser/LOADING]: Considering mod file candidate 
[20Jun2025 12:32:17.236] [main/DEBUG] [net.minecraftforge.fml.loading.moddiscovery.ModFileInfo/LOADING]: Found valid mod file kffmod-4.10.0.jar with {kotlinforforge} mods - versions {4.10.0}
[20Jun2025 12:32:17.237] [main/DEBUG] [net.minecraftforge.fml.loading.moddiscovery.ModFile/LOADING]: Loading mod file  with languages [LanguageSpec[languageName=kotlinforforge, acceptedVersions=[4,)]]
[20Jun2025 12:32:17.237] [main/DEBUG] [net.minecraftforge.fml.loading.moddiscovery.ModFileParser/LOADING]: Considering mod file candidate 
[20Jun2025 12:32:17.238] [main/DEBUG] [net.minecraftforge.fml.loading.moddiscovery.ModFileInfo/LOADING]: Found valid mod file cloth-config-forge-11.1.106.jar with {cloth_config} mods - versions {11.1.106}
[20Jun2025 12:32:17.239] [main/DEBUG] [net.minecraftforge.fml.loading.moddiscovery.ModFile/LOADING]: Loading mod file  with languages [LanguageSpec[languageName=javafml, acceptedVersions=[34,)]]
[20Jun2025 12:32:17.239] [main/DEBUG] [net.minecraftforge.fml.loading.moddiscovery.ModFileParser/LOADING]: Considering mod file candidate C:\Users\sampw\.gradle\caches\forge_gradle\deobf_dependencies\org\valkyrienskies\valkyrienskies-120-forge\2.3.0-beta.5+bcda04a482_mapped_official_1.20.1\valkyrienskies-120-forge-2.3.0-beta.5+bcda04a482_mapped_official_1.20.1.jar
[20Jun2025 12:32:17.241] [main/DEBUG] [net.minecraftforge.fml.loading.moddiscovery.ModFileInfo/LOADING]: Found valid mod file valkyrienskies-120-forge-2.3.0-beta.5+bcda04a482_mapped_official_1.20.1.jar with {valkyrienskies} mods - versions {2.3.0-beta.5+bcda04a482}
[20Jun2025 12:32:17.241] [main/DEBUG] [net.minecraftforge.fml.loading.moddiscovery.ModFile/LOADING]: Loading mod file C:\Users\sampw\.gradle\caches\forge_gradle\deobf_dependencies\org\valkyrienskies\valkyrienskies-120-forge\2.3.0-beta.5+bcda04a482_mapped_official_1.20.1\valkyrienskies-120-forge-2.3.0-beta.5+bcda04a482_mapped_official_1.20.1.jar with languages [LanguageSpec[languageName=javafml, acceptedVersions=[40,)]]
[20Jun2025 12:32:17.242] [main/DEBUG] [net.minecraftforge.fml.loading.moddiscovery.ModFileParser/LOADING]: Considering mod file candidate /
[20Jun2025 12:32:17.243] [main/DEBUG] [net.minecraftforge.fml.loading.moddiscovery.ModFileInfo/LOADING]: Found valid mod file  with {forge} mods - versions {47.4.2}
[20Jun2025 12:32:17.243] [main/DEBUG] [net.minecraftforge.fml.loading.moddiscovery.ModFile/LOADING]: Loading mod file / with languages [LanguageSpec[languageName=javafml, acceptedVersions=[24,]]]
[20Jun2025 12:32:17.249] [main/DEBUG] [net.minecraftforge.fml.loading.moddiscovery.ModFileParser/LOADING]: Found coremod field_to_method with Javascript path coremods/field_to_method.js
[20Jun2025 12:32:17.249] [main/DEBUG] [net.minecraftforge.fml.loading.moddiscovery.ModFileParser/LOADING]: Found coremod field_to_instanceof with Javascript path coremods/field_to_instanceof.js
[20Jun2025 12:32:17.250] [main/DEBUG] [net.minecraftforge.fml.loading.moddiscovery.ModFileParser/LOADING]: Found coremod add_bouncer_method with Javascript path coremods/add_bouncer_method.js
[20Jun2025 12:32:17.250] [main/DEBUG] [net.minecraftforge.fml.loading.moddiscovery.ModFileParser/LOADING]: Found coremod method_redirector with Javascript path coremods/method_redirector.js
[20Jun2025 12:32:17.250] [main/DEBUG] [net.minecraftforge.fml.loading.moddiscovery.ModFile/LOADING]: Found coremod coremods/field_to_method.js
[20Jun2025 12:32:17.251] [main/DEBUG] [net.minecraftforge.fml.loading.moddiscovery.ModFile/LOADING]: Found coremod coremods/field_to_instanceof.js
[20Jun2025 12:32:17.251] [main/DEBUG] [net.minecraftforge.fml.loading.moddiscovery.ModFile/LOADING]: Found coremod coremods/add_bouncer_method.js
[20Jun2025 12:32:17.251] [main/DEBUG] [net.minecraftforge.fml.loading.moddiscovery.ModFile/LOADING]: Found coremod coremods/method_redirector.js
[20Jun2025 12:32:17.251] [main/DEBUG] [net.minecraftforge.fml.loading.moddiscovery.ModFileParser/LOADING]: Considering mod file candidate C:\Users\sampw\.gradle\caches\forge_gradle\deobf_dependencies\curse\maven\embeddium-908741\5681725_mapped_official_1.20.1\embeddium-908741-5681725_mapped_official_1.20.1.jar
[20Jun2025 12:32:17.252] [main/DEBUG] [net.minecraftforge.fml.loading.moddiscovery.ModFileInfo/LOADING]: Found valid mod file embeddium-908741-5681725_mapped_official_1.20.1.jar with {embeddium,rubidium} mods - versions {0.3.31+mc1.20.1,0.7.1}
[20Jun2025 12:32:17.254] [main/DEBUG] [net.minecraftforge.fml.loading.moddiscovery.ModFile/LOADING]: Loading mod file C:\Users\sampw\.gradle\caches\forge_gradle\deobf_dependencies\curse\maven\embeddium-908741\5681725_mapped_official_1.20.1\embeddium-908741-5681725_mapped_official_1.20.1.jar with languages [LanguageSpec[languageName=javafml, acceptedVersions=[47,)]]
[20Jun2025 12:32:17.254] [main/DEBUG] [net.minecraftforge.fml.loading.moddiscovery.ModFile/LOADING]: Loading mod file  with languages []
[20Jun2025 12:32:17.255] [main/DEBUG] [net.minecraftforge.fml.loading.moddiscovery.ModFile/LOADING]: Loading mod file  with languages []
[20Jun2025 12:32:17.255] [main/DEBUG] [net.minecraftforge.fml.loading.moddiscovery.ModFile/LOADING]: Loading mod file  with languages []
[20Jun2025 12:32:17.255] [main/DEBUG] [net.minecraftforge.fml.loading.moddiscovery.ModFile/LOADING]: Loading mod file  with languages []
[20Jun2025 12:32:17.256] [main/DEBUG] [net.minecraftforge.fml.loading.moddiscovery.ModFile/LOADING]: Loading mod file  with languages []
[20Jun2025 12:32:17.256] [main/DEBUG] [net.minecraftforge.fml.loading.moddiscovery.ModFile/LOADING]: Loading mod file  with languages []
[20Jun2025 12:32:17.257] [main/DEBUG] [net.minecraftforge.fml.loading.moddiscovery.ModFile/LOADING]: Loading mod file  with languages []
[20Jun2025 12:32:17.257] [main/DEBUG] [net.minecraftforge.fml.loading.moddiscovery.ModFile/LOADING]: Loading mod file  with languages []
[20Jun2025 12:32:17.257] [main/DEBUG] [net.minecraftforge.fml.loading.moddiscovery.ModFile/LOADING]: Loading mod file  with languages []
[20Jun2025 12:32:17.258] [main/DEBUG] [net.minecraftforge.fml.loading.moddiscovery.ModFile/LOADING]: Loading mod file  with languages []
[20Jun2025 12:32:17.258] [main/DEBUG] [net.minecraftforge.fml.loading.moddiscovery.ModFileParser/LOADING]: Considering mod file candidate 
[20Jun2025 12:32:17.260] [main/DEBUG] [net.minecraftforge.fml.loading.moddiscovery.ModFileInfo/LOADING]: Found valid mod file mixinextras-forge-0.3.5.jar with {mixinextras} mods - versions {0.3.5}
[20Jun2025 12:32:17.260] [main/DEBUG] [net.minecraftforge.fml.loading.moddiscovery.ModFile/LOADING]: Loading mod file  with languages [LanguageSpec[languageName=javafml, acceptedVersions=*]]
[20Jun2025 12:32:17.261] [main/DEBUG] [net.minecraftforge.fml.loading.moddiscovery.ModFile/LOADING]: Loading mod file  with languages []
[20Jun2025 12:32:17.261] [main/DEBUG] [net.minecraftforge.fml.loading.moddiscovery.ModFile/LOADING]: Loading mod file  with languages []
[20Jun2025 12:32:17.262] [main/DEBUG] [net.minecraftforge.fml.loading.moddiscovery.ModFile/LOADING]: Loading mod file  with languages []
[20Jun2025 12:32:17.263] [main/DEBUG] [net.minecraftforge.fml.loading.moddiscovery.ModFile/LOADING]: Loading mod file  with languages []
[20Jun2025 12:32:17.263] [main/DEBUG] [net.minecraftforge.fml.loading.moddiscovery.ModFile/LOADING]: Loading mod file  with languages []
[20Jun2025 12:32:17.264] [main/DEBUG] [net.minecraftforge.fml.loading.moddiscovery.ModFile/LOADING]: Loading mod file  with languages []
[20Jun2025 12:32:17.264] [main/DEBUG] [net.minecraftforge.fml.loading.moddiscovery.ModFile/LOADING]: Loading mod file  with languages []
[20Jun2025 12:32:17.265] [main/DEBUG] [net.minecraftforge.fml.loading.moddiscovery.ModFile/LOADING]: Loading mod file  with languages []
[20Jun2025 12:32:17.265] [main/DEBUG] [net.minecraftforge.fml.loading.moddiscovery.ModFile/LOADING]: Loading mod file  with languages []
[20Jun2025 12:32:17.266] [main/DEBUG] [net.minecraftforge.fml.loading.moddiscovery.ModFile/LOADING]: Loading mod file  with languages []
[20Jun2025 12:32:17.267] [main/DEBUG] [net.minecraftforge.fml.loading.moddiscovery.ModFile/LOADING]: Loading mod file  with languages []
[20Jun2025 12:32:17.267] [main/DEBUG] [net.minecraftforge.fml.loading.moddiscovery.ModFile/LOADING]: Loading mod file  with languages []
[20Jun2025 12:32:17.267] [main/DEBUG] [net.minecraftforge.fml.loading.moddiscovery.ModFile/LOADING]: Loading mod file  with languages []
[20Jun2025 12:32:17.268] [main/DEBUG] [net.minecraftforge.fml.loading.moddiscovery.ModFile/LOADING]: Loading mod file  with languages []
[20Jun2025 12:32:17.269] [main/DEBUG] [net.minecraftforge.fml.loading.moddiscovery.ModFile/LOADING]: Loading mod file  with languages []
[20Jun2025 12:32:17.269] [main/DEBUG] [net.minecraftforge.fml.loading.moddiscovery.ModFile/LOADING]: Loading mod file  with languages []
[20Jun2025 12:32:17.270] [main/DEBUG] [net.minecraftforge.fml.loading.moddiscovery.ModFile/LOADING]: Loading mod file  with languages []
[20Jun2025 12:32:17.270] [main/DEBUG] [net.minecraftforge.fml.loading.moddiscovery.ModFile/LOADING]: Loading mod file  with languages []
[20Jun2025 12:32:17.270] [main/DEBUG] [net.minecraftforge.fml.loading.moddiscovery.ModFile/LOADING]: Loading mod file  with languages []
[20Jun2025 12:32:17.271] [main/DEBUG] [net.minecraftforge.fml.loading.moddiscovery.ModFile/LOADING]: Loading mod file  with languages []
[20Jun2025 12:32:17.271] [main/DEBUG] [net.minecraftforge.fml.loading.moddiscovery.ModFile/LOADING]: Loading mod file  with languages []
[20Jun2025 12:32:17.272] [main/DEBUG] [net.minecraftforge.fml.loading.moddiscovery.ModFile/LOADING]: Loading mod file  with languages []
[20Jun2025 12:32:17.272] [main/DEBUG] [net.minecraftforge.fml.loading.moddiscovery.ModFileParser/LOADING]: Considering mod file candidate 
[20Jun2025 12:32:17.273] [main/DEBUG] [net.minecraftforge.fml.loading.moddiscovery.ModFileInfo/LOADING]: Found valid mod file mixinextras-forge-0.3.5.jar with {mixinextras} mods - versions {0.3.5}
[20Jun2025 12:32:17.273] [main/DEBUG] [net.minecraftforge.fml.loading.moddiscovery.ModFile/LOADING]: Loading mod file  with languages [LanguageSpec[languageName=javafml, acceptedVersions=*]]
[20Jun2025 12:32:17.274] [main/DEBUG] [net.minecraftforge.fml.loading.moddiscovery.ModFile/LOADING]: Loading mod file  with languages []
[20Jun2025 12:32:17.274] [main/DEBUG] [net.minecraftforge.fml.loading.moddiscovery.ModFile/LOADING]: Loading mod file  with languages []
[20Jun2025 12:32:17.274] [main/DEBUG] [net.minecraftforge.fml.loading.moddiscovery.ModFile/LOADING]: Loading mod file  with languages []
[20Jun2025 12:32:17.274] [main/DEBUG] [net.minecraftforge.fml.loading.moddiscovery.ModFile/LOADING]: Loading mod file  with languages []
[20Jun2025 12:32:17.275] [main/DEBUG] [net.minecraftforge.fml.loading.moddiscovery.ModFile/LOADING]: Loading mod file  with languages []
[20Jun2025 12:32:17.275] [main/DEBUG] [net.minecraftforge.fml.loading.moddiscovery.ModFile/LOADING]: Loading mod file  with languages []
[20Jun2025 12:32:17.275] [main/DEBUG] [net.minecraftforge.fml.loading.moddiscovery.ModFile/LOADING]: Loading mod file  with languages []
[20Jun2025 12:32:17.275] [main/DEBUG] [net.minecraftforge.fml.loading.moddiscovery.ModFile/LOADING]: Loading mod file  with languages []
[20Jun2025 12:32:17.276] [main/DEBUG] [net.minecraftforge.fml.loading.moddiscovery.ModFile/LOADING]: Loading mod file  with languages []
[20Jun2025 12:32:17.276] [main/DEBUG] [net.minecraftforge.fml.loading.moddiscovery.ModFile/LOADING]: Loading mod file  with languages []
[20Jun2025 12:32:17.276] [main/DEBUG] [net.minecraftforge.fml.loading.moddiscovery.ModFile/LOADING]: Loading mod file  with languages []
[20Jun2025 12:32:17.277] [main/DEBUG] [net.minecraftforge.fml.loading.moddiscovery.ModFile/LOADING]: Loading mod file  with languages []
[20Jun2025 12:32:17.279] [main/DEBUG] [cpw.mods.modlauncher.TransformationServiceDecorator/MODLAUNCHER]: End scan trigger - transformation service fml
[20Jun2025 12:32:17.313] [main/DEBUG] [net.minecraftforge.fml.loading.LanguageLoadingProvider/CORE]: Found 4 language providers
[20Jun2025 12:32:17.315] [main/DEBUG] [net.minecraftforge.fml.loading.LanguageLoadingProvider/CORE]: Found language provider minecraft, version 1.0
[20Jun2025 12:32:17.317] [main/DEBUG] [net.minecraftforge.fml.loading.LanguageLoadingProvider/CORE]: Found language provider javafml, version 47
[20Jun2025 12:32:17.317] [main/DEBUG] [net.minecraftforge.fml.loading.LanguageLoadingProvider/CORE]: Found language provider kotlinforforge, version 4.10.0
[20Jun2025 12:32:17.318] [main/DEBUG] [net.minecraftforge.fml.loading.LanguageLoadingProvider/CORE]: Found language provider lowcodefml, version 47
[20Jun2025 12:32:17.327] [main/DEBUG] [net.minecraftforge.fml.loading.UniqueModListBuilder/]: Found 2 mods for first modid api.b19b27c4a4, selecting most recent based on version data
[20Jun2025 12:32:17.328] [main/DEBUG] [net.minecraftforge.fml.loading.UniqueModListBuilder/]: Selected file api-1.1.0+b19b27c4a4.jar for modid api.b19b27c4a4 with version 0.0NONE
[20Jun2025 12:32:17.328] [main/DEBUG] [net.minecraftforge.fml.loading.UniqueModListBuilder/]: Found 2 mods for first modid com.fasterxml.jackson.annotation, selecting most recent based on version data
[20Jun2025 12:32:17.328] [main/DEBUG] [net.minecraftforge.fml.loading.UniqueModListBuilder/]: Selected file jackson-annotations-2.14.0.jar for modid com.fasterxml.jackson.annotation with version 2.14.0
[20Jun2025 12:32:17.329] [main/DEBUG] [net.minecraftforge.fml.loading.UniqueModListBuilder/]: Found 2 mods for first modid com.fasterxml.jackson.core, selecting most recent based on version data
[20Jun2025 12:32:17.329] [main/DEBUG] [net.minecraftforge.fml.loading.UniqueModListBuilder/]: Selected file jackson-core-2.14.0.jar for modid com.fasterxml.jackson.core with version 2.14.0
[20Jun2025 12:32:17.329] [main/DEBUG] [net.minecraftforge.fml.loading.UniqueModListBuilder/]: Found 2 mods for first modid jsonschema.module.jackson, selecting most recent based on version data
[20Jun2025 12:32:17.330] [main/DEBUG] [net.minecraftforge.fml.loading.UniqueModListBuilder/]: Selected file jsonschema-module-jackson-4.25.0.jar for modid jsonschema.module.jackson with version 0.0NONE
[20Jun2025 12:32:17.330] [main/DEBUG] [net.minecraftforge.fml.loading.UniqueModListBuilder/]: Found 2 mods for first modid jackson.module.kotlin.rubyfork, selecting most recent based on version data
[20Jun2025 12:32:17.331] [main/DEBUG] [net.minecraftforge.fml.loading.UniqueModListBuilder/]: Selected file jackson-module-kotlin-2.14.0-rubyfork.jar for modid jackson.module.kotlin.rubyfork with version 2.14.0-rubyfork
[20Jun2025 12:32:17.331] [main/DEBUG] [net.minecraftforge.fml.loading.UniqueModListBuilder/]: Found 2 mods for first modid jackson.kotlin.dsl, selecting most recent based on version data
[20Jun2025 12:32:17.331] [main/DEBUG] [net.minecraftforge.fml.loading.UniqueModListBuilder/]: Selected file jackson-kotlin-dsl-1.2.0.jar for modid jackson.kotlin.dsl with version 0.0NONE
[20Jun2025 12:32:17.332] [main/DEBUG] [net.minecraftforge.fml.loading.UniqueModListBuilder/]: Found 2 mods for first modid org.joml.primitives, selecting most recent based on version data
[20Jun2025 12:32:17.332] [main/DEBUG] [net.minecraftforge.fml.loading.UniqueModListBuilder/]: Selected file joml-primitives-1.10.0.jar for modid org.joml.primitives with version 1.10.0
[20Jun2025 12:32:17.333] [main/DEBUG] [net.minecraftforge.fml.loading.UniqueModListBuilder/]: Found 2 mods for first modid com.fasterxml.jackson.databind, selecting most recent based on version data
[20Jun2025 12:32:17.333] [main/DEBUG] [net.minecraftforge.fml.loading.UniqueModListBuilder/]: Selected file jackson-databind-2.14.0.jar for modid com.fasterxml.jackson.databind with version 2.14.0
[20Jun2025 12:32:17.334] [main/DEBUG] [net.minecraftforge.fml.loading.UniqueModListBuilder/]: Found 2 mods for first modid jsonschema.generator, selecting most recent based on version data
[20Jun2025 12:32:17.334] [main/DEBUG] [net.minecraftforge.fml.loading.UniqueModListBuilder/]: Selected file jsonschema-generator-4.25.0.jar for modid jsonschema.generator with version 0.0NONE
[20Jun2025 12:32:17.335] [main/DEBUG] [net.minecraftforge.fml.loading.UniqueModListBuilder/]: Found 2 mods for first modid dagger, selecting most recent based on version data
[20Jun2025 12:32:17.335] [main/DEBUG] [net.minecraftforge.fml.loading.UniqueModListBuilder/]: Selected file dagger-2.43.2.jar for modid dagger with version 0.0NONE
[20Jun2025 12:32:17.335] [main/DEBUG] [net.minecraftforge.fml.loading.UniqueModListBuilder/]: Found 2 mods for first modid mixinextras, selecting most recent based on version data
[20Jun2025 12:32:17.336] [main/DEBUG] [net.minecraftforge.fml.loading.UniqueModListBuilder/]: Selected file mixinextras-forge-0.3.5.jar for modid mixinextras with version 0.3.5
[20Jun2025 12:32:17.336] [main/DEBUG] [net.minecraftforge.fml.loading.UniqueModListBuilder/]: Found 2 mods for first modid org.apache.commons.collections4, selecting most recent based on version data
[20Jun2025 12:32:17.336] [main/DEBUG] [net.minecraftforge.fml.loading.UniqueModListBuilder/]: Selected file commons-collections4-4.3.jar for modid org.apache.commons.collections4 with version 4.3
[20Jun2025 12:32:17.336] [main/DEBUG] [net.minecraftforge.fml.loading.UniqueModListBuilder/]: Found 2 mods for first modid com.fasterxml.classmate, selecting most recent based on version data
[20Jun2025 12:32:17.337] [main/DEBUG] [net.minecraftforge.fml.loading.UniqueModListBuilder/]: Selected file classmate-1.5.1.jar for modid com.fasterxml.classmate with version 1.5.1
[20Jun2025 12:32:17.337] [main/DEBUG] [net.minecraftforge.fml.loading.UniqueModListBuilder/]: Found 2 mods for first modid json.schema.validator, selecting most recent based on version data
[20Jun2025 12:32:17.338] [main/DEBUG] [net.minecraftforge.fml.loading.UniqueModListBuilder/]: Selected file json-schema-validator-1.0.71.jar for modid json.schema.validator with version 0.0NONE
[20Jun2025 12:32:17.338] [main/DEBUG] [net.minecraftforge.fml.loading.UniqueModListBuilder/]: Found 2 mods for first modid com.fasterxml.jackson.module.paramnames, selecting most recent based on version data
[20Jun2025 12:32:17.339] [main/DEBUG] [net.minecraftforge.fml.loading.UniqueModListBuilder/]: Selected file jackson-module-parameter-names-2.14.0.jar for modid com.fasterxml.jackson.module.paramnames with version 2.14.0
[20Jun2025 12:32:17.339] [main/DEBUG] [net.minecraftforge.fml.loading.UniqueModListBuilder/]: Found 2 mods for first modid itu, selecting most recent based on version data
[20Jun2025 12:32:17.340] [main/DEBUG] [net.minecraftforge.fml.loading.UniqueModListBuilder/]: Selected file itu-1.7.0.jar for modid itu with version 0.0NONE
[20Jun2025 12:32:17.340] [main/DEBUG] [net.minecraftforge.fml.loading.UniqueModListBuilder/]: Found 2 mods for first modid com.fasterxml.jackson.dataformat.cbor, selecting most recent based on version data
[20Jun2025 12:32:17.340] [main/DEBUG] [net.minecraftforge.fml.loading.UniqueModListBuilder/]: Selected file jackson-dataformat-cbor-2.14.0.jar for modid com.fasterxml.jackson.dataformat.cbor with version 2.14.0
[20Jun2025 12:32:17.340] [main/DEBUG] [net.minecraftforge.fml.loading.UniqueModListBuilder/]: Found 2 mods for first modid MixinExtras, selecting most recent based on version data
[20Jun2025 12:32:17.341] [main/DEBUG] [net.minecraftforge.fml.loading.UniqueModListBuilder/]: Selected file MixinExtras-0.3.5.jar for modid MixinExtras with version 0.0NONE
[20Jun2025 12:32:17.341] [main/DEBUG] [net.minecraftforge.fml.loading.UniqueModListBuilder/]: Found 2 mods for first modid thedarkcolour.kotlinforforge.lib, selecting most recent based on version data
[20Jun2025 12:32:17.342] [main/DEBUG] [net.minecraftforge.fml.loading.UniqueModListBuilder/]: Selected file kfflib-4.10.0.jar for modid thedarkcolour.kotlinforforge.lib with version 4.10.0
[20Jun2025 12:32:17.342] [main/DEBUG] [net.minecraftforge.fml.loading.UniqueModListBuilder/]: Found 2 mods for first modid zjsonpatch, selecting most recent based on version data
[20Jun2025 12:32:17.342] [main/DEBUG] [net.minecraftforge.fml.loading.UniqueModListBuilder/]: Selected file zjsonpatch-0.4.11.jar for modid zjsonpatch with version 0.0NONE
[20Jun2025 12:32:17.342] [main/DEBUG] [net.minecraftforge.fml.loading.UniqueModListBuilder/]: Found 2 mods for first modid commons.math3, selecting most recent based on version data
[20Jun2025 12:32:17.343] [main/DEBUG] [net.minecraftforge.fml.loading.UniqueModListBuilder/]: Selected file commons-math3-3.6.1.jar for modid commons.math3 with version 3.6.1
[20Jun2025 12:32:17.343] [main/DEBUG] [net.minecraftforge.fml.loading.UniqueModListBuilder/]: Found 2 mods for first modid util.b19b27c4a4, selecting most recent based on version data
[20Jun2025 12:32:17.343] [main/DEBUG] [net.minecraftforge.fml.loading.UniqueModListBuilder/]: Selected file util-1.1.0+b19b27c4a4.jar for modid util.b19b27c4a4 with version 0.0NONE
[20Jun2025 12:32:17.343] [main/DEBUG] [net.minecraftforge.fml.loading.UniqueModListBuilder/]: Found 2 mods for first modid javax.inject, selecting most recent based on version data
[20Jun2025 12:32:17.344] [main/DEBUG] [net.minecraftforge.fml.loading.UniqueModListBuilder/]: Selected file javax.inject-1.jar for modid javax.inject with version 0.0NONE
[20Jun2025 12:32:17.350] [main/DEBUG] [net.minecraftforge.fml.loading.ModSorter/]: Configured system mods: [minecraft, forge]
[20Jun2025 12:32:17.350] [main/DEBUG] [net.minecraftforge.fml.loading.ModSorter/]: Found system mod: minecraft
[20Jun2025 12:32:17.350] [main/DEBUG] [net.minecraftforge.fml.loading.ModSorter/]: Found system mod: forge
[20Jun2025 12:32:17.359] [main/DEBUG] [net.minecraftforge.fml.loading.ModSorter/LOADING]: Found 8 mod requirements (6 mandatory, 2 optional)
[20Jun2025 12:32:17.361] [main/DEBUG] [net.minecraftforge.fml.loading.ModSorter/LOADING]: Found 0 mod requirements missing (0 mandatory, 0 optional)
[20Jun2025 12:32:18.648] [main/DEBUG] [net.minecraftforge.fml.loading.MCPNamingService/CORE]: Loaded 33222 method mappings from methods.csv
[20Jun2025 12:32:18.741] [main/DEBUG] [net.minecraftforge.fml.loading.MCPNamingService/CORE]: Loaded 31003 field mappings from fields.csv
[20Jun2025 12:32:18.945] [main/DEBUG] [cpw.mods.modlauncher.TransformationServicesHandler/MODLAUNCHER]: Transformation services loading transformers
[20Jun2025 12:32:18.949] [main/DEBUG] [cpw.mods.modlauncher.TransformationServiceDecorator/MODLAUNCHER]: Initializing transformers for transformation service mixin
[20Jun2025 12:32:18.953] [main/DEBUG] [cpw.mods.modlauncher.TransformationServiceDecorator/MODLAUNCHER]: Initialized transformers for transformation service mixin
[20Jun2025 12:32:18.953] [main/DEBUG] [cpw.mods.modlauncher.TransformationServiceDecorator/MODLAUNCHER]: Initializing transformers for transformation service fml
[20Jun2025 12:32:18.953] [main/DEBUG] [net.minecraftforge.fml.loading.FMLServiceProvider/CORE]: Loading coremod transformers
[20Jun2025 12:32:18.954] [main/DEBUG] [net.minecraftforge.coremod.CoreModEngine/COREMOD]: Loading CoreMod from coremods/field_to_method.js
[20Jun2025 12:32:19.766] [main/DEBUG] [net.minecraftforge.coremod.CoreModEngine/COREMOD]: CoreMod loaded successfully
[20Jun2025 12:32:19.767] [main/DEBUG] [net.minecraftforge.coremod.CoreModEngine/COREMOD]: Loading CoreMod from coremods/field_to_instanceof.js
[20Jun2025 12:32:20.107] [main/DEBUG] [net.minecraftforge.coremod.CoreModEngine/COREMOD]: CoreMod loaded successfully
[20Jun2025 12:32:20.108] [main/DEBUG] [net.minecraftforge.coremod.CoreModEngine/COREMOD]: Loading CoreMod from coremods/add_bouncer_method.js
[20Jun2025 12:32:20.253] [main/DEBUG] [net.minecraftforge.coremod.CoreModEngine/COREMOD]: CoreMod loaded successfully
[20Jun2025 12:32:20.253] [main/DEBUG] [net.minecraftforge.coremod.CoreModEngine/COREMOD]: Loading CoreMod from coremods/method_redirector.js
[20Jun2025 12:32:20.482] [main/DEBUG] [net.minecraftforge.coremod.CoreModEngine/COREMOD]: CoreMod loaded successfully
[20Jun2025 12:32:20.550] [main/DEBUG] [cpw.mods.modlauncher.TransformStore/MODLAUNCHER]: Adding transformer net.minecraftforge.coremod.transformer.CoreModClassTransformer@da28d03 to Target : CLASS {Lnet/minecraft/world/level/biome/Biome;} {} {V}
[20Jun2025 12:32:20.559] [main/DEBUG] [cpw.mods.modlauncher.TransformStore/MODLAUNCHER]: Adding transformer net.minecraftforge.coremod.transformer.CoreModClassTransformer@5ba03c82 to Target : CLASS {Lnet/minecraft/world/level/levelgen/structure/Structure;} {} {V}
[20Jun2025 12:32:20.560] [main/DEBUG] [cpw.mods.modlauncher.TransformStore/MODLAUNCHER]: Adding transformer net.minecraftforge.coremod.transformer.CoreModClassTransformer@60df7989 to Target : CLASS {Lnet/minecraft/world/effect/MobEffectInstance;} {} {V}
[20Jun2025 12:32:20.560] [main/DEBUG] [cpw.mods.modlauncher.TransformStore/MODLAUNCHER]: Adding transformer net.minecraftforge.coremod.transformer.CoreModClassTransformer@7ab1127c to Target : CLASS {Lnet/minecraft/world/level/block/LiquidBlock;} {} {V}
[20Jun2025 12:32:20.561] [main/DEBUG] [cpw.mods.modlauncher.TransformStore/MODLAUNCHER]: Adding transformer net.minecraftforge.coremod.transformer.CoreModClassTransformer@6e60f18 to Target : CLASS {Lnet/minecraft/world/item/BucketItem;} {} {V}
[20Jun2025 12:32:20.561] [main/DEBUG] [cpw.mods.modlauncher.TransformStore/MODLAUNCHER]: Adding transformer net.minecraftforge.coremod.transformer.CoreModClassTransformer@5cf8676a to Target : CLASS {Lnet/minecraft/world/level/block/StairBlock;} {} {V}
[20Jun2025 12:32:20.562] [main/DEBUG] [cpw.mods.modlauncher.TransformStore/MODLAUNCHER]: Adding transformer net.minecraftforge.coremod.transformer.CoreModClassTransformer@47f04e4d to Target : CLASS {Lnet/minecraft/world/level/block/FlowerPotBlock;} {} {V}
[20Jun2025 12:32:20.562] [main/DEBUG] [cpw.mods.modlauncher.TransformStore/MODLAUNCHER]: Adding transformer net.minecraftforge.coremod.transformer.CoreModClassTransformer@3520963d to Target : CLASS {Lnet/minecraft/world/item/ItemStack;} {} {V}
[20Jun2025 12:32:20.562] [main/DEBUG] [cpw.mods.modlauncher.TransformStore/MODLAUNCHER]: Adding transformer net.minecraftforge.coremod.transformer.CoreModClassTransformer@388d14e to Target : CLASS {Lnet/minecraft/network/play/client/CClientSettingsPacket;} {} {V}
[20Jun2025 12:32:20.562] [main/DEBUG] [cpw.mods.modlauncher.TransformStore/MODLAUNCHER]: Adding transformer net.minecraftforge.coremod.transformer.CoreModClassTransformer@1cd43562 to Target : CLASS {Lnet/minecraft/world/entity/monster/Strider;} {} {V}
[20Jun2025 12:32:20.563] [main/DEBUG] [cpw.mods.modlauncher.TransformStore/MODLAUNCHER]: Adding transformer net.minecraftforge.coremod.transformer.CoreModClassTransformer@1cd43562 to Target : CLASS {Lnet/minecraft/world/entity/ai/village/VillageSiege;} {} {V}
[20Jun2025 12:32:20.563] [main/DEBUG] [cpw.mods.modlauncher.TransformStore/MODLAUNCHER]: Adding transformer net.minecraftforge.coremod.transformer.CoreModClassTransformer@1cd43562 to Target : CLASS {Lnet/minecraft/world/entity/monster/ZombieVillager;} {} {V}
[20Jun2025 12:32:20.564] [main/DEBUG] [cpw.mods.modlauncher.TransformStore/MODLAUNCHER]: Adding transformer net.minecraftforge.coremod.transformer.CoreModClassTransformer@1cd43562 to Target : CLASS {Lnet/minecraft/world/level/levelgen/structure/templatesystem/StructureTemplate;} {} {V}
[20Jun2025 12:32:20.564] [main/DEBUG] [cpw.mods.modlauncher.TransformStore/MODLAUNCHER]: Adding transformer net.minecraftforge.coremod.transformer.CoreModClassTransformer@1cd43562 to Target : CLASS {Lnet/minecraft/world/entity/animal/horse/SkeletonTrapGoal;} {} {V}
[20Jun2025 12:32:20.565] [main/DEBUG] [cpw.mods.modlauncher.TransformStore/MODLAUNCHER]: Adding transformer net.minecraftforge.coremod.transformer.CoreModClassTransformer@1cd43562 to Target : CLASS {Lnet/minecraft/world/level/levelgen/PhantomSpawner;} {} {V}
[20Jun2025 12:32:20.565] [main/DEBUG] [cpw.mods.modlauncher.TransformStore/MODLAUNCHER]: Adding transformer net.minecraftforge.coremod.transformer.CoreModClassTransformer@1cd43562 to Target : CLASS {Lnet/minecraft/world/level/levelgen/structure/structures/OceanRuinPieces$OceanRuinPiece;} {} {V}
[20Jun2025 12:32:20.565] [main/DEBUG] [cpw.mods.modlauncher.TransformStore/MODLAUNCHER]: Adding transformer net.minecraftforge.coremod.transformer.CoreModClassTransformer@1cd43562 to Target : CLASS {Lnet/minecraft/world/entity/monster/Evoker$EvokerSummonSpellGoal;} {} {V}
[20Jun2025 12:32:20.565] [main/DEBUG] [cpw.mods.modlauncher.TransformStore/MODLAUNCHER]: Adding transformer net.minecraftforge.coremod.transformer.CoreModClassTransformer@1cd43562 to Target : CLASS {Lnet/minecraft/world/level/NaturalSpawner;} {} {V}
[20Jun2025 12:32:20.566] [main/DEBUG] [cpw.mods.modlauncher.TransformStore/MODLAUNCHER]: Adding transformer net.minecraftforge.coremod.transformer.CoreModClassTransformer@1cd43562 to Target : CLASS {Lnet/minecraft/world/entity/monster/Zombie;} {} {V}
[20Jun2025 12:32:20.566] [main/DEBUG] [cpw.mods.modlauncher.TransformStore/MODLAUNCHER]: Adding transformer net.minecraftforge.coremod.transformer.CoreModClassTransformer@1cd43562 to Target : CLASS {Lnet/minecraft/server/commands/RaidCommand;} {} {V}
[20Jun2025 12:32:20.566] [main/DEBUG] [cpw.mods.modlauncher.TransformStore/MODLAUNCHER]: Adding transformer net.minecraftforge.coremod.transformer.CoreModClassTransformer@1cd43562 to Target : CLASS {Lnet/minecraft/server/commands/SummonCommand;} {} {V}
[20Jun2025 12:32:20.566] [main/DEBUG] [cpw.mods.modlauncher.TransformStore/MODLAUNCHER]: Adding transformer net.minecraftforge.coremod.transformer.CoreModClassTransformer@1cd43562 to Target : CLASS {Lnet/minecraft/world/entity/animal/frog/Tadpole;} {} {V}
[20Jun2025 12:32:20.567] [main/DEBUG] [cpw.mods.modlauncher.TransformStore/MODLAUNCHER]: Adding transformer net.minecraftforge.coremod.transformer.CoreModClassTransformer@1cd43562 to Target : CLASS {Lnet/minecraft/world/level/levelgen/structure/structures/OceanMonumentPieces$OceanMonumentPiece;} {} {V}
[20Jun2025 12:32:20.567] [main/DEBUG] [cpw.mods.modlauncher.TransformStore/MODLAUNCHER]: Adding transformer net.minecraftforge.coremod.transformer.CoreModClassTransformer@1cd43562 to Target : CLASS {Lnet/minecraft/world/entity/npc/CatSpawner;} {} {V}
[20Jun2025 12:32:20.567] [main/DEBUG] [cpw.mods.modlauncher.TransformStore/MODLAUNCHER]: Adding transformer net.minecraftforge.coremod.transformer.CoreModClassTransformer@1cd43562 to Target : CLASS {Lnet/minecraft/world/level/levelgen/structure/structures/SwampHutPiece;} {} {V}
[20Jun2025 12:32:20.568] [main/DEBUG] [cpw.mods.modlauncher.TransformStore/MODLAUNCHER]: Adding transformer net.minecraftforge.coremod.transformer.CoreModClassTransformer@1cd43562 to Target : CLASS {Lnet/minecraft/world/entity/EntityType;} {} {V}
[20Jun2025 12:32:20.568] [main/DEBUG] [cpw.mods.modlauncher.TransformStore/MODLAUNCHER]: Adding transformer net.minecraftforge.coremod.transformer.CoreModClassTransformer@1cd43562 to Target : CLASS {Lnet/minecraft/world/level/levelgen/PatrolSpawner;} {} {V}
[20Jun2025 12:32:20.569] [main/DEBUG] [cpw.mods.modlauncher.TransformStore/MODLAUNCHER]: Adding transformer net.minecraftforge.coremod.transformer.CoreModClassTransformer@1cd43562 to Target : CLASS {Lnet/minecraft/world/entity/monster/Spider;} {} {V}
[20Jun2025 12:32:20.569] [main/DEBUG] [cpw.mods.modlauncher.TransformStore/MODLAUNCHER]: Adding transformer net.minecraftforge.coremod.transformer.CoreModClassTransformer@1cd43562 to Target : CLASS {Lnet/minecraft/world/entity/npc/Villager;} {} {V}
[20Jun2025 12:32:20.569] [main/DEBUG] [cpw.mods.modlauncher.TransformStore/MODLAUNCHER]: Adding transformer net.minecraftforge.coremod.transformer.CoreModClassTransformer@1cd43562 to Target : CLASS {Lnet/minecraft/world/level/levelgen/structure/structures/WoodlandMansionPieces$WoodlandMansionPiece;} {} {V}
[20Jun2025 12:32:20.570] [main/DEBUG] [cpw.mods.modlauncher.TransformStore/MODLAUNCHER]: Adding transformer net.minecraftforge.coremod.transformer.CoreModClassTransformer@1cd43562 to Target : CLASS {Lnet/minecraft/world/entity/raid/Raid;} {} {V}
[20Jun2025 12:32:20.570] [main/DEBUG] [cpw.mods.modlauncher.TransformationServiceDecorator/MODLAUNCHER]: Initialized transformers for transformation service fml
[20Jun2025 12:32:22.026] [main/DEBUG] [mixin/]: Processing prepare() for PlatformAgent[MixinPlatformAgentDefault:ModLauncher Root Container(ModLauncher:4f56a0a2)]
[20Jun2025 12:32:22.027] [main/DEBUG] [mixin/]: Registering mixin config: createkinetic.mixins.json
[20Jun2025 12:32:22.148] [main/DEBUG] [mixin/]: Compatibility level JAVA_8 specified by createkinetic.mixins.json is lower than the default level supported by the current mixin service (JAVA_16).
[20Jun2025 12:32:22.159] [main/DEBUG] [mixin/]: Processing launch tasks for PlatformAgent[MixinPlatformAgentDefault:ModLauncher Root Container(ModLauncher:4f56a0a2)]
[20Jun2025 12:32:22.159] [main/DEBUG] [mixin/]: Adding mixin platform agents for container SecureJarResource(minecraft)
[20Jun2025 12:32:22.160] [main/DEBUG] [mixin/]: Instancing new MixinPlatformAgentMinecraftForge for SecureJarResource(minecraft)
[20Jun2025 12:32:22.160] [main/DEBUG] [mixin/]: MixinPlatformAgentMinecraftForge rejected container SecureJarResource(minecraft)
[20Jun2025 12:32:22.160] [main/DEBUG] [mixin/]: Instancing new MixinPlatformAgentDefault for SecureJarResource(minecraft)
[20Jun2025 12:32:22.161] [main/DEBUG] [mixin/]: MixinPlatformAgentDefault accepted container SecureJarResource(minecraft)
[20Jun2025 12:32:22.161] [main/DEBUG] [mixin/]: Processing prepare() for PlatformAgent[MixinPlatformAgentDefault:SecureJarResource(minecraft)]
[20Jun2025 12:32:22.161] [main/DEBUG] [mixin/]: Adding mixin platform agents for container SecureJarResource(createkinetic)
[20Jun2025 12:32:22.161] [main/DEBUG] [mixin/]: Instancing new MixinPlatformAgentMinecraftForge for SecureJarResource(createkinetic)
[20Jun2025 12:32:22.162] [main/DEBUG] [mixin/]: MixinPlatformAgentMinecraftForge rejected container SecureJarResource(createkinetic)
[20Jun2025 12:32:22.162] [main/DEBUG] [mixin/]: Instancing new MixinPlatformAgentDefault for SecureJarResource(createkinetic)
[20Jun2025 12:32:22.162] [main/DEBUG] [mixin/]: MixinPlatformAgentDefault accepted container SecureJarResource(createkinetic)
[20Jun2025 12:32:22.162] [main/DEBUG] [mixin/]: Processing prepare() for PlatformAgent[MixinPlatformAgentDefault:SecureJarResource(createkinetic)]
[20Jun2025 12:32:22.163] [main/DEBUG] [mixin/]: Adding mixin platform agents for container SecureJarResource(kotlinforforge)
[20Jun2025 12:32:22.163] [main/DEBUG] [mixin/]: Instancing new MixinPlatformAgentMinecraftForge for SecureJarResource(kotlinforforge)
[20Jun2025 12:32:22.163] [main/DEBUG] [mixin/]: MixinPlatformAgentMinecraftForge rejected container SecureJarResource(kotlinforforge)
[20Jun2025 12:32:22.163] [main/DEBUG] [mixin/]: Instancing new MixinPlatformAgentDefault for SecureJarResource(kotlinforforge)
[20Jun2025 12:32:22.163] [main/DEBUG] [mixin/]: MixinPlatformAgentDefault accepted container SecureJarResource(kotlinforforge)
[20Jun2025 12:32:22.164] [main/DEBUG] [mixin/]: Processing prepare() for PlatformAgent[MixinPlatformAgentDefault:SecureJarResource(kotlinforforge)]
[20Jun2025 12:32:22.164] [main/DEBUG] [mixin/]: Adding mixin platform agents for container SecureJarResource(mixinextras)
[20Jun2025 12:32:22.164] [main/DEBUG] [mixin/]: Instancing new MixinPlatformAgentMinecraftForge for SecureJarResource(mixinextras)
[20Jun2025 12:32:22.164] [main/DEBUG] [mixin/]: MixinPlatformAgentMinecraftForge rejected container SecureJarResource(mixinextras)
[20Jun2025 12:32:22.165] [main/DEBUG] [mixin/]: Instancing new MixinPlatformAgentDefault for SecureJarResource(mixinextras)
[20Jun2025 12:32:22.165] [main/DEBUG] [mixin/]: MixinPlatformAgentDefault accepted container SecureJarResource(mixinextras)
[20Jun2025 12:32:22.165] [main/DEBUG] [mixin/]: Processing prepare() for PlatformAgent[MixinPlatformAgentDefault:SecureJarResource(mixinextras)]
[20Jun2025 12:32:22.165] [main/DEBUG] [mixin/]: Registering mixin config: mixinextras.init.mixins.json
[20Jun2025 12:32:22.169] [main/DEBUG] [mixin/]: Adding mixin platform agents for container SecureJarResource(valkyrienskies)
[20Jun2025 12:32:22.170] [main/DEBUG] [mixin/]: Instancing new MixinPlatformAgentMinecraftForge for SecureJarResource(valkyrienskies)
[20Jun2025 12:32:22.170] [main/DEBUG] [mixin/]: MixinPlatformAgentMinecraftForge rejected container SecureJarResource(valkyrienskies)
[20Jun2025 12:32:22.171] [main/DEBUG] [mixin/]: Instancing new MixinPlatformAgentDefault for SecureJarResource(valkyrienskies)
[20Jun2025 12:32:22.171] [main/DEBUG] [mixin/]: MixinPlatformAgentDefault accepted container SecureJarResource(valkyrienskies)
[20Jun2025 12:32:22.171] [main/DEBUG] [mixin/]: Processing prepare() for PlatformAgent[MixinPlatformAgentDefault:SecureJarResource(valkyrienskies)]
[20Jun2025 12:32:22.172] [main/DEBUG] [mixin/]: Registering mixin config: valkyrienskies-common.mixins.json
[20Jun2025 12:32:22.176] [main/DEBUG] [mixin/]: Compatibility level JAVA_17 specified by valkyrienskies-common.mixins.json is higher than the maximum level supported by this version of mixin (JAVA_13).
[20Jun2025 12:32:22.190] [main/INFO] [mixin/]: Compatibility level set to JAVA_17
[20Jun2025 12:32:22.190] [main/DEBUG] [mixin/]: Registering mixin config: valkyrienskies-forge.mixins.json
[20Jun2025 12:32:22.198] [main/DEBUG] [mixin/]: Adding mixin platform agents for container SecureJarResource(cloth_config)
[20Jun2025 12:32:22.198] [main/DEBUG] [mixin/]: Instancing new MixinPlatformAgentMinecraftForge for SecureJarResource(cloth_config)
[20Jun2025 12:32:22.199] [main/DEBUG] [mixin/]: MixinPlatformAgentMinecraftForge rejected container SecureJarResource(cloth_config)
[20Jun2025 12:32:22.200] [main/DEBUG] [mixin/]: Instancing new MixinPlatformAgentDefault for SecureJarResource(cloth_config)
[20Jun2025 12:32:22.200] [main/DEBUG] [mixin/]: MixinPlatformAgentDefault accepted container SecureJarResource(cloth_config)
[20Jun2025 12:32:22.200] [main/DEBUG] [mixin/]: Processing prepare() for PlatformAgent[MixinPlatformAgentDefault:SecureJarResource(cloth_config)]
[20Jun2025 12:32:22.200] [main/DEBUG] [mixin/]: Adding mixin platform agents for container SecureJarResource(forge)
[20Jun2025 12:32:22.201] [main/DEBUG] [mixin/]: Instancing new MixinPlatformAgentMinecraftForge for SecureJarResource(forge)
[20Jun2025 12:32:22.201] [main/DEBUG] [mixin/]: MixinPlatformAgentMinecraftForge rejected container SecureJarResource(forge)
[20Jun2025 12:32:22.201] [main/DEBUG] [mixin/]: Instancing new MixinPlatformAgentDefault for SecureJarResource(forge)
[20Jun2025 12:32:22.201] [main/DEBUG] [mixin/]: MixinPlatformAgentDefault accepted container SecureJarResource(forge)
[20Jun2025 12:32:22.202] [main/DEBUG] [mixin/]: Processing prepare() for PlatformAgent[MixinPlatformAgentDefault:SecureJarResource(forge)]
[20Jun2025 12:32:22.202] [main/DEBUG] [mixin/]: Adding mixin platform agents for container SecureJarResource(embeddium)
[20Jun2025 12:32:22.203] [main/DEBUG] [mixin/]: Instancing new MixinPlatformAgentMinecraftForge for SecureJarResource(embeddium)
[20Jun2025 12:32:22.203] [main/DEBUG] [mixin/]: MixinPlatformAgentMinecraftForge rejected container SecureJarResource(embeddium)
[20Jun2025 12:32:22.203] [main/DEBUG] [mixin/]: Instancing new MixinPlatformAgentDefault for SecureJarResource(embeddium)
[20Jun2025 12:32:22.204] [main/DEBUG] [mixin/]: MixinPlatformAgentDefault accepted container SecureJarResource(embeddium)
[20Jun2025 12:32:22.204] [main/DEBUG] [mixin/]: Processing prepare() for PlatformAgent[MixinPlatformAgentDefault:SecureJarResource(embeddium)]
[20Jun2025 12:32:22.204] [main/DEBUG] [mixin/]: Registering mixin config: embeddium.mixins.json
[20Jun2025 12:32:22.208] [main/DEBUG] [mixin/]: Adding mixin platform agents for container SecureJarResource(api.b19b27c4a4)
[20Jun2025 12:32:22.209] [main/DEBUG] [mixin/]: Instancing new MixinPlatformAgentMinecraftForge for SecureJarResource(api.b19b27c4a4)
[20Jun2025 12:32:22.209] [main/DEBUG] [mixin/]: MixinPlatformAgentMinecraftForge rejected container SecureJarResource(api.b19b27c4a4)
[20Jun2025 12:32:22.209] [main/DEBUG] [mixin/]: Instancing new MixinPlatformAgentDefault for SecureJarResource(api.b19b27c4a4)
[20Jun2025 12:32:22.209] [main/DEBUG] [mixin/]: MixinPlatformAgentDefault accepted container SecureJarResource(api.b19b27c4a4)
[20Jun2025 12:32:22.210] [main/DEBUG] [mixin/]: Processing prepare() for PlatformAgent[MixinPlatformAgentDefault:SecureJarResource(api.b19b27c4a4)]
[20Jun2025 12:32:22.210] [main/DEBUG] [mixin/]: Adding mixin platform agents for container SecureJarResource(com.fasterxml.jackson.annotation)
[20Jun2025 12:32:22.210] [main/DEBUG] [mixin/]: Instancing new MixinPlatformAgentMinecraftForge for SecureJarResource(com.fasterxml.jackson.annotation)
[20Jun2025 12:32:22.210] [main/DEBUG] [mixin/]: MixinPlatformAgentMinecraftForge rejected container SecureJarResource(com.fasterxml.jackson.annotation)
[20Jun2025 12:32:22.210] [main/DEBUG] [mixin/]: Instancing new MixinPlatformAgentDefault for SecureJarResource(com.fasterxml.jackson.annotation)
[20Jun2025 12:32:22.211] [main/DEBUG] [mixin/]: MixinPlatformAgentDefault accepted container SecureJarResource(com.fasterxml.jackson.annotation)
[20Jun2025 12:32:22.211] [main/DEBUG] [mixin/]: Processing prepare() for PlatformAgent[MixinPlatformAgentDefault:SecureJarResource(com.fasterxml.jackson.annotation)]
[20Jun2025 12:32:22.211] [main/DEBUG] [mixin/]: Adding mixin platform agents for container SecureJarResource(com.fasterxml.jackson.core)
[20Jun2025 12:32:22.211] [main/DEBUG] [mixin/]: Instancing new MixinPlatformAgentMinecraftForge for SecureJarResource(com.fasterxml.jackson.core)
[20Jun2025 12:32:22.211] [main/DEBUG] [mixin/]: MixinPlatformAgentMinecraftForge rejected container SecureJarResource(com.fasterxml.jackson.core)
[20Jun2025 12:32:22.211] [main/DEBUG] [mixin/]: Instancing new MixinPlatformAgentDefault for SecureJarResource(com.fasterxml.jackson.core)
[20Jun2025 12:32:22.211] [main/DEBUG] [mixin/]: MixinPlatformAgentDefault accepted container SecureJarResource(com.fasterxml.jackson.core)
[20Jun2025 12:32:22.212] [main/DEBUG] [mixin/]: Processing prepare() for PlatformAgent[MixinPlatformAgentDefault:SecureJarResource(com.fasterxml.jackson.core)]
[20Jun2025 12:32:22.212] [main/DEBUG] [mixin/]: Adding mixin platform agents for container SecureJarResource(jsonschema.module.jackson)
[20Jun2025 12:32:22.212] [main/DEBUG] [mixin/]: Instancing new MixinPlatformAgentMinecraftForge for SecureJarResource(jsonschema.module.jackson)
[20Jun2025 12:32:22.212] [main/DEBUG] [mixin/]: MixinPlatformAgentMinecraftForge rejected container SecureJarResource(jsonschema.module.jackson)
[20Jun2025 12:32:22.212] [main/DEBUG] [mixin/]: Instancing new MixinPlatformAgentDefault for SecureJarResource(jsonschema.module.jackson)
[20Jun2025 12:32:22.212] [main/DEBUG] [mixin/]: MixinPlatformAgentDefault accepted container SecureJarResource(jsonschema.module.jackson)
[20Jun2025 12:32:22.213] [main/DEBUG] [mixin/]: Processing prepare() for PlatformAgent[MixinPlatformAgentDefault:SecureJarResource(jsonschema.module.jackson)]
[20Jun2025 12:32:22.213] [main/DEBUG] [mixin/]: Adding mixin platform agents for container SecureJarResource(jackson.module.kotlin.rubyfork)
[20Jun2025 12:32:22.213] [main/DEBUG] [mixin/]: Instancing new MixinPlatformAgentMinecraftForge for SecureJarResource(jackson.module.kotlin.rubyfork)
[20Jun2025 12:32:22.214] [main/DEBUG] [mixin/]: MixinPlatformAgentMinecraftForge rejected container SecureJarResource(jackson.module.kotlin.rubyfork)
[20Jun2025 12:32:22.214] [main/DEBUG] [mixin/]: Instancing new MixinPlatformAgentDefault for SecureJarResource(jackson.module.kotlin.rubyfork)
[20Jun2025 12:32:22.214] [main/DEBUG] [mixin/]: MixinPlatformAgentDefault accepted container SecureJarResource(jackson.module.kotlin.rubyfork)
[20Jun2025 12:32:22.214] [main/DEBUG] [mixin/]: Processing prepare() for PlatformAgent[MixinPlatformAgentDefault:SecureJarResource(jackson.module.kotlin.rubyfork)]
[20Jun2025 12:32:22.214] [main/DEBUG] [mixin/]: Adding mixin platform agents for container SecureJarResource(jackson.kotlin.dsl)
[20Jun2025 12:32:22.215] [main/DEBUG] [mixin/]: Instancing new MixinPlatformAgentMinecraftForge for SecureJarResource(jackson.kotlin.dsl)
[20Jun2025 12:32:22.217] [main/DEBUG] [mixin/]: MixinPlatformAgentMinecraftForge rejected container SecureJarResource(jackson.kotlin.dsl)
[20Jun2025 12:32:22.217] [main/DEBUG] [mixin/]: Instancing new MixinPlatformAgentDefault for SecureJarResource(jackson.kotlin.dsl)
[20Jun2025 12:32:22.218] [main/DEBUG] [mixin/]: MixinPlatformAgentDefault accepted container SecureJarResource(jackson.kotlin.dsl)
[20Jun2025 12:32:22.218] [main/DEBUG] [mixin/]: Processing prepare() for PlatformAgent[MixinPlatformAgentDefault:SecureJarResource(jackson.kotlin.dsl)]
[20Jun2025 12:32:22.218] [main/DEBUG] [mixin/]: Adding mixin platform agents for container SecureJarResource(org.joml.primitives)
[20Jun2025 12:32:22.218] [main/DEBUG] [mixin/]: Instancing new MixinPlatformAgentMinecraftForge for SecureJarResource(org.joml.primitives)
[20Jun2025 12:32:22.218] [main/DEBUG] [mixin/]: MixinPlatformAgentMinecraftForge rejected container SecureJarResource(org.joml.primitives)
[20Jun2025 12:32:22.219] [main/DEBUG] [mixin/]: Instancing new MixinPlatformAgentDefault for SecureJarResource(org.joml.primitives)
[20Jun2025 12:32:22.220] [main/DEBUG] [mixin/]: MixinPlatformAgentDefault accepted container SecureJarResource(org.joml.primitives)
[20Jun2025 12:32:22.222] [main/DEBUG] [mixin/]: Processing prepare() for PlatformAgent[MixinPlatformAgentDefault:SecureJarResource(org.joml.primitives)]
[20Jun2025 12:32:22.222] [main/DEBUG] [mixin/]: Adding mixin platform agents for container SecureJarResource(com.fasterxml.jackson.databind)
[20Jun2025 12:32:22.222] [main/DEBUG] [mixin/]: Instancing new MixinPlatformAgentMinecraftForge for SecureJarResource(com.fasterxml.jackson.databind)
[20Jun2025 12:32:22.223] [main/DEBUG] [mixin/]: MixinPlatformAgentMinecraftForge rejected container SecureJarResource(com.fasterxml.jackson.databind)
[20Jun2025 12:32:22.223] [main/DEBUG] [mixin/]: Instancing new MixinPlatformAgentDefault for SecureJarResource(com.fasterxml.jackson.databind)
[20Jun2025 12:32:22.223] [main/DEBUG] [mixin/]: MixinPlatformAgentDefault accepted container SecureJarResource(com.fasterxml.jackson.databind)
[20Jun2025 12:32:22.223] [main/DEBUG] [mixin/]: Processing prepare() for PlatformAgent[MixinPlatformAgentDefault:SecureJarResource(com.fasterxml.jackson.databind)]
[20Jun2025 12:32:22.224] [main/DEBUG] [mixin/]: Adding mixin platform agents for container SecureJarResource(dagger)
[20Jun2025 12:32:22.224] [main/DEBUG] [mixin/]: Instancing new MixinPlatformAgentMinecraftForge for SecureJarResource(dagger)
[20Jun2025 12:32:22.224] [main/DEBUG] [mixin/]: MixinPlatformAgentMinecraftForge rejected container SecureJarResource(dagger)
[20Jun2025 12:32:22.224] [main/DEBUG] [mixin/]: Instancing new MixinPlatformAgentDefault for SecureJarResource(dagger)
[20Jun2025 12:32:22.224] [main/DEBUG] [mixin/]: MixinPlatformAgentDefault accepted container SecureJarResource(dagger)
[20Jun2025 12:32:22.224] [main/DEBUG] [mixin/]: Processing prepare() for PlatformAgent[MixinPlatformAgentDefault:SecureJarResource(dagger)]
[20Jun2025 12:32:22.224] [main/DEBUG] [mixin/]: Adding mixin platform agents for container SecureJarResource(jsonschema.generator)
[20Jun2025 12:32:22.225] [main/DEBUG] [mixin/]: Instancing new MixinPlatformAgentMinecraftForge for SecureJarResource(jsonschema.generator)
[20Jun2025 12:32:22.225] [main/DEBUG] [mixin/]: MixinPlatformAgentMinecraftForge rejected container SecureJarResource(jsonschema.generator)
[20Jun2025 12:32:22.225] [main/DEBUG] [mixin/]: Instancing new MixinPlatformAgentDefault for SecureJarResource(jsonschema.generator)
[20Jun2025 12:32:22.225] [main/DEBUG] [mixin/]: MixinPlatformAgentDefault accepted container SecureJarResource(jsonschema.generator)
[20Jun2025 12:32:22.225] [main/DEBUG] [mixin/]: Processing prepare() for PlatformAgent[MixinPlatformAgentDefault:SecureJarResource(jsonschema.generator)]
[20Jun2025 12:32:22.225] [main/DEBUG] [mixin/]: Adding mixin platform agents for container SecureJarResource(org.apache.commons.collections4)
[20Jun2025 12:32:22.225] [main/DEBUG] [mixin/]: Instancing new MixinPlatformAgentMinecraftForge for SecureJarResource(org.apache.commons.collections4)
[20Jun2025 12:32:22.226] [main/DEBUG] [mixin/]: MixinPlatformAgentMinecraftForge rejected container SecureJarResource(org.apache.commons.collections4)
[20Jun2025 12:32:22.226] [main/DEBUG] [mixin/]: Instancing new MixinPlatformAgentDefault for SecureJarResource(org.apache.commons.collections4)
[20Jun2025 12:32:22.226] [main/DEBUG] [mixin/]: MixinPlatformAgentDefault accepted container SecureJarResource(org.apache.commons.collections4)
[20Jun2025 12:32:22.226] [main/DEBUG] [mixin/]: Processing prepare() for PlatformAgent[MixinPlatformAgentDefault:SecureJarResource(org.apache.commons.collections4)]
[20Jun2025 12:32:22.226] [main/DEBUG] [mixin/]: Adding mixin platform agents for container SecureJarResource(com.fasterxml.classmate)
[20Jun2025 12:32:22.226] [main/DEBUG] [mixin/]: Instancing new MixinPlatformAgentMinecraftForge for SecureJarResource(com.fasterxml.classmate)
[20Jun2025 12:32:22.226] [main/DEBUG] [mixin/]: MixinPlatformAgentMinecraftForge rejected container SecureJarResource(com.fasterxml.classmate)
[20Jun2025 12:32:22.226] [main/DEBUG] [mixin/]: Instancing new MixinPlatformAgentDefault for SecureJarResource(com.fasterxml.classmate)
[20Jun2025 12:32:22.227] [main/DEBUG] [mixin/]: MixinPlatformAgentDefault accepted container SecureJarResource(com.fasterxml.classmate)
[20Jun2025 12:32:22.227] [main/DEBUG] [mixin/]: Processing prepare() for PlatformAgent[MixinPlatformAgentDefault:SecureJarResource(com.fasterxml.classmate)]
[20Jun2025 12:32:22.227] [main/DEBUG] [mixin/]: Adding mixin platform agents for container SecureJarResource(json.schema.validator)
[20Jun2025 12:32:22.227] [main/DEBUG] [mixin/]: Instancing new MixinPlatformAgentMinecraftForge for SecureJarResource(json.schema.validator)
[20Jun2025 12:32:22.227] [main/DEBUG] [mixin/]: MixinPlatformAgentMinecraftForge rejected container SecureJarResource(json.schema.validator)
[20Jun2025 12:32:22.227] [main/DEBUG] [mixin/]: Instancing new MixinPlatformAgentDefault for SecureJarResource(json.schema.validator)
[20Jun2025 12:32:22.227] [main/DEBUG] [mixin/]: MixinPlatformAgentDefault accepted container SecureJarResource(json.schema.validator)
[20Jun2025 12:32:22.228] [main/DEBUG] [mixin/]: Processing prepare() for PlatformAgent[MixinPlatformAgentDefault:SecureJarResource(json.schema.validator)]
[20Jun2025 12:32:22.228] [main/DEBUG] [mixin/]: Adding mixin platform agents for container SecureJarResource(com.fasterxml.jackson.module.paramnames)
[20Jun2025 12:32:22.228] [main/DEBUG] [mixin/]: Instancing new MixinPlatformAgentMinecraftForge for SecureJarResource(com.fasterxml.jackson.module.paramnames)
[20Jun2025 12:32:22.228] [main/DEBUG] [mixin/]: MixinPlatformAgentMinecraftForge rejected container SecureJarResource(com.fasterxml.jackson.module.paramnames)
[20Jun2025 12:32:22.228] [main/DEBUG] [mixin/]: Instancing new MixinPlatformAgentDefault for SecureJarResource(com.fasterxml.jackson.module.paramnames)
[20Jun2025 12:32:22.228] [main/DEBUG] [mixin/]: MixinPlatformAgentDefault accepted container SecureJarResource(com.fasterxml.jackson.module.paramnames)
[20Jun2025 12:32:22.228] [main/DEBUG] [mixin/]: Processing prepare() for PlatformAgent[MixinPlatformAgentDefault:SecureJarResource(com.fasterxml.jackson.module.paramnames)]
[20Jun2025 12:32:22.229] [main/DEBUG] [mixin/]: Adding mixin platform agents for container SecureJarResource(itu)
[20Jun2025 12:32:22.229] [main/DEBUG] [mixin/]: Instancing new MixinPlatformAgentMinecraftForge for SecureJarResource(itu)
[20Jun2025 12:32:22.229] [main/DEBUG] [mixin/]: MixinPlatformAgentMinecraftForge rejected container SecureJarResource(itu)
[20Jun2025 12:32:22.229] [main/DEBUG] [mixin/]: Instancing new MixinPlatformAgentDefault for SecureJarResource(itu)
[20Jun2025 12:32:22.229] [main/DEBUG] [mixin/]: MixinPlatformAgentDefault accepted container SecureJarResource(itu)
[20Jun2025 12:32:22.229] [main/DEBUG] [mixin/]: Processing prepare() for PlatformAgent[MixinPlatformAgentDefault:SecureJarResource(itu)]
[20Jun2025 12:32:22.229] [main/DEBUG] [mixin/]: Adding mixin platform agents for container SecureJarResource(com.fasterxml.jackson.dataformat.cbor)
[20Jun2025 12:32:22.229] [main/DEBUG] [mixin/]: Instancing new MixinPlatformAgentMinecraftForge for SecureJarResource(com.fasterxml.jackson.dataformat.cbor)
[20Jun2025 12:32:22.230] [main/DEBUG] [mixin/]: MixinPlatformAgentMinecraftForge rejected container SecureJarResource(com.fasterxml.jackson.dataformat.cbor)
[20Jun2025 12:32:22.230] [main/DEBUG] [mixin/]: Instancing new MixinPlatformAgentDefault for SecureJarResource(com.fasterxml.jackson.dataformat.cbor)
[20Jun2025 12:32:22.230] [main/DEBUG] [mixin/]: MixinPlatformAgentDefault accepted container SecureJarResource(com.fasterxml.jackson.dataformat.cbor)
[20Jun2025 12:32:22.230] [main/DEBUG] [mixin/]: Processing prepare() for PlatformAgent[MixinPlatformAgentDefault:SecureJarResource(com.fasterxml.jackson.dataformat.cbor)]
[20Jun2025 12:32:22.230] [main/DEBUG] [mixin/]: Adding mixin platform agents for container SecureJarResource(MixinExtras)
[20Jun2025 12:32:22.231] [main/DEBUG] [mixin/]: Instancing new MixinPlatformAgentMinecraftForge for SecureJarResource(MixinExtras)
[20Jun2025 12:32:22.231] [main/DEBUG] [mixin/]: MixinPlatformAgentMinecraftForge rejected container SecureJarResource(MixinExtras)
[20Jun2025 12:32:22.231] [main/DEBUG] [mixin/]: Instancing new MixinPlatformAgentDefault for SecureJarResource(MixinExtras)
[20Jun2025 12:32:22.231] [main/DEBUG] [mixin/]: MixinPlatformAgentDefault accepted container SecureJarResource(MixinExtras)
[20Jun2025 12:32:22.231] [main/DEBUG] [mixin/]: Processing prepare() for PlatformAgent[MixinPlatformAgentDefault:SecureJarResource(MixinExtras)]
[20Jun2025 12:32:22.231] [main/DEBUG] [mixin/]: Adding mixin platform agents for container SecureJarResource(thedarkcolour.kotlinforforge.lib)
[20Jun2025 12:32:22.231] [main/DEBUG] [mixin/]: Instancing new MixinPlatformAgentMinecraftForge for SecureJarResource(thedarkcolour.kotlinforforge.lib)
[20Jun2025 12:32:22.231] [main/DEBUG] [mixin/]: MixinPlatformAgentMinecraftForge rejected container SecureJarResource(thedarkcolour.kotlinforforge.lib)
[20Jun2025 12:32:22.231] [main/DEBUG] [mixin/]: Instancing new MixinPlatformAgentDefault for SecureJarResource(thedarkcolour.kotlinforforge.lib)
[20Jun2025 12:32:22.231] [main/DEBUG] [mixin/]: MixinPlatformAgentDefault accepted container SecureJarResource(thedarkcolour.kotlinforforge.lib)
[20Jun2025 12:32:22.231] [main/DEBUG] [mixin/]: Processing prepare() for PlatformAgent[MixinPlatformAgentDefault:SecureJarResource(thedarkcolour.kotlinforforge.lib)]
[20Jun2025 12:32:22.232] [main/DEBUG] [mixin/]: Adding mixin platform agents for container SecureJarResource(commons.math3)
[20Jun2025 12:32:22.232] [main/DEBUG] [mixin/]: Instancing new MixinPlatformAgentMinecraftForge for SecureJarResource(commons.math3)
[20Jun2025 12:32:22.232] [main/DEBUG] [mixin/]: MixinPlatformAgentMinecraftForge rejected container SecureJarResource(commons.math3)
[20Jun2025 12:32:22.232] [main/DEBUG] [mixin/]: Instancing new MixinPlatformAgentDefault for SecureJarResource(commons.math3)
[20Jun2025 12:32:22.232] [main/DEBUG] [mixin/]: MixinPlatformAgentDefault accepted container SecureJarResource(commons.math3)
[20Jun2025 12:32:22.233] [main/DEBUG] [mixin/]: Processing prepare() for PlatformAgent[MixinPlatformAgentDefault:SecureJarResource(commons.math3)]
[20Jun2025 12:32:22.233] [main/DEBUG] [mixin/]: Adding mixin platform agents for container SecureJarResource(zjsonpatch)
[20Jun2025 12:32:22.233] [main/DEBUG] [mixin/]: Instancing new MixinPlatformAgentMinecraftForge for SecureJarResource(zjsonpatch)
[20Jun2025 12:32:22.233] [main/DEBUG] [mixin/]: MixinPlatformAgentMinecraftForge rejected container SecureJarResource(zjsonpatch)
[20Jun2025 12:32:22.234] [main/DEBUG] [mixin/]: Instancing new MixinPlatformAgentDefault for SecureJarResource(zjsonpatch)
[20Jun2025 12:32:22.234] [main/DEBUG] [mixin/]: MixinPlatformAgentDefault accepted container SecureJarResource(zjsonpatch)
[20Jun2025 12:32:22.235] [main/DEBUG] [mixin/]: Processing prepare() for PlatformAgent[MixinPlatformAgentDefault:SecureJarResource(zjsonpatch)]
[20Jun2025 12:32:22.235] [main/DEBUG] [mixin/]: Adding mixin platform agents for container SecureJarResource(util.b19b27c4a4)
[20Jun2025 12:32:22.235] [main/DEBUG] [mixin/]: Instancing new MixinPlatformAgentMinecraftForge for SecureJarResource(util.b19b27c4a4)
[20Jun2025 12:32:22.235] [main/DEBUG] [mixin/]: MixinPlatformAgentMinecraftForge rejected container SecureJarResource(util.b19b27c4a4)
[20Jun2025 12:32:22.236] [main/DEBUG] [mixin/]: Instancing new MixinPlatformAgentDefault for SecureJarResource(util.b19b27c4a4)
[20Jun2025 12:32:22.236] [main/DEBUG] [mixin/]: MixinPlatformAgentDefault accepted container SecureJarResource(util.b19b27c4a4)
[20Jun2025 12:32:22.236] [main/DEBUG] [mixin/]: Processing prepare() for PlatformAgent[MixinPlatformAgentDefault:SecureJarResource(util.b19b27c4a4)]
[20Jun2025 12:32:22.237] [main/DEBUG] [mixin/]: Adding mixin platform agents for container SecureJarResource(javax.inject)
[20Jun2025 12:32:22.237] [main/DEBUG] [mixin/]: Instancing new MixinPlatformAgentMinecraftForge for SecureJarResource(javax.inject)
[20Jun2025 12:32:22.237] [main/DEBUG] [mixin/]: MixinPlatformAgentMinecraftForge rejected container SecureJarResource(javax.inject)
[20Jun2025 12:32:22.237] [main/DEBUG] [mixin/]: Instancing new MixinPlatformAgentDefault for SecureJarResource(javax.inject)
[20Jun2025 12:32:22.238] [main/DEBUG] [mixin/]: MixinPlatformAgentDefault accepted container SecureJarResource(javax.inject)
[20Jun2025 12:32:22.238] [main/DEBUG] [mixin/]: Processing prepare() for PlatformAgent[MixinPlatformAgentDefault:SecureJarResource(javax.inject)]
[20Jun2025 12:32:22.238] [main/DEBUG] [mixin/]: inject() running with 31 agents
[20Jun2025 12:32:22.238] [main/DEBUG] [mixin/]: Processing inject() for PlatformAgent[MixinPlatformAgentDefault:ModLauncher Root Container(ModLauncher:4f56a0a2)]
[20Jun2025 12:32:22.239] [main/DEBUG] [mixin/]: Processing inject() for PlatformAgent[MixinPlatformAgentDefault:SecureJarResource(minecraft)]
[20Jun2025 12:32:22.239] [main/DEBUG] [mixin/]: Processing inject() for PlatformAgent[MixinPlatformAgentDefault:SecureJarResource(createkinetic)]
[20Jun2025 12:32:22.239] [main/DEBUG] [mixin/]: Processing inject() for PlatformAgent[MixinPlatformAgentDefault:SecureJarResource(kotlinforforge)]
[20Jun2025 12:32:22.239] [main/DEBUG] [mixin/]: Processing inject() for PlatformAgent[MixinPlatformAgentDefault:SecureJarResource(mixinextras)]
[20Jun2025 12:32:22.239] [main/DEBUG] [mixin/]: Processing inject() for PlatformAgent[MixinPlatformAgentDefault:SecureJarResource(valkyrienskies)]
[20Jun2025 12:32:22.239] [main/DEBUG] [mixin/]: Processing inject() for PlatformAgent[MixinPlatformAgentDefault:SecureJarResource(cloth_config)]
[20Jun2025 12:32:22.239] [main/DEBUG] [mixin/]: Processing inject() for PlatformAgent[MixinPlatformAgentDefault:SecureJarResource(forge)]
[20Jun2025 12:32:22.239] [main/DEBUG] [mixin/]: Processing inject() for PlatformAgent[MixinPlatformAgentDefault:SecureJarResource(embeddium)]
[20Jun2025 12:32:22.239] [main/DEBUG] [mixin/]: Processing inject() for PlatformAgent[MixinPlatformAgentDefault:SecureJarResource(api.b19b27c4a4)]
[20Jun2025 12:32:22.239] [main/DEBUG] [mixin/]: Processing inject() for PlatformAgent[MixinPlatformAgentDefault:SecureJarResource(com.fasterxml.jackson.annotation)]
[20Jun2025 12:32:22.239] [main/DEBUG] [mixin/]: Processing inject() for PlatformAgent[MixinPlatformAgentDefault:SecureJarResource(com.fasterxml.jackson.core)]
[20Jun2025 12:32:22.239] [main/DEBUG] [mixin/]: Processing inject() for PlatformAgent[MixinPlatformAgentDefault:SecureJarResource(jsonschema.module.jackson)]
[20Jun2025 12:32:22.239] [main/DEBUG] [mixin/]: Processing inject() for PlatformAgent[MixinPlatformAgentDefault:SecureJarResource(jackson.module.kotlin.rubyfork)]
[20Jun2025 12:32:22.239] [main/DEBUG] [mixin/]: Processing inject() for PlatformAgent[MixinPlatformAgentDefault:SecureJarResource(jackson.kotlin.dsl)]
[20Jun2025 12:32:22.239] [main/DEBUG] [mixin/]: Processing inject() for PlatformAgent[MixinPlatformAgentDefault:SecureJarResource(org.joml.primitives)]
[20Jun2025 12:32:22.239] [main/DEBUG] [mixin/]: Processing inject() for PlatformAgent[MixinPlatformAgentDefault:SecureJarResource(com.fasterxml.jackson.databind)]
[20Jun2025 12:32:22.239] [main/DEBUG] [mixin/]: Processing inject() for PlatformAgent[MixinPlatformAgentDefault:SecureJarResource(dagger)]
[20Jun2025 12:32:22.239] [main/DEBUG] [mixin/]: Processing inject() for PlatformAgent[MixinPlatformAgentDefault:SecureJarResource(jsonschema.generator)]
[20Jun2025 12:32:22.240] [main/DEBUG] [mixin/]: Processing inject() for PlatformAgent[MixinPlatformAgentDefault:SecureJarResource(org.apache.commons.collections4)]
[20Jun2025 12:32:22.240] [main/DEBUG] [mixin/]: Processing inject() for PlatformAgent[MixinPlatformAgentDefault:SecureJarResource(com.fasterxml.classmate)]
[20Jun2025 12:32:22.240] [main/DEBUG] [mixin/]: Processing inject() for PlatformAgent[MixinPlatformAgentDefault:SecureJarResource(json.schema.validator)]
[20Jun2025 12:32:22.240] [main/DEBUG] [mixin/]: Processing inject() for PlatformAgent[MixinPlatformAgentDefault:SecureJarResource(com.fasterxml.jackson.module.paramnames)]
[20Jun2025 12:32:22.240] [main/DEBUG] [mixin/]: Processing inject() for PlatformAgent[MixinPlatformAgentDefault:SecureJarResource(itu)]
[20Jun2025 12:32:22.240] [main/DEBUG] [mixin/]: Processing inject() for PlatformAgent[MixinPlatformAgentDefault:SecureJarResource(com.fasterxml.jackson.dataformat.cbor)]
[20Jun2025 12:32:22.249] [main/DEBUG] [mixin/]: Processing inject() for PlatformAgent[MixinPlatformAgentDefault:SecureJarResource(MixinExtras)]
[20Jun2025 12:32:22.249] [main/DEBUG] [mixin/]: Processing inject() for PlatformAgent[MixinPlatformAgentDefault:SecureJarResource(thedarkcolour.kotlinforforge.lib)]
[20Jun2025 12:32:22.249] [main/DEBUG] [mixin/]: Processing inject() for PlatformAgent[MixinPlatformAgentDefault:SecureJarResource(commons.math3)]
[20Jun2025 12:32:22.249] [main/DEBUG] [mixin/]: Processing inject() for PlatformAgent[MixinPlatformAgentDefault:SecureJarResource(zjsonpatch)]
[20Jun2025 12:32:22.249] [main/DEBUG] [mixin/]: Processing inject() for PlatformAgent[MixinPlatformAgentDefault:SecureJarResource(util.b19b27c4a4)]
[20Jun2025 12:32:22.249] [main/DEBUG] [mixin/]: Processing inject() for PlatformAgent[MixinPlatformAgentDefault:SecureJarResource(javax.inject)]
[20Jun2025 12:32:22.251] [main/INFO] [cpw.mods.modlauncher.LaunchServiceHandler/MODLAUNCHER]: Launching target 'forgeclientuserdev' with arguments [--version, MOD_DEV, --gameDir, ., --assetsDir, C:\Users\sampw\.gradle\caches\forge_gradle\assets, --assetIndex, 5]
[20Jun2025 12:32:22.533] [main/DEBUG] [mixin/]: Error cleaning class output directory: .mixin.out
[20Jun2025 12:32:22.543] [main/DEBUG] [mixin/]: Preparing mixins for MixinEnvironment[DEFAULT]
[20Jun2025 12:32:22.545] [main/DEBUG] [mixin/]: Selecting config createkinetic.mixins.json
[20Jun2025 12:32:22.558] [main/WARN] [mixin/]: Reference map 'createkinetic.refmap.json' for createkinetic.mixins.json could not be read. If this is a development environment you can ignore this message
[20Jun2025 12:32:22.564] [main/DEBUG] [mixin/]: Selecting config mixinextras.init.mixins.json
[20Jun2025 12:32:22.761] [main/DEBUG] [MixinExtras|Service/]: com.llamalad7.mixinextras.service.MixinExtrasServiceImpl(version=0.3.5) is taking over from null
[20Jun2025 12:32:22.901] [main/DEBUG] [mixin/]: Registering new injector for @Inject with org.spongepowered.asm.mixin.injection.struct.CallbackInjectionInfo
[20Jun2025 12:32:22.905] [main/DEBUG] [mixin/]: Registering new injector for @ModifyArg with org.spongepowered.asm.mixin.injection.struct.ModifyArgInjectionInfo
[20Jun2025 12:32:22.908] [main/DEBUG] [mixin/]: Registering new injector for @ModifyArgs with org.spongepowered.asm.mixin.injection.struct.ModifyArgsInjectionInfo
[20Jun2025 12:32:22.913] [main/DEBUG] [mixin/]: Registering new injector for @Redirect with org.spongepowered.asm.mixin.injection.struct.RedirectInjectionInfo
[20Jun2025 12:32:22.916] [main/DEBUG] [mixin/]: Registering new injector for @ModifyVariable with org.spongepowered.asm.mixin.injection.struct.ModifyVariableInjectionInfo
[20Jun2025 12:32:22.921] [main/DEBUG] [mixin/]: Registering new injector for @ModifyConstant with org.spongepowered.asm.mixin.injection.struct.ModifyConstantInjectionInfo
[20Jun2025 12:32:22.958] [main/DEBUG] [mixin/]: Selecting config valkyrienskies-common.mixins.json
[20Jun2025 12:32:23.991] [main/INFO] [mixin/]: Remapping refMap valkyrienskies-120-common-refmap.json using C:\Local Files\Java\Minecraft Mods\CreateKinetic\build\createSrgToMcp\output.srg
[20Jun2025 12:32:23.992] [main/DEBUG] [mixin/]: Selecting config valkyrienskies-forge.mixins.json
[20Jun2025 12:32:23.995] [main/INFO] [mixin/]: Remapping refMap valkyrienskies-refmap.json using C:\Local Files\Java\Minecraft Mods\CreateKinetic\build\createSrgToMcp\output.srg
[20Jun2025 12:32:23.996] [main/DEBUG] [mixin/]: Selecting config embeddium.mixins.json
[20Jun2025 12:32:24.032] [main/INFO] [Embeddium/]: Loaded configuration file for Embeddium: 53 options available, 0 override(s) found
[20Jun2025 12:32:24.041] [main/INFO] [Embeddium-GraphicsAdapterProbe/]: Searching for graphics cards...
[20Jun2025 12:32:24.516] [main/DEBUG] [oshi.util.FileUtil/]: No oshi.properties file found from ClassLoader cpw.mods.modlauncher.TransformingClassLoader@363c32cc
[20Jun2025 12:32:24.824] [main/INFO] [Embeddium-GraphicsAdapterProbe/]: Found graphics card: GraphicsAdapterInfo[vendor=AMD, name=AMD Radeon(TM) Graphics, version=DriverVersion=30.0.14056.5001]
[20Jun2025 12:32:24.847] [main/INFO] [mixin/]: Remapping refMap embeddium-refmap.json using C:\Local Files\Java\Minecraft Mods\CreateKinetic\build\createSrgToMcp\output.srg
[20Jun2025 12:32:24.848] [main/DEBUG] [mixin/]: Preparing createkinetic.mixins.json (0)
[20Jun2025 12:32:24.849] [main/DEBUG] [mixin/]: Preparing mixinextras.init.mixins.json (0)
[20Jun2025 12:32:24.849] [main/DEBUG] [mixin/]: Preparing valkyrienskies-common.mixins.json (170)
[20Jun2025 12:32:25.345] [main/DEBUG] [net.minecraftforge.coremod.transformer.CoreModBaseTransformer/COREMOD]: Transforming net/minecraft/world/level/block/StairBlock
[20Jun2025 12:32:25.505] [main/DEBUG] [net.minecraftforge.coremod.transformer.CoreModBaseTransformer/COREMOD]: Transforming net/minecraft/world/level/NaturalSpawner
[20Jun2025 12:32:26.205] [main/WARN] [mixin/]: Error loading class: com/simibubi/create/content/kinetics/deployer/DeployerHandler (java.lang.ClassNotFoundException: com.simibubi.create.content.kinetics.deployer.DeployerHandler)
[20Jun2025 12:32:26.206] [main/WARN] [mixin/]: @Mixin target com.simibubi.create.content.kinetics.deployer.DeployerHandler was not found valkyrienskies-common.mixins.json:mod_compat.create.IMixinDeployerHandler
[20Jun2025 12:32:26.211] [main/WARN] [mixin/]: Error loading class: com/simibubi/create/content/kinetics/deployer/DeployerMovementBehaviour (java.lang.ClassNotFoundException: com.simibubi.create.content.kinetics.deployer.DeployerMovementBehaviour)
[20Jun2025 12:32:26.211] [main/WARN] [mixin/]: @Mixin target com.simibubi.create.content.kinetics.deployer.DeployerMovementBehaviour was not found valkyrienskies-common.mixins.json:mod_compat.create.IMixinDeployerMovementBehaviour
[20Jun2025 12:32:26.216] [main/WARN] [mixin/]: Error loading class: com/simibubi/create/content/kinetics/fan/AirCurrent (java.lang.ClassNotFoundException: com.simibubi.create.content.kinetics.fan.AirCurrent)
[20Jun2025 12:32:26.216] [main/WARN] [mixin/]: @Mixin target com.simibubi.create.content.kinetics.fan.AirCurrent was not found valkyrienskies-common.mixins.json:mod_compat.create.MixinAirCurrent
[20Jun2025 12:32:26.220] [main/WARN] [mixin/]: Error loading class: com/simibubi/create/content/kinetics/fan/AirFlowParticle (java.lang.ClassNotFoundException: com.simibubi.create.content.kinetics.fan.AirFlowParticle)
[20Jun2025 12:32:26.221] [main/WARN] [mixin/]: @Mixin target com.simibubi.create.content.kinetics.fan.AirFlowParticle was not found valkyrienskies-common.mixins.json:mod_compat.create.MixinAirFlowParticle
[20Jun2025 12:32:26.226] [main/WARN] [mixin/]: Error loading class: com/simibubi/create/content/kinetics/belt/transport/BeltMovementHandler (java.lang.ClassNotFoundException: com.simibubi.create.content.kinetics.belt.transport.BeltMovementHandler)
[20Jun2025 12:32:26.226] [main/WARN] [mixin/]: @Mixin target com.simibubi.create.content.kinetics.belt.transport.BeltMovementHandler was not found valkyrienskies-common.mixins.json:mod_compat.create.MixinBeltMovementHandler
[20Jun2025 12:32:26.231] [main/WARN] [mixin/]: Error loading class: com/simibubi/create/content/contraptions/Contraption (java.lang.ClassNotFoundException: com.simibubi.create.content.contraptions.Contraption)
[20Jun2025 12:32:26.231] [main/WARN] [mixin/]: @Mixin target com.simibubi.create.content.contraptions.Contraption was not found valkyrienskies-common.mixins.json:mod_compat.create.MixinContraption
[20Jun2025 12:32:26.236] [main/WARN] [mixin/]: Error loading class: com/simibubi/create/content/contraptions/ContraptionCollider (java.lang.ClassNotFoundException: com.simibubi.create.content.contraptions.ContraptionCollider)
[20Jun2025 12:32:26.237] [main/WARN] [mixin/]: @Mixin target com.simibubi.create.content.contraptions.ContraptionCollider was not found valkyrienskies-common.mixins.json:mod_compat.create.MixinContraptionCollider
[20Jun2025 12:32:26.242] [main/WARN] [mixin/]: Error loading class: com/simibubi/create/content/logistics/depot/EntityLauncher (java.lang.ClassNotFoundException: com.simibubi.create.content.logistics.depot.EntityLauncher)
[20Jun2025 12:32:26.242] [main/WARN] [mixin/]: @Mixin target com.simibubi.create.content.logistics.depot.EntityLauncher was not found valkyrienskies-common.mixins.json:mod_compat.create.MixinEntityLauncher
[20Jun2025 12:32:26.247] [main/WARN] [mixin/]: Error loading class: com/simibubi/create/content/redstone/link/RedstoneLinkNetworkHandler (java.lang.ClassNotFoundException: com.simibubi.create.content.redstone.link.RedstoneLinkNetworkHandler)
[20Jun2025 12:32:26.247] [main/WARN] [mixin/]: @Mixin target com.simibubi.create.content.redstone.link.RedstoneLinkNetworkHandler was not found valkyrienskies-common.mixins.json:mod_compat.create.MixinRedstoneLinkNetworkHandler
[20Jun2025 12:32:26.252] [main/WARN] [mixin/]: Error loading class: com/simibubi/create/content/logistics/depot/SharedDepotBlockMethods (java.lang.ClassNotFoundException: com.simibubi.create.content.logistics.depot.SharedDepotBlockMethods)
[20Jun2025 12:32:26.252] [main/WARN] [mixin/]: @Mixin target com.simibubi.create.content.logistics.depot.SharedDepotBlockMethods was not found valkyrienskies-common.mixins.json:mod_compat.create.MixinSharedDepotBlockMethods
[20Jun2025 12:32:26.256] [main/WARN] [mixin/]: Error loading class: com/simibubi/create/foundation/collision/Matrix3d (java.lang.ClassNotFoundException: com.simibubi.create.foundation.collision.Matrix3d)
[20Jun2025 12:32:26.257] [main/WARN] [mixin/]: @Mixin target com.simibubi.create.foundation.collision.Matrix3d was not found valkyrienskies-common.mixins.json:mod_compat.create.accessors.Matrix3dAccessor
[20Jun2025 12:32:26.261] [main/WARN] [mixin/]: Error loading class: com/simibubi/create/foundation/outliner/Outline$OutlineParams (java.lang.ClassNotFoundException: com.simibubi.create.foundation.outliner.Outline$OutlineParams)
[20Jun2025 12:32:26.262] [main/WARN] [mixin/]: @Mixin target com.simibubi.create.foundation.outliner.Outline$OutlineParams was not found valkyrienskies-common.mixins.json:mod_compat.create.accessors.OutlineParamsAccessor
[20Jun2025 12:32:26.266] [main/WARN] [mixin/]: Error loading class: com/simibubi/create/content/kinetics/base/BlockBreakingMovementBehaviour (java.lang.ClassNotFoundException: com.simibubi.create.content.kinetics.base.BlockBreakingMovementBehaviour)
[20Jun2025 12:32:26.267] [main/WARN] [mixin/]: @Mixin target com.simibubi.create.content.kinetics.base.BlockBreakingMovementBehaviour was not found valkyrienskies-common.mixins.json:mod_compat.create.behaviour.MixinBlockBreakingMovementBehaviour
[20Jun2025 12:32:26.271] [main/WARN] [mixin/]: Error loading class: com/simibubi/create/foundation/blockEntity/behaviour/filtering/FilteringBehaviour (java.lang.ClassNotFoundException: com.simibubi.create.foundation.blockEntity.behaviour.filtering.FilteringBehaviour)
[20Jun2025 12:32:26.272] [main/WARN] [mixin/]: @Mixin target com.simibubi.create.foundation.blockEntity.behaviour.filtering.FilteringBehaviour was not found valkyrienskies-common.mixins.json:mod_compat.create.behaviour.MixinFilteringBehaviour
[20Jun2025 12:32:26.276] [main/WARN] [mixin/]: Error loading class: com/simibubi/create/content/redstone/link/LinkBehaviour (java.lang.ClassNotFoundException: com.simibubi.create.content.redstone.link.LinkBehaviour)
[20Jun2025 12:32:26.276] [main/WARN] [mixin/]: @Mixin target com.simibubi.create.content.redstone.link.LinkBehaviour was not found valkyrienskies-common.mixins.json:mod_compat.create.behaviour.MixinLinkBehaviour
[20Jun2025 12:32:26.281] [main/WARN] [mixin/]: Error loading class: com/simibubi/create/foundation/blockEntity/behaviour/scrollValue/ScrollValueBehaviour (java.lang.ClassNotFoundException: com.simibubi.create.foundation.blockEntity.behaviour.scrollValue.ScrollValueBehaviour)
[20Jun2025 12:32:26.281] [main/WARN] [mixin/]: @Mixin target com.simibubi.create.foundation.blockEntity.behaviour.scrollValue.ScrollValueBehaviour was not found valkyrienskies-common.mixins.json:mod_compat.create.behaviour.MixinScrollValueBehaviour
[20Jun2025 12:32:26.286] [main/WARN] [mixin/]: Error loading class: com/simibubi/create/foundation/blockEntity/behaviour/filtering/SidedFilteringBehaviour (java.lang.ClassNotFoundException: com.simibubi.create.foundation.blockEntity.behaviour.filtering.SidedFilteringBehaviour)
[20Jun2025 12:32:26.286] [main/WARN] [mixin/]: @Mixin target com.simibubi.create.foundation.blockEntity.behaviour.filtering.SidedFilteringBehaviour was not found valkyrienskies-common.mixins.json:mod_compat.create.behaviour.MixinSidedFilteringBehaviour
[20Jun2025 12:32:26.291] [main/WARN] [mixin/]: Error loading class: com/simibubi/create/content/kinetics/crusher/CrushingWheelBlock (java.lang.ClassNotFoundException: com.simibubi.create.content.kinetics.crusher.CrushingWheelBlock)
[20Jun2025 12:32:26.291] [main/WARN] [mixin/]: @Mixin target com.simibubi.create.content.kinetics.crusher.CrushingWheelBlock was not found valkyrienskies-common.mixins.json:mod_compat.create.block.MixinCrushingWheelBlock
[20Jun2025 12:32:26.296] [main/WARN] [mixin/]: Error loading class: com/simibubi/create/content/logistics/depot/EjectorBlock (java.lang.ClassNotFoundException: com.simibubi.create.content.logistics.depot.EjectorBlock)
[20Jun2025 12:32:26.296] [main/WARN] [mixin/]: @Mixin target com.simibubi.create.content.logistics.depot.EjectorBlock was not found valkyrienskies-common.mixins.json:mod_compat.create.block.MixinEjectorBlock
[20Jun2025 12:32:26.301] [main/WARN] [mixin/]: Error loading class: com/simibubi/create/content/redstone/contact/RedstoneContactBlock (java.lang.ClassNotFoundException: com.simibubi.create.content.redstone.contact.RedstoneContactBlock)
[20Jun2025 12:32:26.301] [main/WARN] [mixin/]: @Mixin target com.simibubi.create.content.redstone.contact.RedstoneContactBlock was not found valkyrienskies-common.mixins.json:mod_compat.create.block.MixinRedstoneContactBlock
[20Jun2025 12:32:26.306] [main/WARN] [mixin/]: Error loading class: com/simibubi/create/content/contraptions/chassis/StickerBlock (java.lang.ClassNotFoundException: com.simibubi.create.content.contraptions.chassis.StickerBlock)
[20Jun2025 12:32:26.306] [main/WARN] [mixin/]: @Mixin target com.simibubi.create.content.contraptions.chassis.StickerBlock was not found valkyrienskies-common.mixins.json:mod_compat.create.block.MixinStickerBlock
[20Jun2025 12:32:26.310] [main/WARN] [mixin/]: Error loading class: com/simibubi/create/content/contraptions/bearing/MechanicalBearingBlockEntity (java.lang.ClassNotFoundException: com.simibubi.create.content.contraptions.bearing.MechanicalBearingBlockEntity)
[20Jun2025 12:32:26.311] [main/WARN] [mixin/]: @Mixin target com.simibubi.create.content.contraptions.bearing.MechanicalBearingBlockEntity was not found valkyrienskies-common.mixins.json:mod_compat.create.blockentity.IMixinMechanicalBearingTileEntity
[20Jun2025 12:32:26.314] [main/WARN] [mixin/]: Error loading class: com/simibubi/create/content/kinetics/crusher/CrushingWheelControllerBlockEntity (java.lang.ClassNotFoundException: com.simibubi.create.content.kinetics.crusher.CrushingWheelControllerBlockEntity)
[20Jun2025 12:32:26.315] [main/WARN] [mixin/]: @Mixin target com.simibubi.create.content.kinetics.crusher.CrushingWheelControllerBlockEntity was not found valkyrienskies-common.mixins.json:mod_compat.create.blockentity.MixinCrushingWheelControllerTileEntity
[20Jun2025 12:32:26.319] [main/WARN] [mixin/]: Error loading class: com/simibubi/create/content/logistics/depot/EjectorBlockEntity (java.lang.ClassNotFoundException: com.simibubi.create.content.logistics.depot.EjectorBlockEntity)
[20Jun2025 12:32:26.320] [main/WARN] [mixin/]: @Mixin target com.simibubi.create.content.logistics.depot.EjectorBlockEntity was not found valkyrienskies-common.mixins.json:mod_compat.create.blockentity.MixinEjectorTileEntity
[20Jun2025 12:32:26.324] [main/WARN] [mixin/]: Error loading class: com/simibubi/create/content/kinetics/fan/EncasedFanBlockEntity (java.lang.ClassNotFoundException: com.simibubi.create.content.kinetics.fan.EncasedFanBlockEntity)
[20Jun2025 12:32:26.324] [main/WARN] [mixin/]: @Mixin target com.simibubi.create.content.kinetics.fan.EncasedFanBlockEntity was not found valkyrienskies-common.mixins.json:mod_compat.create.blockentity.MixinEncasedFanTileEntity
[20Jun2025 12:32:26.329] [main/WARN] [mixin/]: Error loading class: com/simibubi/create/content/contraptions/AbstractContraptionEntity (java.lang.ClassNotFoundException: com.simibubi.create.content.contraptions.AbstractContraptionEntity)
[20Jun2025 12:32:26.329] [main/WARN] [mixin/]: @Mixin target com.simibubi.create.content.contraptions.AbstractContraptionEntity was not found valkyrienskies-common.mixins.json:mod_compat.create.entity.MixinAbstractContraptionEntity
[20Jun2025 12:32:26.334] [main/WARN] [mixin/]: Error loading class: com/simibubi/create/content/trains/entity/CarriageContraptionEntity (java.lang.ClassNotFoundException: com.simibubi.create.content.trains.entity.CarriageContraptionEntity)
[20Jun2025 12:32:26.334] [main/WARN] [mixin/]: @Mixin target com.simibubi.create.content.trains.entity.CarriageContraptionEntity was not found valkyrienskies-common.mixins.json:mod_compat.create.entity.MixinCarriageContraptionEntity
[20Jun2025 12:32:26.338] [main/WARN] [mixin/]: Error loading class: com/simibubi/create/content/contraptions/ControlledContraptionEntity (java.lang.ClassNotFoundException: com.simibubi.create.content.contraptions.ControlledContraptionEntity)
[20Jun2025 12:32:26.339] [main/WARN] [mixin/]: @Mixin target com.simibubi.create.content.contraptions.ControlledContraptionEntity was not found valkyrienskies-common.mixins.json:mod_compat.create.entity.MixinControlledContraptionEntity
[20Jun2025 12:32:26.343] [main/WARN] [mixin/]: Error loading class: com/simibubi/create/content/contraptions/actors/seat/SeatEntity (java.lang.ClassNotFoundException: com.simibubi.create.content.contraptions.actors.seat.SeatEntity)
[20Jun2025 12:32:26.343] [main/WARN] [mixin/]: @Mixin target com.simibubi.create.content.contraptions.actors.seat.SeatEntity was not found valkyrienskies-common.mixins.json:mod_compat.create.entity.MixinSeatEntity
[20Jun2025 12:32:26.348] [main/WARN] [mixin/]: Error loading class: com/simibubi/create/content/contraptions/actors/trainControls/ControlsInputPacket (java.lang.ClassNotFoundException: com.simibubi.create.content.contraptions.actors.trainControls.ControlsInputPacket)
[20Jun2025 12:32:26.348] [main/WARN] [mixin/]: @Mixin target com.simibubi.create.content.contraptions.actors.trainControls.ControlsInputPacket was not found valkyrienskies-common.mixins.json:mod_compat.create.packets.MixinControlsInputPacket
[20Jun2025 12:32:26.353] [main/WARN] [mixin/]: Error loading class: com/simibubi/create/content/trains/track/CurvedTrackDestroyPacket (java.lang.ClassNotFoundException: com.simibubi.create.content.trains.track.CurvedTrackDestroyPacket)
[20Jun2025 12:32:26.353] [main/WARN] [mixin/]: @Mixin target com.simibubi.create.content.trains.track.CurvedTrackDestroyPacket was not found valkyrienskies-common.mixins.json:mod_compat.create.packets.MixinCurvedTrackDestroyPacket
[20Jun2025 12:32:26.358] [main/WARN] [mixin/]: Error loading class: com/simibubi/create/content/contraptions/glue/SuperGlueRemovalPacket (java.lang.ClassNotFoundException: com.simibubi.create.content.contraptions.glue.SuperGlueRemovalPacket)
[20Jun2025 12:32:26.358] [main/WARN] [mixin/]: @Mixin target com.simibubi.create.content.contraptions.glue.SuperGlueRemovalPacket was not found valkyrienskies-common.mixins.json:mod_compat.create.packets.MixinSuperGlueRemovalPacket
[20Jun2025 12:32:26.363] [main/WARN] [mixin/]: Error loading class: com/simibubi/create/foundation/networking/BlockEntityConfigurationPacket (java.lang.ClassNotFoundException: com.simibubi.create.foundation.networking.BlockEntityConfigurationPacket)
[20Jun2025 12:32:26.363] [main/WARN] [mixin/]: @Mixin target com.simibubi.create.foundation.networking.BlockEntityConfigurationPacket was not found valkyrienskies-common.mixins.json:mod_compat.create.packets.MixinTileEntityConfigurationPacket
[20Jun2025 12:32:26.367] [main/WARN] [mixin/]: Error loading class: com/simibubi/create/content/trains/entity/TrainRelocationPacket (java.lang.ClassNotFoundException: com.simibubi.create.content.trains.entity.TrainRelocationPacket)
[20Jun2025 12:32:26.367] [main/WARN] [mixin/]: @Mixin target com.simibubi.create.content.trains.entity.TrainRelocationPacket was not found valkyrienskies-common.mixins.json:mod_compat.create.packets.MixinTrainRelocationPacket
[20Jun2025 12:32:26.372] [main/WARN] [mixin/]: Error loading class: com/simibubi/create/content/contraptions/actors/seat/SeatBlock (java.lang.ClassNotFoundException: com.simibubi.create.content.contraptions.actors.seat.SeatBlock)
[20Jun2025 12:32:26.372] [main/WARN] [mixin/]: @Mixin target com.simibubi.create.content.contraptions.actors.seat.SeatBlock was not found valkyrienskies-common.mixins.json:mod_compat.create.pr.MixinSeatBlock
[20Jun2025 12:32:26.376] [main/WARN] [mixin/]: Error loading class: rbasamoyai/createbigcannons/cannon_control/contraption/PitchOrientedContraptionEntity (java.lang.ClassNotFoundException: rbasamoyai.createbigcannons.cannon_control.contraption.PitchOrientedContraptionEntity)
[20Jun2025 12:32:26.376] [main/DEBUG] [mixin/]: Skipping virtual target rbasamoyai.createbigcannons.cannon_control.contraption.PitchOrientedContraptionEntity for valkyrienskies-common.mixins.json:mod_compat.create_big_cannons.MixinPitchOrientedContraptionEntity
[20Jun2025 12:32:26.381] [main/WARN] [mixin/]: Error loading class: me/duquee/createutilities/blocks/voidtypes/VoidLinkBehaviour (java.lang.ClassNotFoundException: me.duquee.createutilities.blocks.voidtypes.VoidLinkBehaviour)
[20Jun2025 12:32:26.381] [main/WARN] [mixin/]: @Mixin target me.duquee.createutilities.blocks.voidtypes.VoidLinkBehaviour was not found valkyrienskies-common.mixins.json:mod_compat.create_utilities.MixinVoidLinkBehaviour
[20Jun2025 12:32:26.385] [main/WARN] [mixin/]: Error loading class: com/jamieswhiteshirt/reachentityattributes/ReachEntityAttributes (java.lang.ClassNotFoundException: com.jamieswhiteshirt.reachentityattributes.ReachEntityAttributes)
[20Jun2025 12:32:26.385] [main/DEBUG] [mixin/]: Skipping virtual target com.jamieswhiteshirt.reachentityattributes.ReachEntityAttributes for valkyrienskies-common.mixins.json:mod_compat.reachentityattributes.MixinReachEntityAttributes
[20Jun2025 12:32:26.880] [main/WARN] [mixin/]: Error loading class: com/simibubi/create/foundation/outliner/AABBOutline (java.lang.ClassNotFoundException: com.simibubi.create.foundation.outliner.AABBOutline)
[20Jun2025 12:32:26.881] [main/WARN] [mixin/]: @Mixin target com.simibubi.create.foundation.outliner.AABBOutline was not found valkyrienskies-common.mixins.json:mod_compat.create.client.MixinAABBOutline
[20Jun2025 12:32:26.885] [main/WARN] [mixin/]: Error loading class: com/simibubi/create/foundation/outliner/BlockClusterOutline (java.lang.ClassNotFoundException: com.simibubi.create.foundation.outliner.BlockClusterOutline)
[20Jun2025 12:32:26.885] [main/WARN] [mixin/]: @Mixin target com.simibubi.create.foundation.outliner.BlockClusterOutline was not found valkyrienskies-common.mixins.json:mod_compat.create.client.MixinBlockClusterOutline
[20Jun2025 12:32:26.890] [main/WARN] [mixin/]: Error loading class: com/simibubi/create/content/trains/entity/CarriageContraptionInstance (java.lang.ClassNotFoundException: com.simibubi.create.content.trains.entity.CarriageContraptionInstance)
[20Jun2025 12:32:26.890] [main/WARN] [mixin/]: @Mixin target com.simibubi.create.content.trains.entity.CarriageContraptionInstance was not found valkyrienskies-common.mixins.json:mod_compat.create.client.MixinCarriageContraptionInstance
[20Jun2025 12:32:26.894] [main/WARN] [mixin/]: Error loading class: com/simibubi/create/content/kinetics/simpleRelays/CogwheelBlockItem$SmallCogHelper (java.lang.ClassNotFoundException: com.simibubi.create.content.kinetics.simpleRelays.CogwheelBlockItem$SmallCogHelper)
[20Jun2025 12:32:26.895] [main/WARN] [mixin/]: @Mixin target com.simibubi.create.content.kinetics.simpleRelays.CogwheelBlockItem$SmallCogHelper was not found valkyrienskies-common.mixins.json:mod_compat.create.client.MixinCogwheelBlockItem
[20Jun2025 12:32:26.899] [main/WARN] [mixin/]: Error loading class: com/simibubi/create/content/kinetics/simpleRelays/CogwheelBlockItem$LargeCogHelper (java.lang.ClassNotFoundException: com.simibubi.create.content.kinetics.simpleRelays.CogwheelBlockItem$LargeCogHelper)
[20Jun2025 12:32:26.899] [main/WARN] [mixin/]: @Mixin target com.simibubi.create.content.kinetics.simpleRelays.CogwheelBlockItem$LargeCogHelper was not found valkyrienskies-common.mixins.json:mod_compat.create.client.MixinCogwheelBlockItem
[20Jun2025 12:32:26.903] [main/WARN] [mixin/]: Error loading class: com/simibubi/create/content/kinetics/simpleRelays/CogwheelBlockItem$DiagonalCogHelper (java.lang.ClassNotFoundException: com.simibubi.create.content.kinetics.simpleRelays.CogwheelBlockItem$DiagonalCogHelper)
[20Jun2025 12:32:26.903] [main/WARN] [mixin/]: @Mixin target com.simibubi.create.content.kinetics.simpleRelays.CogwheelBlockItem$DiagonalCogHelper was not found valkyrienskies-common.mixins.json:mod_compat.create.client.MixinCogwheelBlockItem
[20Jun2025 12:32:26.907] [main/WARN] [mixin/]: Error loading class: com/simibubi/create/content/kinetics/simpleRelays/CogwheelBlockItem$IntegratedLargeCogHelper (java.lang.ClassNotFoundException: com.simibubi.create.content.kinetics.simpleRelays.CogwheelBlockItem$IntegratedLargeCogHelper)
[20Jun2025 12:32:26.908] [main/WARN] [mixin/]: @Mixin target com.simibubi.create.content.kinetics.simpleRelays.CogwheelBlockItem$IntegratedLargeCogHelper was not found valkyrienskies-common.mixins.json:mod_compat.create.client.MixinCogwheelBlockItem
[20Jun2025 12:32:26.912] [main/WARN] [mixin/]: Error loading class: com/simibubi/create/content/kinetics/simpleRelays/CogwheelBlockItem$IntegratedSmallCogHelper (java.lang.ClassNotFoundException: com.simibubi.create.content.kinetics.simpleRelays.CogwheelBlockItem$IntegratedSmallCogHelper)
[20Jun2025 12:32:26.912] [main/WARN] [mixin/]: @Mixin target com.simibubi.create.content.kinetics.simpleRelays.CogwheelBlockItem$IntegratedSmallCogHelper was not found valkyrienskies-common.mixins.json:mod_compat.create.client.MixinCogwheelBlockItem
[20Jun2025 12:32:26.917] [main/WARN] [mixin/]: Error loading class: com/simibubi/create/content/kinetics/simpleRelays/CogwheelBlockItem$DiagonalCogHelper (java.lang.ClassNotFoundException: com.simibubi.create.content.kinetics.simpleRelays.CogwheelBlockItem$DiagonalCogHelper)
[20Jun2025 12:32:26.917] [main/WARN] [mixin/]: @Mixin target com.simibubi.create.content.kinetics.simpleRelays.CogwheelBlockItem$DiagonalCogHelper was not found valkyrienskies-common.mixins.json:mod_compat.create.client.MixinCogwheelBlockItemHitOnShaft
[20Jun2025 12:32:26.922] [main/WARN] [mixin/]: Error loading class: com/simibubi/create/content/contraptions/render/ContraptionRenderDispatcher (java.lang.ClassNotFoundException: com.simibubi.create.content.contraptions.render.ContraptionRenderDispatcher)
[20Jun2025 12:32:26.922] [main/WARN] [mixin/]: @Mixin target com.simibubi.create.content.contraptions.render.ContraptionRenderDispatcher was not found valkyrienskies-common.mixins.json:mod_compat.create.client.MixinContraptionRenderDispatcher
[20Jun2025 12:32:26.926] [main/WARN] [mixin/]: Error loading class: com/simibubi/create/content/contraptions/render/ContraptionRenderInfo (java.lang.ClassNotFoundException: com.simibubi.create.content.contraptions.render.ContraptionRenderInfo)
[20Jun2025 12:32:26.927] [main/WARN] [mixin/]: @Mixin target com.simibubi.create.content.contraptions.render.ContraptionRenderInfo was not found valkyrienskies-common.mixins.json:mod_compat.create.client.MixinContraptionRenderInfo
[20Jun2025 12:32:26.931] [main/WARN] [mixin/]: Error loading class: com/simibubi/create/content/contraptions/elevator/ElevatorControlsHandler (java.lang.ClassNotFoundException: com.simibubi.create.content.contraptions.elevator.ElevatorControlsHandler)
[20Jun2025 12:32:26.931] [main/WARN] [mixin/]: @Mixin target com.simibubi.create.content.contraptions.elevator.ElevatorControlsHandler was not found valkyrienskies-common.mixins.json:mod_compat.create.client.MixinElevatorControlsHandler
[20Jun2025 12:32:26.935] [main/WARN] [mixin/]: Error loading class: com/simibubi/create/foundation/blockEntity/behaviour/filtering/FilteringRenderer (java.lang.ClassNotFoundException: com.simibubi.create.foundation.blockEntity.behaviour.filtering.FilteringRenderer)
[20Jun2025 12:32:26.936] [main/WARN] [mixin/]: @Mixin target com.simibubi.create.foundation.blockEntity.behaviour.filtering.FilteringRenderer was not found valkyrienskies-common.mixins.json:mod_compat.create.client.MixinFilteringRenderer
[20Jun2025 12:32:26.940] [main/WARN] [mixin/]: Error loading class: com/simibubi/create/foundation/utility/ghost/GhostBlockRenderer$DefaultGhostBlockRenderer (java.lang.ClassNotFoundException: com.simibubi.create.foundation.utility.ghost.GhostBlockRenderer$DefaultGhostBlockRenderer)
[20Jun2025 12:32:26.941] [main/WARN] [mixin/]: @Mixin target com.simibubi.create.foundation.utility.ghost.GhostBlockRenderer$DefaultGhostBlockRenderer was not found valkyrienskies-common.mixins.json:mod_compat.create.client.MixinGhostBlockRenderer
[20Jun2025 12:32:26.945] [main/WARN] [mixin/]: Error loading class: com/simibubi/create/foundation/utility/ghost/GhostBlockRenderer$TransparentGhostBlockRenderer (java.lang.ClassNotFoundException: com.simibubi.create.foundation.utility.ghost.GhostBlockRenderer$TransparentGhostBlockRenderer)
[20Jun2025 12:32:26.945] [main/WARN] [mixin/]: @Mixin target com.simibubi.create.foundation.utility.ghost.GhostBlockRenderer$TransparentGhostBlockRenderer was not found valkyrienskies-common.mixins.json:mod_compat.create.client.MixinGhostBlockRenderer
[20Jun2025 12:32:26.949] [main/WARN] [mixin/]: Error loading class: com/simibubi/create/content/redstone/link/LinkRenderer (java.lang.ClassNotFoundException: com.simibubi.create.content.redstone.link.LinkRenderer)
[20Jun2025 12:32:26.949] [main/WARN] [mixin/]: @Mixin target com.simibubi.create.content.redstone.link.LinkRenderer was not found valkyrienskies-common.mixins.json:mod_compat.create.client.MixinLinkRenderer
[20Jun2025 12:32:26.954] [main/WARN] [mixin/]: Error loading class: com/jozufozu/flywheel/vanilla/MinecartInstance (java.lang.ClassNotFoundException: com.jozufozu.flywheel.vanilla.MinecartInstance)
[20Jun2025 12:32:26.954] [main/WARN] [mixin/]: @Mixin target com.jozufozu.flywheel.vanilla.MinecartInstance was not found valkyrienskies-common.mixins.json:mod_compat.create.client.MixinMinecartInstance
[20Jun2025 12:32:26.958] [main/WARN] [mixin/]: Error loading class: com/simibubi/create/content/contraptions/bearing/SailBlock$PlacementHelper (java.lang.ClassNotFoundException: com.simibubi.create.content.contraptions.bearing.SailBlock$PlacementHelper)
[20Jun2025 12:32:26.959] [main/WARN] [mixin/]: @Mixin target com.simibubi.create.content.contraptions.bearing.SailBlock$PlacementHelper was not found valkyrienskies-common.mixins.json:mod_compat.create.client.MixinMultiplePlacementHelpers
[20Jun2025 12:32:26.963] [main/WARN] [mixin/]: Error loading class: com/simibubi/create/foundation/placement/PoleHelper (java.lang.ClassNotFoundException: com.simibubi.create.foundation.placement.PoleHelper)
[20Jun2025 12:32:26.963] [main/WARN] [mixin/]: @Mixin target com.simibubi.create.foundation.placement.PoleHelper was not found valkyrienskies-common.mixins.json:mod_compat.create.client.MixinMultiplePlacementHelpers
[20Jun2025 12:32:26.967] [main/WARN] [mixin/]: Error loading class: com/simibubi/create/content/decoration/girder/GirderPlacementHelper (java.lang.ClassNotFoundException: com.simibubi.create.content.decoration.girder.GirderPlacementHelper)
[20Jun2025 12:32:26.967] [main/WARN] [mixin/]: @Mixin target com.simibubi.create.content.decoration.girder.GirderPlacementHelper was not found valkyrienskies-common.mixins.json:mod_compat.create.client.MixinMultiplePlacementHelpers
[20Jun2025 12:32:26.972] [main/WARN] [mixin/]: Error loading class: com/simibubi/create/content/trains/display/FlapDisplayBlock$PlacementHelper (java.lang.ClassNotFoundException: com.simibubi.create.content.trains.display.FlapDisplayBlock$PlacementHelper)
[20Jun2025 12:32:26.972] [main/WARN] [mixin/]: @Mixin target com.simibubi.create.content.trains.display.FlapDisplayBlock$PlacementHelper was not found valkyrienskies-common.mixins.json:mod_compat.create.client.MixinMultiplePlacementHelpers
[20Jun2025 12:32:26.976] [main/WARN] [mixin/]: Error loading class: com/simibubi/create/foundation/outliner/Outline (java.lang.ClassNotFoundException: com.simibubi.create.foundation.outliner.Outline)
[20Jun2025 12:32:26.976] [main/WARN] [mixin/]: @Mixin target com.simibubi.create.foundation.outliner.Outline was not found valkyrienskies-common.mixins.json:mod_compat.create.client.MixinOutline
[20Jun2025 12:32:26.981] [main/WARN] [mixin/]: Error loading class: com/simibubi/create/foundation/placement/PlacementHelpers (java.lang.ClassNotFoundException: com.simibubi.create.foundation.placement.PlacementHelpers)
[20Jun2025 12:32:26.981] [main/WARN] [mixin/]: @Mixin target com.simibubi.create.foundation.placement.PlacementHelpers was not found valkyrienskies-common.mixins.json:mod_compat.create.client.MixinPlacementHelpers
[20Jun2025 12:32:26.986] [main/WARN] [mixin/]: Error loading class: com/simibubi/create/foundation/sound/SoundScapes (java.lang.ClassNotFoundException: com.simibubi.create.foundation.sound.SoundScapes)
[20Jun2025 12:32:26.986] [main/WARN] [mixin/]: @Mixin target com.simibubi.create.foundation.sound.SoundScapes was not found valkyrienskies-common.mixins.json:mod_compat.create.client.MixinSoundScapes
[20Jun2025 12:32:26.991] [main/WARN] [mixin/]: Error loading class: com/simibubi/create/foundation/render/BlockEntityRenderHelper (java.lang.ClassNotFoundException: com.simibubi.create.foundation.render.BlockEntityRenderHelper)
[20Jun2025 12:32:26.991] [main/WARN] [mixin/]: @Mixin target com.simibubi.create.foundation.render.BlockEntityRenderHelper was not found valkyrienskies-common.mixins.json:mod_compat.create.client.MixinTileEntityRenderHelper
[20Jun2025 12:32:26.995] [main/WARN] [mixin/]: Error loading class: com/simibubi/create/content/trains/entity/TrainRelocator (java.lang.ClassNotFoundException: com.simibubi.create.content.trains.entity.TrainRelocator)
[20Jun2025 12:32:26.995] [main/WARN] [mixin/]: @Mixin target com.simibubi.create.content.trains.entity.TrainRelocator was not found valkyrienskies-common.mixins.json:mod_compat.create.client.MixinTrainRelocator
[20Jun2025 12:32:27.000] [main/WARN] [mixin/]: Error loading class: com/simibubi/create/foundation/blockEntity/behaviour/ValueBox (java.lang.ClassNotFoundException: com.simibubi.create.foundation.blockEntity.behaviour.ValueBox)
[20Jun2025 12:32:27.000] [main/WARN] [mixin/]: @Mixin target com.simibubi.create.foundation.blockEntity.behaviour.ValueBox was not found valkyrienskies-common.mixins.json:mod_compat.create.client.MixinValueBox
[20Jun2025 12:32:27.004] [main/WARN] [mixin/]: Error loading class: com/simibubi/create/foundation/block/BigOutlines (java.lang.ClassNotFoundException: com.simibubi.create.foundation.block.BigOutlines)
[20Jun2025 12:32:27.005] [main/WARN] [mixin/]: @Mixin target com.simibubi.create.foundation.block.BigOutlines was not found valkyrienskies-common.mixins.json:mod_compat.create.client.trackOutlines.MixinBigOutlines
[20Jun2025 12:32:27.009] [main/WARN] [mixin/]: Error loading class: com/jozufozu/flywheel/backend/instancing/instancing/InstancingEngine (java.lang.ClassNotFoundException: com.jozufozu.flywheel.backend.instancing.instancing.InstancingEngine)
[20Jun2025 12:32:27.010] [main/DEBUG] [mixin/]: Skipping virtual target com.jozufozu.flywheel.backend.instancing.instancing.InstancingEngine for valkyrienskies-common.mixins.json:mod_compat.flywheel.InstancingEngineAccessor
[20Jun2025 12:32:27.014] [main/WARN] [mixin/]: Error loading class: com/jozufozu/flywheel/backend/instancing/blockentity/BlockEntityInstanceManager (java.lang.ClassNotFoundException: com.jozufozu.flywheel.backend.instancing.blockentity.BlockEntityInstanceManager)
[20Jun2025 12:32:27.014] [main/DEBUG] [mixin/]: Skipping virtual target com.jozufozu.flywheel.backend.instancing.blockentity.BlockEntityInstanceManager for valkyrienskies-common.mixins.json:mod_compat.flywheel.MixinBlockEntityInstanceManager
[20Jun2025 12:32:27.018] [main/WARN] [mixin/]: Error loading class: com/jozufozu/flywheel/backend/instancing/InstanceManager (java.lang.ClassNotFoundException: com.jozufozu.flywheel.backend.instancing.InstanceManager)
[20Jun2025 12:32:27.019] [main/DEBUG] [mixin/]: Skipping virtual target com.jozufozu.flywheel.backend.instancing.InstanceManager for valkyrienskies-common.mixins.json:mod_compat.flywheel.MixinInstanceManager
[20Jun2025 12:32:27.023] [main/WARN] [mixin/]: Error loading class: com/jozufozu/flywheel/backend/instancing/InstanceWorld (java.lang.ClassNotFoundException: com.jozufozu.flywheel.backend.instancing.InstanceWorld)
[20Jun2025 12:32:27.023] [main/DEBUG] [mixin/]: Skipping virtual target com.jozufozu.flywheel.backend.instancing.InstanceWorld for valkyrienskies-common.mixins.json:mod_compat.flywheel.MixinInstanceWorld
[20Jun2025 12:32:27.027] [main/WARN] [mixin/]: Error loading class: com/jozufozu/flywheel/backend/instancing/instancing/InstancingEngine (java.lang.ClassNotFoundException: com.jozufozu.flywheel.backend.instancing.instancing.InstancingEngine)
[20Jun2025 12:32:27.027] [main/DEBUG] [mixin/]: Skipping virtual target com.jozufozu.flywheel.backend.instancing.instancing.InstancingEngine for valkyrienskies-common.mixins.json:mod_compat.flywheel.MixinInstancingEngine
[20Jun2025 12:32:27.042] [main/WARN] [mixin/]: Error loading class: com/sonicether/soundphysics/SoundPhysics (java.lang.ClassNotFoundException: com.sonicether.soundphysics.SoundPhysics)
[20Jun2025 12:32:27.043] [main/DEBUG] [mixin/]: Skipping virtual target com.sonicether.soundphysics.SoundPhysics for valkyrienskies-common.mixins.json:mod_compat.sound_physics_remastered.MixinSoundPhysics
[20Jun2025 12:32:27.044] [main/DEBUG] [mixin/]: Preparing valkyrienskies-forge.mixins.json (21)
[20Jun2025 12:32:27.091] [main/WARN] [mixin/]: Error loading class: com/simibubi/create/content/kinetics/base/BlockBreakingKineticBlockEntity (java.lang.ClassNotFoundException: com.simibubi.create.content.kinetics.base.BlockBreakingKineticBlockEntity)
[20Jun2025 12:32:27.092] [main/WARN] [mixin/]: @Mixin target com.simibubi.create.content.kinetics.base.BlockBreakingKineticBlockEntity was not found valkyrienskies-forge.mixins.json:compat.create.MixinBlockBreakingKineticTileEntity
[20Jun2025 12:32:27.096] [main/WARN] [mixin/]: Error loading class: com/simibubi/create/content/kinetics/millstone/MillstoneBlock (java.lang.ClassNotFoundException: com.simibubi.create.content.kinetics.millstone.MillstoneBlock)
[20Jun2025 12:32:27.096] [main/WARN] [mixin/]: @Mixin target com.simibubi.create.content.kinetics.millstone.MillstoneBlock was not found valkyrienskies-forge.mixins.json:compat.create.MixinBlocks
[20Jun2025 12:32:27.100] [main/WARN] [mixin/]: Error loading class: com/simibubi/create/content/processing/basin/BasinBlock (java.lang.ClassNotFoundException: com.simibubi.create.content.processing.basin.BasinBlock)
[20Jun2025 12:32:27.101] [main/WARN] [mixin/]: @Mixin target com.simibubi.create.content.processing.basin.BasinBlock was not found valkyrienskies-forge.mixins.json:compat.create.MixinBlocks
[20Jun2025 12:32:27.105] [main/WARN] [mixin/]: Error loading class: com/simibubi/create/content/logistics/chute/AbstractChuteBlock (java.lang.ClassNotFoundException: com.simibubi.create.content.logistics.chute.AbstractChuteBlock)
[20Jun2025 12:32:27.105] [main/WARN] [mixin/]: @Mixin target com.simibubi.create.content.logistics.chute.AbstractChuteBlock was not found valkyrienskies-forge.mixins.json:compat.create.MixinBlocks
[20Jun2025 12:32:27.110] [main/WARN] [mixin/]: Error loading class: com/simibubi/create/content/contraptions/ControlledContraptionEntity (java.lang.ClassNotFoundException: com.simibubi.create.content.contraptions.ControlledContraptionEntity)
[20Jun2025 12:32:27.110] [main/WARN] [mixin/]: @Mixin target com.simibubi.create.content.contraptions.ControlledContraptionEntity was not found valkyrienskies-forge.mixins.json:compat.create.MixinControlledContraptionEntity
[20Jun2025 12:32:27.115] [main/WARN] [mixin/]: Error loading class: com/simibubi/create/content/trains/track/TrackBlockOutline (java.lang.ClassNotFoundException: com.simibubi.create.content.trains.track.TrackBlockOutline)
[20Jun2025 12:32:27.115] [main/WARN] [mixin/]: @Mixin target com.simibubi.create.content.trains.track.TrackBlockOutline was not found valkyrienskies-forge.mixins.json:compat.create.client.trackOutlines.MixinTrackBlockOutline
[20Jun2025 12:32:27.120] [main/WARN] [mixin/]: Error loading class: blusunrize/immersiveengineering/common/gui/BlockEntityInventory (java.lang.ClassNotFoundException: blusunrize.immersiveengineering.common.gui.BlockEntityInventory)
[20Jun2025 12:32:27.120] [main/DEBUG] [mixin/]: Skipping virtual target blusunrize.immersiveengineering.common.gui.BlockEntityInventory for valkyrienskies-forge.mixins.json:compat.immersivengineering.MixinBlockEntityInventory
[20Jun2025 12:32:27.125] [main/WARN] [mixin/]: Error loading class: org/cyclops/integrateddynamics/core/block/VoxelShapeComponents (java.lang.ClassNotFoundException: org.cyclops.integrateddynamics.core.block.VoxelShapeComponents)
[20Jun2025 12:32:27.125] [main/WARN] [mixin/]: @Mixin target org.cyclops.integrateddynamics.core.block.VoxelShapeComponents was not found valkyrienskies-forge.mixins.json:compat.integrateddynamics.MixinVoxelShapeComponents
[20Jun2025 12:32:27.130] [main/WARN] [mixin/]: Error loading class: me/desht/modularrouters/container/RouterMenu (java.lang.ClassNotFoundException: me.desht.modularrouters.container.RouterMenu)
[20Jun2025 12:32:27.130] [main/DEBUG] [mixin/]: Skipping virtual target me.desht.modularrouters.container.RouterMenu for valkyrienskies-forge.mixins.json:compat.modular_routers.MixinRouterMenu
[20Jun2025 12:32:27.135] [main/WARN] [mixin/]: Error loading class: net/dries007/tfc/world/TFCChunkGenerator (java.lang.ClassNotFoundException: net.dries007.tfc.world.TFCChunkGenerator)
[20Jun2025 12:32:27.135] [main/DEBUG] [mixin/]: Skipping virtual target net.dries007.tfc.world.TFCChunkGenerator for valkyrienskies-forge.mixins.json:compat.tfc.MixinTFCChunkGenerator
[20Jun2025 12:32:27.139] [main/WARN] [mixin/]: Error loading class: cofh/core/block/entity/TileCoFH (java.lang.ClassNotFoundException: cofh.core.block.entity.TileCoFH)
[20Jun2025 12:32:27.139] [main/DEBUG] [mixin/]: Skipping virtual target cofh.core.block.entity.TileCoFH for valkyrienskies-forge.mixins.json:compat.thermalexpansion.MixinTileCoFH
[20Jun2025 12:32:27.144] [main/WARN] [mixin/]: Error loading class: li/cil/tis3d/common/entity/InfraredPacketEntity (java.lang.ClassNotFoundException: li.cil.tis3d.common.entity.InfraredPacketEntity)
[20Jun2025 12:32:27.144] [main/DEBUG] [mixin/]: Skipping virtual target li.cil.tis3d.common.entity.InfraredPacketEntity for valkyrienskies-forge.mixins.json:compat.tis3d.MixinInfraredPacketEntity
[20Jun2025 12:32:27.166] [main/WARN] [mixin/]: Error loading class: com/simibubi/create/content/contraptions/ContraptionHandlerClient (java.lang.ClassNotFoundException: com.simibubi.create.content.contraptions.ContraptionHandlerClient)
[20Jun2025 12:32:27.167] [main/WARN] [mixin/]: @Mixin target com.simibubi.create.content.contraptions.ContraptionHandlerClient was not found valkyrienskies-forge.mixins.json:compat.create.client.MixinContraptionHandlerClient
[20Jun2025 12:32:27.171] [main/WARN] [mixin/]: Error loading class: com/simibubi/create/content/contraptions/render/ContraptionRenderInfo (java.lang.ClassNotFoundException: com.simibubi.create.content.contraptions.render.ContraptionRenderInfo)
[20Jun2025 12:32:27.172] [main/WARN] [mixin/]: @Mixin target com.simibubi.create.content.contraptions.render.ContraptionRenderInfo was not found valkyrienskies-forge.mixins.json:compat.create.client.MixinContraptionRenderInfo
[20Jun2025 12:32:27.177] [main/WARN] [mixin/]: Error loading class: com/simibubi/create/content/contraptions/render/FlwContraption (java.lang.ClassNotFoundException: com.simibubi.create.content.contraptions.render.FlwContraption)
[20Jun2025 12:32:27.177] [main/WARN] [mixin/]: @Mixin target com.simibubi.create.content.contraptions.render.FlwContraption was not found valkyrienskies-forge.mixins.json:compat.create.client.MixinFlwContraption
[20Jun2025 12:32:27.182] [main/WARN] [mixin/]: Error loading class: com/simibubi/create/content/contraptions/glue/SuperGlueSelectionHandler (java.lang.ClassNotFoundException: com.simibubi.create.content.contraptions.glue.SuperGlueSelectionHandler)
[20Jun2025 12:32:27.182] [main/WARN] [mixin/]: @Mixin target com.simibubi.create.content.contraptions.glue.SuperGlueSelectionHandler was not found valkyrienskies-forge.mixins.json:compat.create.client.MixinSuperGlueSelectionHandler
[20Jun2025 12:32:27.186] [main/WARN] [mixin/]: Error loading class: li/cil/tis3d/client/renderer/block/entity/CasingBlockEntityRenderer (java.lang.ClassNotFoundException: li.cil.tis3d.client.renderer.block.entity.CasingBlockEntityRenderer)
[20Jun2025 12:32:27.187] [main/DEBUG] [mixin/]: Skipping virtual target li.cil.tis3d.client.renderer.block.entity.CasingBlockEntityRenderer for valkyrienskies-forge.mixins.json:compat.tis3d.MixinCasingTileEntityRender
[20Jun2025 12:32:27.191] [main/WARN] [mixin/]: Error loading class: li/cil/tis3d/client/renderer/RenderContextImpl (java.lang.ClassNotFoundException: li.cil.tis3d.client.renderer.RenderContextImpl)
[20Jun2025 12:32:27.191] [main/DEBUG] [mixin/]: Skipping virtual target li.cil.tis3d.client.renderer.RenderContextImpl for valkyrienskies-forge.mixins.json:compat.tis3d.MixinRenderContextImpl
[20Jun2025 12:32:27.191] [main/DEBUG] [mixin/]: Preparing embeddium.mixins.json (0)
[20Jun2025 12:32:27.247] [main/ERROR] [mixin/]: valkyrienskies-common.mixins.json:feature.container_distance_check.MixinContainer: Interface mixin contains a non-public method! Found includeShipsInDistanceCheck(Lnet/minecraft/world/entity/player/Player;DDD)D in valkyrienskies-common.mixins.json:feature.container_distance_check.MixinContainer
org.spongepowered.asm.mixin.transformer.throwables.InvalidInterfaceMixinException: Interface mixin contains a non-public method! Found includeShipsInDistanceCheck(Lnet/minecraft/world/entity/player/Player;DDD)D in valkyrienskies-common.mixins.json:feature.container_distance_check.MixinContainer
	at org.spongepowered.asm.mixin.transformer.MixinPreProcessorInterface.prepareMethod(MixinPreProcessorInterface.java:65) ~[mixin-0.8.5.jar:0.8.5+Jenkins-b310.git-155314e6e91465dad727e621a569906a410cd6f4]
	at org.spongepowered.asm.mixin.transformer.MixinPreProcessorStandard.prepare(MixinPreProcessorStandard.java:187) ~[mixin-0.8.5.jar:0.8.5+Jenkins-b310.git-155314e6e91465dad727e621a569906a410cd6f4]
	at org.spongepowered.asm.mixin.transformer.MixinInfo$State.validate(MixinInfo.java:322) ~[mixin-0.8.5.jar:0.8.5+Jenkins-b310.git-155314e6e91465dad727e621a569906a410cd6f4]
	at org.spongepowered.asm.mixin.transformer.MixinInfo.validate(MixinInfo.java:913) ~[mixin-0.8.5.jar:0.8.5+Jenkins-b310.git-155314e6e91465dad727e621a569906a410cd6f4]
	at org.spongepowered.asm.mixin.transformer.MixinConfig.postInitialise(MixinConfig.java:801) ~[mixin-0.8.5.jar:0.8.5+Jenkins-b310.git-155314e6e91465dad727e621a569906a410cd6f4]
	at org.spongepowered.asm.mixin.transformer.MixinProcessor.prepareConfigs(MixinProcessor.java:567) ~[mixin-0.8.5.jar:0.8.5+Jenkins-b310.git-155314e6e91465dad727e621a569906a410cd6f4]
	at org.spongepowered.asm.mixin.transformer.MixinProcessor.select(MixinProcessor.java:462) ~[mixin-0.8.5.jar:0.8.5+Jenkins-b310.git-155314e6e91465dad727e621a569906a410cd6f4]
	at org.spongepowered.asm.mixin.transformer.MixinProcessor.checkSelect(MixinProcessor.java:438) ~[mixin-0.8.5.jar:0.8.5+Jenkins-b310.git-155314e6e91465dad727e621a569906a410cd6f4]
	at org.spongepowered.asm.mixin.transformer.MixinProcessor.applyMixins(MixinProcessor.java:290) ~[mixin-0.8.5.jar:0.8.5+Jenkins-b310.git-155314e6e91465dad727e621a569906a410cd6f4]
	at org.spongepowered.asm.mixin.transformer.MixinTransformer.transformClass(MixinTransformer.java:250) ~[mixin-0.8.5.jar:0.8.5+Jenkins-b310.git-155314e6e91465dad727e621a569906a410cd6f4]
	at org.spongepowered.asm.service.modlauncher.MixinTransformationHandler.processClass(MixinTransformationHandler.java:131) ~[mixin-0.8.5.jar:0.8.5+Jenkins-b310.git-155314e6e91465dad727e621a569906a410cd6f4]
	at org.spongepowered.asm.launch.MixinLaunchPluginLegacy.processClass(MixinLaunchPluginLegacy.java:131) ~[mixin-0.8.5.jar:0.8.5+Jenkins-b310.git-155314e6e91465dad727e621a569906a410cd6f4]
	at cpw.mods.modlauncher.serviceapi.ILaunchPluginService.processClassWithFlags(ILaunchPluginService.java:156) ~[modlauncher-10.0.9.jar:10.0.9+10.0.9+main.dcd20f30]
	at cpw.mods.modlauncher.LaunchPluginHandler.offerClassNodeToPlugins(LaunchPluginHandler.java:88) ~[modlauncher-10.0.9.jar:?]
	at cpw.mods.modlauncher.ClassTransformer.transform(ClassTransformer.java:120) ~[modlauncher-10.0.9.jar:?]
	at cpw.mods.modlauncher.TransformingClassLoader.maybeTransformClassBytes(TransformingClassLoader.java:50) ~[modlauncher-10.0.9.jar:?]
	at cpw.mods.cl.ModuleClassLoader.readerToClass(ModuleClassLoader.java:113) ~[securejarhandler-2.1.10.jar:?]
	at cpw.mods.cl.ModuleClassLoader.lambda$findClass$15(ModuleClassLoader.java:219) ~[securejarhandler-2.1.10.jar:?]
	at cpw.mods.cl.ModuleClassLoader.loadFromModule(ModuleClassLoader.java:229) ~[securejarhandler-2.1.10.jar:?]
	at cpw.mods.cl.ModuleClassLoader.findClass(ModuleClassLoader.java:219) ~[securejarhandler-2.1.10.jar:?]
	at java.lang.ClassLoader.loadClass(ClassLoader.java:637) ~[?:?]
	at java.lang.Class.forName(Class.java:545) ~[?:?]
	at net.minecraftforge.fml.earlydisplay.DisplayWindow.lambda$updateModuleReads$13(DisplayWindow.java:615) ~[fmlearlydisplay-1.20.1-47.4.2.jar:1.0]
	at java.util.Optional.map(Optional.java:260) ~[?:?]
	at net.minecraftforge.fml.earlydisplay.DisplayWindow.updateModuleReads(DisplayWindow.java:615) ~[fmlearlydisplay-1.20.1-47.4.2.jar:1.0]
	at net.minecraftforge.fml.loading.ImmediateWindowHandler.acceptGameLayer(ImmediateWindowHandler.java:71) ~[fmlloader-1.20.1-47.4.2.jar:1.0]
	at net.minecraftforge.fml.loading.FMLLoader.beforeStart(FMLLoader.java:216) ~[fmlloader-1.20.1-47.4.2.jar:1.0]
	at net.minecraftforge.fml.loading.targets.CommonLaunchHandler.launchService(CommonLaunchHandler.java:92) ~[fmlloader-1.20.1-47.4.2.jar:?]
	at cpw.mods.modlauncher.LaunchServiceHandlerDecorator.launch(LaunchServiceHandlerDecorator.java:30) ~[modlauncher-10.0.9.jar:?]
	at cpw.mods.modlauncher.LaunchServiceHandler.launch(LaunchServiceHandler.java:53) ~[modlauncher-10.0.9.jar:?]
	at cpw.mods.modlauncher.LaunchServiceHandler.launch(LaunchServiceHandler.java:71) ~[modlauncher-10.0.9.jar:?]
	at cpw.mods.modlauncher.Launcher.run(Launcher.java:108) ~[modlauncher-10.0.9.jar:?]
	at cpw.mods.modlauncher.Launcher.main(Launcher.java:78) ~[modlauncher-10.0.9.jar:?]
	at cpw.mods.modlauncher.BootstrapLaunchConsumer.accept(BootstrapLaunchConsumer.java:26) ~[modlauncher-10.0.9.jar:?]
	at cpw.mods.modlauncher.BootstrapLaunchConsumer.accept(BootstrapLaunchConsumer.java:23) ~[modlauncher-10.0.9.jar:?]
	at cpw.mods.bootstraplauncher.BootstrapLauncher.main(BootstrapLauncher.java:141) ~[bootstraplauncher-1.1.2.jar:?]
[20Jun2025 12:32:27.716] [main/DEBUG] [net.minecraftforge.coremod.transformer.CoreModBaseTransformer/COREMOD]: Transforming net/minecraft/world/level/biome/Biome
[20Jun2025 12:32:27.906] [main/DEBUG] [mixin/]: Prepared 104 mixins in 5.359 sec (51.5ms avg) (0ms load, 0ms transform, 0ms plugin)
[20Jun2025 12:32:27.933] [main/INFO] [MixinExtras|Service/]: Initializing MixinExtras via com.llamalad7.mixinextras.service.MixinExtrasServiceImpl(version=0.3.5).
[20Jun2025 12:32:27.936] [main/DEBUG] [mixin/]: Registering new injector for @SugarWrapper with com.llamalad7.mixinextras.sugar.impl.SugarWrapperInjectionInfo
[20Jun2025 12:32:27.938] [main/DEBUG] [mixin/]: Registering new injector for @FactoryRedirectWrapper with com.llamalad7.mixinextras.wrapper.factory.FactoryRedirectWrapperInjectionInfo
[20Jun2025 12:32:27.954] [main/DEBUG] [mixin/]: Mixing features.render.immediate.matrix_stack.VertexConsumerMixin from embeddium.mixins.json into com.mojang.blaze3d.vertex.VertexConsumer
[20Jun2025 12:32:28.026] [main/DEBUG] [mixin/]: Mixing features.textures.animations.tracking.DrawContextMixin from embeddium.mixins.json into net.minecraft.client.gui.GuiGraphics
[20Jun2025 12:32:28.421] [main/DEBUG] [mixin/]: Mixing client.MixinMinecraft from valkyrienskies-common.mixins.json into net.minecraft.client.Minecraft
[20Jun2025 12:32:28.489] [main/DEBUG] [mixin/]: Mixing core.render.MinecraftAccessor from embeddium.mixins.json into net.minecraft.client.Minecraft
[20Jun2025 12:32:28.523] [main/DEBUG] [mixin/]: Mixing core.MinecraftClientMixin from embeddium.mixins.json into net.minecraft.client.Minecraft
[20Jun2025 12:32:28.524] [main/DEBUG] [mixin/]: Renaming synthetic method lambda$postInit$0(Lnet/minecraft/client/gui/screens/Screen;)Lnet/minecraft/client/gui/screens/Screen; to md7c2925$lambda$postInit$0$0 in embeddium.mixins.json:core.MinecraftClientMixin
[20Jun2025 12:32:30.053] [main/DEBUG] [io.netty.util.internal.logging.InternalLoggerFactory/]: Using SLF4J as the default logging framework
[20Jun2025 12:32:30.068] [main/DEBUG] [io.netty.util.ResourceLeakDetector/]: -Dio.netty.leakDetection.level: simple
[20Jun2025 12:32:30.068] [main/DEBUG] [io.netty.util.ResourceLeakDetector/]: -Dio.netty.leakDetection.targetRecords: 4
[20Jun2025 12:32:30.630] [main/DEBUG] [oshi.util.FileUtil/]: No oshi.architecture.properties file found from ClassLoader cpw.mods.modlauncher.TransformingClassLoader@363c32cc
[20Jun2025 12:32:31.363] [main/DEBUG] [mixin/]: Mixing core.CrashReportExtenderMixin from embeddium.mixins.json into net.minecraftforge.logging.CrashReportExtender
[20Jun2025 12:32:31.456] [pool-4-thread-1/DEBUG] [mixin/]: Mixing accessors.resource.ResourceKeyAccessor from valkyrienskies-common.mixins.json into net.minecraft.resources.ResourceKey
[20Jun2025 12:32:31.464] [pool-4-thread-1/DEBUG] [mixin/]: Renaming @Invoker method callCreate(Lnet/minecraft/resources/ResourceLocation;Lnet/minecraft/resources/ResourceLocation;)Lnet/minecraft/resources/ResourceKey; to callCreate_$md$7c2925$0 in valkyrienskies-common.mixins.json:accessors.resource.ResourceKeyAccessor
[20Jun2025 12:32:31.640] [pool-4-thread-1/DEBUG] [mixin/]: Mixing accessors.entity.EntityAccessor from valkyrienskies-common.mixins.json into net.minecraft.world.entity.Entity
[20Jun2025 12:32:31.677] [pool-4-thread-1/DEBUG] [mixin/]: Mixing entity.MixinEntity from valkyrienskies-common.mixins.json into net.minecraft.world.entity.Entity
[20Jun2025 12:32:31.765] [pool-4-thread-1/DEBUG] [mixin/]: Mixing feature.distance_replace.MixinEntity from valkyrienskies-common.mixins.json into net.minecraft.world.entity.Entity
[20Jun2025 12:32:31.771] [pool-4-thread-1/DEBUG] [mixin/]: Mixing feature.entity_collision.MixinEntity from valkyrienskies-common.mixins.json into net.minecraft.world.entity.Entity
[20Jun2025 12:32:31.796] [pool-4-thread-1/DEBUG] [mixin/]: Mixing feature.shipyard_entities.MixinEntity from valkyrienskies-common.mixins.json into net.minecraft.world.entity.Entity
[20Jun2025 12:32:31.797] [pool-4-thread-1/DEBUG] [mixin/]: Renaming synthetic method lambda$positionRider$0(Lnet/minecraft/world/entity/Entity;DDD)V to md7c2925$lambda$positionRider$0$0 in valkyrienskies-common.mixins.json:feature.shipyard_entities.MixinEntity
[20Jun2025 12:32:31.805] [pool-4-thread-1/DEBUG] [mixin/]: Mixing feature.water_in_ships_entity.MixinEntity from valkyrienskies-forge.mixins.json into net.minecraft.world.entity.Entity
[20Jun2025 12:32:31.808] [pool-4-thread-1/DEBUG] [mixin/]: Renaming synthetic method lambda$getFluidStateRedirect$3([Lnet/minecraft/world/level/material/FluidState;Lcom/llamalad7/mixinextras/injector/wrapoperation/Operation;Lnet/minecraft/world/level/Level;DDD)V to md7c2925$lambda$getFluidStateRedirect$3$1 in valkyrienskies-forge.mixins.json:feature.water_in_ships_entity.MixinEntity
[20Jun2025 12:32:31.808] [pool-4-thread-1/DEBUG] [mixin/]: Renaming synthetic method lambda$afterFluidStateUpdate$2(Lnet/minecraft/world/phys/AABB;)V to md7c2925$lambda$afterFluidStateUpdate$2$2 in valkyrienskies-forge.mixins.json:feature.water_in_ships_entity.MixinEntity
[20Jun2025 12:32:31.809] [pool-4-thread-1/DEBUG] [mixin/]: Renaming synthetic method lambda$afterFluidStateUpdate$1(Lnet/minecraftforge/fluids/FluidType;Lorg/apache/commons/lang3/tuple/MutableTriple;)V to md7c2925$lambda$afterFluidStateUpdate$1$3 in valkyrienskies-forge.mixins.json:feature.water_in_ships_entity.MixinEntity
[20Jun2025 12:32:31.809] [pool-4-thread-1/DEBUG] [mixin/]: Renaming synthetic method lambda$afterFluidStateUpdate$0(Ljava/lang/Object;)Lorg/apache/commons/lang3/tuple/MutableTriple; to md7c2925$lambda$afterFluidStateUpdate$0$4 in valkyrienskies-forge.mixins.json:feature.water_in_ships_entity.MixinEntity
[20Jun2025 12:32:32.178] [pool-4-thread-1/DEBUG] [mixin/]: Mixing feature.dismount_dead_entities.MixinLivingEntity from valkyrienskies-common.mixins.json into net.minecraft.world.entity.LivingEntity
[20Jun2025 12:32:32.184] [pool-4-thread-1/DEBUG] [mixin/]: Mixing feature.ladders.MixinLivingEntity from valkyrienskies-common.mixins.json into net.minecraft.world.entity.LivingEntity
[20Jun2025 12:32:32.186] [pool-4-thread-1/DEBUG] [mixin/]: Renaming synthetic method lambda$onClimbableMixin$0(Lorg/spongepowered/asm/mixin/injection/callback/CallbackInfoReturnable;Lorg/valkyrienskies/mod/mixin/accessors/entity/EntityAccessor;DDD)V to md7c2925$lambda$onClimbableMixin$0$0 in valkyrienskies-common.mixins.json:feature.ladders.MixinLivingEntity
[20Jun2025 12:32:32.196] [pool-4-thread-1/DEBUG] [net.minecraftforge.coremod.transformer.CoreModBaseTransformer/COREMOD]: Transforming net/minecraft/world/entity/EntityType
[20Jun2025 12:32:32.435] [pool-4-thread-1/DEBUG] [mixin/]: Mixing feature.entity_collision.MixinPlayer from valkyrienskies-common.mixins.json into net.minecraft.world.entity.player.Player
[20Jun2025 12:32:32.436] [pool-4-thread-1/DEBUG] [mixin/]: Mixing world.entity.MixinPlayer from valkyrienskies-common.mixins.json into net.minecraft.world.entity.player.Player
[20Jun2025 12:32:32.439] [pool-4-thread-1/DEBUG] [mixin/]: Mixing client.player.MixinPlayer from valkyrienskies-common.mixins.json into net.minecraft.world.entity.player.Player
[20Jun2025 12:32:32.492] [pool-4-thread-1/DEBUG] [mixin/]: Mixing feature.forge_interact.MixinIForgePlayer from valkyrienskies-forge.mixins.json into net.minecraftforge.common.extensions.IForgePlayer
[20Jun2025 12:32:32.528] [pool-4-thread-1/DEBUG] [mixin/]: Mixing feature.clip_replace.MixinLevel from valkyrienskies-common.mixins.json into net.minecraft.world.level.Level
[20Jun2025 12:32:32.531] [pool-4-thread-1/DEBUG] [mixin/]: Mixing feature.get_entities.MixinLevel from valkyrienskies-common.mixins.json into net.minecraft.world.level.Level
[20Jun2025 12:32:32.533] [pool-4-thread-1/DEBUG] [mixin/]: Renaming synthetic method lambda$check2$1(Lnet/minecraft/world/phys/AABB;)V to md7c2925$lambda$check2$1$0 in valkyrienskies-common.mixins.json:feature.get_entities.MixinLevel
[20Jun2025 12:32:32.533] [pool-4-thread-1/DEBUG] [mixin/]: Renaming synthetic method lambda$check1$0(Lnet/minecraft/world/phys/AABB;)V to md7c2925$lambda$check1$0$1 in valkyrienskies-common.mixins.json:feature.get_entities.MixinLevel
[20Jun2025 12:32:32.543] [pool-4-thread-1/DEBUG] [mixin/]: Mixing feature.world_border.MixinLevel from valkyrienskies-common.mixins.json into net.minecraft.world.level.Level
[20Jun2025 12:32:32.545] [pool-4-thread-1/DEBUG] [mixin/]: Mixing world.level.MixinLevel from valkyrienskies-common.mixins.json into net.minecraft.world.level.Level
[20Jun2025 12:32:32.635] [pool-4-thread-1/DEBUG] [mixin/]: Mixing feature.shipyard_entities.MixinServerLevel from valkyrienskies-common.mixins.json into net.minecraft.server.level.ServerLevel
[20Jun2025 12:32:32.636] [pool-4-thread-1/DEBUG] [mixin/]: Mixing server.world.MixinServerLevel from valkyrienskies-common.mixins.json into net.minecraft.server.level.ServerLevel
[20Jun2025 12:32:32.909] [pool-4-thread-1/DEBUG] [net.minecraftforge.coremod.transformer.CoreModBaseTransformer/COREMOD]: Transforming net/minecraft/world/entity/EntityType
[20Jun2025 12:32:33.920] [pool-4-thread-1/DEBUG] [mixin/]: Mixing feature.commands.MixinArgumentTypeInfos from valkyrienskies-common.mixins.json into net.minecraft.commands.synchronization.ArgumentTypeInfos
[20Jun2025 12:32:34.088] [pool-4-thread-1/DEBUG] [mixin/]: Mixing world.level.block.FireMixin from valkyrienskies-forge.mixins.json into net.minecraft.world.level.block.FireBlock
[20Jun2025 12:32:34.094] [pool-4-thread-1/DEBUG] [mixin/]: Renaming synthetic method lambda$onPlaceMixin$1(Lnet/minecraft/world/level/Level;Lnet/minecraft/core/BlockPos;DDD)V to md7c2925$lambda$onPlaceMixin$1$0 in valkyrienskies-forge.mixins.json:world.level.block.FireMixin
[20Jun2025 12:32:34.094] [pool-4-thread-1/DEBUG] [mixin/]: Renaming synthetic method lambda$fireTickMixin$0(Lnet/minecraft/server/level/ServerLevel;Lnet/minecraft/core/BlockPos;Lnet/minecraft/world/level/block/state/BlockState;Lnet/minecraft/util/RandomSource;DDD)V to md7c2925$lambda$fireTickMixin$0$1 in valkyrienskies-forge.mixins.json:world.level.block.FireMixin
[20Jun2025 12:32:34.167] [pool-4-thread-1/DEBUG] [mixin/]: Mixing features.render.immediate.DirectionMixin from embeddium.mixins.json into net.minecraft.core.Direction
[20Jun2025 12:32:34.598] [pool-4-thread-1/DEBUG] [net.minecraftforge.coremod.transformer.CoreModBaseTransformer/COREMOD]: Transforming net/minecraft/world/level/block/LiquidBlock
[20Jun2025 12:32:34.622] [pool-4-thread-1/DEBUG] [mixin/]: Mixing features.options.render_layers.LeavesBlockMixin from embeddium.mixins.json into net.minecraft.world.level.block.LeavesBlock
[20Jun2025 12:32:34.728] [pool-4-thread-1/DEBUG] [net.minecraftforge.coremod.transformer.CoreModBaseTransformer/COREMOD]: Transforming net/minecraft/world/level/block/StairBlock
[20Jun2025 12:32:34.729] [pool-4-thread-1/DEBUG] [mixin/]: Mixing accessors.world.level.block.StairBlockAccessor from valkyrienskies-common.mixins.json into net.minecraft.world.level.block.StairBlock
[20Jun2025 12:32:34.729] [pool-4-thread-1/DEBUG] [mixin/]: Renaming @Accessor method getTopShapes()[Lnet/minecraft/world/phys/shapes/VoxelShape; to getTopShapes_$md$7c2925$0 in valkyrienskies-common.mixins.json:accessors.world.level.block.StairBlockAccessor
[20Jun2025 12:32:34.737] [pool-4-thread-1/DEBUG] [mixin/]: Renaming @Accessor method getBottomShapes()[Lnet/minecraft/world/phys/shapes/VoxelShape; to getBottomShapes_$md$7c2925$1 in valkyrienskies-common.mixins.json:accessors.world.level.block.StairBlockAccessor
[20Jun2025 12:32:34.901] [pool-4-thread-1/DEBUG] [net.minecraftforge.coremod.transformer.CoreModBaseTransformer/COREMOD]: Transforming net/minecraft/world/level/block/FlowerPotBlock
[20Jun2025 12:32:34.947] [pool-4-thread-1/DEBUG] [mixin/]: Mixing accessors.world.level.block.SlabBlockAccessor from valkyrienskies-common.mixins.json into net.minecraft.world.level.block.SlabBlock
[20Jun2025 12:32:34.948] [pool-4-thread-1/DEBUG] [mixin/]: Renaming @Accessor method getBottomAABB()Lnet/minecraft/world/phys/shapes/VoxelShape; to getBottomAABB_$md$7c2925$0 in valkyrienskies-common.mixins.json:accessors.world.level.block.SlabBlockAccessor
[20Jun2025 12:32:34.956] [pool-4-thread-1/DEBUG] [mixin/]: Renaming @Accessor method getTopAABB()Lnet/minecraft/world/phys/shapes/VoxelShape; to getTopAABB_$md$7c2925$1 in valkyrienskies-common.mixins.json:accessors.world.level.block.SlabBlockAccessor
[20Jun2025 12:32:35.179] [pool-4-thread-1/DEBUG] [mixin/]: Mixing feature.fluid_escaping_ship_config.MixinFlowingFluid from valkyrienskies-common.mixins.json into net.minecraft.world.level.material.FlowingFluid
[20Jun2025 12:32:35.202] [pool-4-thread-1/DEBUG] [mixin/]: Mixing feature.fire_between_ship_and_world.LavaFluidMixin from valkyrienskies-common.mixins.json into net.minecraft.world.level.material.LavaFluid
[20Jun2025 12:32:35.202] [pool-4-thread-1/DEBUG] [mixin/]: Renaming synthetic method lambda$fireTickMixin$0(Lnet/minecraft/world/level/Level;Lnet/minecraft/world/level/material/FluidState;Lnet/minecraft/util/RandomSource;DDD)V to md7c2925$lambda$fireTickMixin$0$0 in valkyrienskies-common.mixins.json:feature.fire_between_ship_and_world.LavaFluidMixin
[20Jun2025 12:32:35.541] [pool-4-thread-1/DEBUG] [mixin/]: Mixing feature.dispensers.MixinDefaultDispenseItemBehavior from valkyrienskies-common.mixins.json into net.minecraft.core.dispenser.DefaultDispenseItemBehavior
[20Jun2025 12:32:35.549] [pool-4-thread-1/DEBUG] [net.minecraftforge.coremod.transformer.CoreModBaseTransformer/COREMOD]: Transforming net/minecraft/world/item/ItemStack
[20Jun2025 12:32:36.340] [pool-4-thread-1/DEBUG] [mixin/]: Mixing feature.screen_distance_check.MixinScreenHandler from valkyrienskies-common.mixins.json into net.minecraft.world.inventory.AbstractContainerMenu
[20Jun2025 12:32:36.814] [pool-4-thread-1/DEBUG] [net.minecraftforge.coremod.transformer.CoreModBaseTransformer/COREMOD]: Transforming net/minecraft/world/item/ItemStack
[20Jun2025 12:32:37.396] [pool-4-thread-1/DEBUG] [mixin/]: Mixing feature.conduit_fix.ConduitMixin from valkyrienskies-common.mixins.json into net.minecraft.world.level.block.entity.ConduitBlockEntity
[20Jun2025 12:32:38.791] [pool-4-thread-1/DEBUG] [net.minecraftforge.coremod.transformer.CoreModBaseTransformer/COREMOD]: Transforming net/minecraft/world/entity/animal/frog/Tadpole
[20Jun2025 12:32:38.843] [pool-4-thread-1/DEBUG] [mixin/]: Mixing feature.block_placement_orientation.MixinBlockItem from valkyrienskies-common.mixins.json into net.minecraft.world.item.BlockItem
[20Jun2025 12:32:38.853] [pool-4-thread-1/DEBUG] [mixin/]: Mixing feature.mass_tooltip.MixinBlockItem from valkyrienskies-common.mixins.json into net.minecraft.world.item.BlockItem
[20Jun2025 12:32:38.983] [pool-4-thread-1/DEBUG] [net.minecraftforge.coremod.transformer.CoreModBaseTransformer/COREMOD]: Transforming net/minecraft/world/item/BucketItem
[20Jun2025 12:32:41.464] [pool-4-thread-1/DEBUG] [net.minecraftforge.coremod.transformer.CoreModBaseTransformer/COREMOD]: Transforming net/minecraft/world/entity/monster/Spider
[20Jun2025 12:32:41.606] [pool-4-thread-1/DEBUG] [net.minecraftforge.coremod.transformer.CoreModBaseTransformer/COREMOD]: Transforming net/minecraft/world/entity/monster/Zombie
[20Jun2025 12:32:41.684] [pool-4-thread-1/DEBUG] [net.minecraftforge.coremod.transformer.CoreModBaseTransformer/COREMOD]: Transforming net/minecraft/world/entity/monster/ZombieVillager
[20Jun2025 12:32:41.798] [Datafixer Bootstrap/INFO] [com.mojang.datafixers.DataFixerBuilder/]: 188 Datafixer optimizations took 553 milliseconds
[20Jun2025 12:32:41.875] [pool-4-thread-1/DEBUG] [net.minecraftforge.coremod.transformer.CoreModBaseTransformer/COREMOD]: Transforming net/minecraft/world/entity/monster/Evoker$EvokerSummonSpellGoal
[20Jun2025 12:32:41.909] [pool-4-thread-1/DEBUG] [mixin/]: Mixing feature.block_placement_orientation.MixinBlockPlaceContext from valkyrienskies-common.mixins.json into net.minecraft.world.item.context.BlockPlaceContext
[20Jun2025 12:32:41.910] [pool-4-thread-1/DEBUG] [mixin/]: Renaming synthetic method lambda$transformPlayerBeforeGettingNearest$0(Lcom/llamalad7/mixinextras/injector/wrapoperation/Operation;Lnet/minecraft/world/entity/Entity;)[Lnet/minecraft/core/Direction; to md7c2925$lambda$transformPlayerBeforeGettingNearest$0$0 in valkyrienskies-common.mixins.json:feature.block_placement_orientation.MixinBlockPlaceContext
[20Jun2025 12:32:42.363] [pool-4-thread-1/DEBUG] [net.minecraftforge.coremod.transformer.CoreModBaseTransformer/COREMOD]: Transforming net/minecraft/world/entity/animal/horse/SkeletonTrapGoal
[20Jun2025 12:32:42.408] [pool-4-thread-1/DEBUG] [net.minecraftforge.coremod.transformer.CoreModBaseTransformer/COREMOD]: Transforming net/minecraft/world/entity/monster/Strider
[20Jun2025 12:32:42.541] [pool-4-thread-1/DEBUG] [mixin/]: Mixing feature.bed_fix.MixinServerPlayer from valkyrienskies-common.mixins.json into net.minecraft.server.level.ServerPlayer
[20Jun2025 12:32:42.542] [pool-4-thread-1/DEBUG] [mixin/]: Renaming synthetic method lambda$isReachableBedBlock$0(Lorg/spongepowered/asm/mixin/injection/callback/CallbackInfoReturnable;DDD)V to md7c2925$lambda$isReachableBedBlock$0$0 in valkyrienskies-common.mixins.json:feature.bed_fix.MixinServerPlayer
[20Jun2025 12:32:42.543] [pool-4-thread-1/DEBUG] [mixin/]: Mixing server.command.level.MixinServerPlayer from valkyrienskies-common.mixins.json into net.minecraft.server.level.ServerPlayer
[20Jun2025 12:32:42.616] [pool-4-thread-1/DEBUG] [mixin/]: Mixing feature.world_border.MixinWorldBorder from valkyrienskies-common.mixins.json into net.minecraft.world.level.border.WorldBorder
[20Jun2025 12:32:42.678] [pool-4-thread-1/DEBUG] [mixin/]: Mixing world.chunk.MixinLevelChunk from valkyrienskies-common.mixins.json into net.minecraft.world.level.chunk.LevelChunk
[20Jun2025 12:32:42.771] [pool-4-thread-1/DEBUG] [net.minecraftforge.coremod.transformer.CoreModBaseTransformer/COREMOD]: Transforming net/minecraft/world/entity/npc/Villager
[20Jun2025 12:32:42.958] [pool-4-thread-1/DEBUG] [net.minecraftforge.coremod.transformer.CoreModBaseTransformer/COREMOD]: Transforming net/minecraft/world/effect/MobEffectInstance
[20Jun2025 12:32:43.111] [pool-4-thread-1/DEBUG] [mixin/]: Mixing feature.spawn_player_on_ship.MixinServerGamePacketListenerImpl from valkyrienskies-common.mixins.json into net.minecraft.server.network.ServerGamePacketListenerImpl
[20Jun2025 12:32:43.112] [pool-4-thread-1/DEBUG] [mixin/]: Mixing server.network.MixinServerGamePacketListenerImpl from valkyrienskies-common.mixins.json into net.minecraft.server.network.ServerGamePacketListenerImpl
[20Jun2025 12:32:43.303] [pool-4-thread-1/DEBUG] [mixin/]: Mixing commands.argument.selector.MixinEntitySelectorParser from valkyrienskies-common.mixins.json into net.minecraft.commands.arguments.selector.EntitySelectorParser
[20Jun2025 12:32:43.501] [pool-4-thread-1/DEBUG] [mixin/]: Mixing world.level.chunk.MixinChunkGenerator from valkyrienskies-common.mixins.json into net.minecraft.world.level.chunk.ChunkGenerator
[20Jun2025 12:32:44.405] [pool-4-thread-1/DEBUG] [net.minecraftforge.coremod.transformer.CoreModBaseTransformer/COREMOD]: Transforming net/minecraft/world/level/levelgen/structure/Structure
[20Jun2025 12:32:44.498] [pool-4-thread-1/DEBUG] [net.minecraftforge.coremod.transformer.CoreModBaseTransformer/COREMOD]: Transforming net/minecraft/world/level/levelgen/structure/structures/OceanRuinPieces$OceanRuinPiece
[20Jun2025 12:32:44.515] [pool-4-thread-1/DEBUG] [net.minecraftforge.coremod.transformer.CoreModBaseTransformer/COREMOD]: Transforming net/minecraft/world/level/levelgen/structure/structures/SwampHutPiece
[20Jun2025 12:32:44.533] [pool-4-thread-1/DEBUG] [net.minecraftforge.coremod.transformer.CoreModBaseTransformer/COREMOD]: Transforming net/minecraft/world/level/levelgen/structure/structures/OceanMonumentPieces$OceanMonumentPiece
[20Jun2025 12:32:44.571] [pool-4-thread-1/DEBUG] [net.minecraftforge.coremod.transformer.CoreModBaseTransformer/COREMOD]: Transforming net/minecraft/world/level/levelgen/structure/structures/WoodlandMansionPieces$WoodlandMansionPiece
[20Jun2025 12:32:44.858] [pool-4-thread-1/DEBUG] [net.minecraftforge.coremod.transformer.CoreModBaseTransformer/COREMOD]: Transforming net/minecraft/world/level/biome/Biome
[20Jun2025 12:32:44.860] [pool-4-thread-1/DEBUG] [mixin/]: Mixing features.world.biome.BiomeMixin from embeddium.mixins.json into net.minecraft.world.level.biome.Biome
[20Jun2025 12:32:45.040] [pool-4-thread-1/DEBUG] [mixin/]: Mixing world.level.levelgen.MixinNoiseBasedChunkGenerator from valkyrienskies-common.mixins.json into net.minecraft.world.level.levelgen.NoiseBasedChunkGenerator
[20Jun2025 12:32:45.167] [pool-4-thread-1/DEBUG] [mixin/]: Mixing world.level.levelgen.MixinFlatLevelSource from valkyrienskies-common.mixins.json into net.minecraft.world.level.levelgen.FlatLevelSource
[20Jun2025 12:32:45.533] [pool-4-thread-1/DEBUG] [net.minecraftforge.registries.GameData/REGISTRIES]: Creating vanilla freeze snapshot
[20Jun2025 12:32:45.543] [pool-4-thread-1/DEBUG] [net.minecraftforge.registries.ForgeRegistry/REGISTRIES]: Registry minecraft:block Sync: VANILLA -> ACTIVE
[20Jun2025 12:32:45.565] [pool-4-thread-1/DEBUG] [net.minecraftforge.registries.ForgeRegistry/REGISTRIES]: Registry minecraft:fluid Sync: VANILLA -> ACTIVE
[20Jun2025 12:32:45.565] [pool-4-thread-1/DEBUG] [net.minecraftforge.registries.ForgeRegistry/REGISTRIES]: Registry minecraft:item Sync: VANILLA -> ACTIVE
[20Jun2025 12:32:45.582] [pool-4-thread-1/DEBUG] [net.minecraftforge.registries.ForgeRegistry/REGISTRIES]: Registry minecraft:mob_effect Sync: VANILLA -> ACTIVE
[20Jun2025 12:32:45.583] [pool-4-thread-1/DEBUG] [net.minecraftforge.registries.ForgeRegistry/REGISTRIES]: Registry minecraft:sound_event Sync: VANILLA -> ACTIVE
[20Jun2025 12:32:45.601] [pool-4-thread-1/DEBUG] [net.minecraftforge.registries.ForgeRegistry/REGISTRIES]: Registry minecraft:potion Sync: VANILLA -> ACTIVE
[20Jun2025 12:32:45.602] [pool-4-thread-1/DEBUG] [net.minecraftforge.registries.ForgeRegistry/REGISTRIES]: Registry minecraft:enchantment Sync: VANILLA -> ACTIVE
[20Jun2025 12:32:45.603] [pool-4-thread-1/DEBUG] [net.minecraftforge.registries.ForgeRegistry/REGISTRIES]: Registry minecraft:entity_type Sync: VANILLA -> ACTIVE
[20Jun2025 12:32:45.605] [pool-4-thread-1/DEBUG] [net.minecraftforge.registries.ForgeRegistry/REGISTRIES]: Registry minecraft:block_entity_type Sync: VANILLA -> ACTIVE
[20Jun2025 12:32:45.606] [pool-4-thread-1/DEBUG] [net.minecraftforge.registries.ForgeRegistry/REGISTRIES]: Registry minecraft:particle_type Sync: VANILLA -> ACTIVE
[20Jun2025 12:32:45.608] [pool-4-thread-1/DEBUG] [net.minecraftforge.registries.ForgeRegistry/REGISTRIES]: Registry minecraft:menu Sync: VANILLA -> ACTIVE
[20Jun2025 12:32:45.609] [pool-4-thread-1/DEBUG] [net.minecraftforge.registries.ForgeRegistry/REGISTRIES]: Registry minecraft:painting_variant Sync: VANILLA -> ACTIVE
[20Jun2025 12:32:45.609] [pool-4-thread-1/DEBUG] [net.minecraftforge.registries.ForgeRegistry/REGISTRIES]: Registry minecraft:recipe_type Sync: VANILLA -> ACTIVE
[20Jun2025 12:32:45.611] [pool-4-thread-1/DEBUG] [net.minecraftforge.registries.ForgeRegistry/REGISTRIES]: Registry minecraft:recipe_serializer Sync: VANILLA -> ACTIVE
[20Jun2025 12:32:45.611] [pool-4-thread-1/DEBUG] [net.minecraftforge.registries.ForgeRegistry/REGISTRIES]: Registry minecraft:attribute Sync: VANILLA -> ACTIVE
[20Jun2025 12:32:45.612] [pool-4-thread-1/DEBUG] [net.minecraftforge.registries.ForgeRegistry/REGISTRIES]: Registry minecraft:stat_type Sync: VANILLA -> ACTIVE
[20Jun2025 12:32:45.613] [pool-4-thread-1/DEBUG] [net.minecraftforge.registries.ForgeRegistry/REGISTRIES]: Registry minecraft:command_argument_type Sync: VANILLA -> ACTIVE
[20Jun2025 12:32:45.614] [pool-4-thread-1/DEBUG] [net.minecraftforge.registries.ForgeRegistry/REGISTRIES]: Registry minecraft:villager_profession Sync: VANILLA -> ACTIVE
[20Jun2025 12:32:45.615] [pool-4-thread-1/DEBUG] [net.minecraftforge.registries.ForgeRegistry/REGISTRIES]: Registry minecraft:point_of_interest_type Sync: VANILLA -> ACTIVE
[20Jun2025 12:32:45.621] [pool-4-thread-1/DEBUG] [net.minecraftforge.registries.ForgeRegistry/REGISTRIES]: Registry minecraft:memory_module_type Sync: VANILLA -> ACTIVE
[20Jun2025 12:32:45.624] [pool-4-thread-1/DEBUG] [net.minecraftforge.registries.ForgeRegistry/REGISTRIES]: Registry minecraft:sensor_type Sync: VANILLA -> ACTIVE
[20Jun2025 12:32:45.625] [pool-4-thread-1/DEBUG] [net.minecraftforge.registries.ForgeRegistry/REGISTRIES]: Registry minecraft:schedule Sync: VANILLA -> ACTIVE
[20Jun2025 12:32:45.626] [pool-4-thread-1/DEBUG] [net.minecraftforge.registries.ForgeRegistry/REGISTRIES]: Registry minecraft:activity Sync: VANILLA -> ACTIVE
[20Jun2025 12:32:45.626] [pool-4-thread-1/DEBUG] [net.minecraftforge.registries.ForgeRegistry/REGISTRIES]: Registry minecraft:worldgen/carver Sync: VANILLA -> ACTIVE
[20Jun2025 12:32:45.627] [pool-4-thread-1/DEBUG] [net.minecraftforge.registries.ForgeRegistry/REGISTRIES]: Registry minecraft:worldgen/feature Sync: VANILLA -> ACTIVE
[20Jun2025 12:32:45.629] [pool-4-thread-1/DEBUG] [net.minecraftforge.registries.ForgeRegistry/REGISTRIES]: Registry minecraft:chunk_status Sync: VANILLA -> ACTIVE
[20Jun2025 12:32:45.629] [pool-4-thread-1/DEBUG] [net.minecraftforge.registries.ForgeRegistry/REGISTRIES]: Registry minecraft:worldgen/block_state_provider_type Sync: VANILLA -> ACTIVE
[20Jun2025 12:32:45.630] [pool-4-thread-1/DEBUG] [net.minecraftforge.registries.ForgeRegistry/REGISTRIES]: Registry minecraft:worldgen/foliage_placer_type Sync: VANILLA -> ACTIVE
[20Jun2025 12:32:45.631] [pool-4-thread-1/DEBUG] [net.minecraftforge.registries.ForgeRegistry/REGISTRIES]: Registry minecraft:worldgen/tree_decorator_type Sync: VANILLA -> ACTIVE
[20Jun2025 12:32:45.632] [pool-4-thread-1/DEBUG] [net.minecraftforge.registries.ForgeRegistry/REGISTRIES]: Registry minecraft:worldgen/biome Sync: VANILLA -> ACTIVE
[20Jun2025 12:32:45.648] [pool-4-thread-1/DEBUG] [net.minecraftforge.registries.GameData/REGISTRIES]: Vanilla freeze snapshot created
[20Jun2025 12:32:45.814] [pool-4-thread-1/DEBUG] [io.netty.util.internal.PlatformDependent0/]: -Dio.netty.noUnsafe: false
[20Jun2025 12:32:45.818] [pool-4-thread-1/DEBUG] [io.netty.util.internal.PlatformDependent0/]: Java version: 17
[20Jun2025 12:32:45.826] [pool-4-thread-1/DEBUG] [io.netty.util.internal.PlatformDependent0/]: sun.misc.Unsafe.theUnsafe: available
[20Jun2025 12:32:45.830] [pool-4-thread-1/DEBUG] [io.netty.util.internal.PlatformDependent0/]: sun.misc.Unsafe.copyMemory: available
[20Jun2025 12:32:45.832] [pool-4-thread-1/DEBUG] [io.netty.util.internal.PlatformDependent0/]: sun.misc.Unsafe.storeFence: available
[20Jun2025 12:32:45.835] [pool-4-thread-1/DEBUG] [io.netty.util.internal.PlatformDependent0/]: java.nio.Buffer.address: available
[20Jun2025 12:32:45.844] [pool-4-thread-1/DEBUG] [io.netty.util.internal.PlatformDependent0/]: direct buffer constructor: unavailable
java.lang.UnsupportedOperationException: Reflective setAccessible(true) disabled
	at io.netty.util.internal.ReflectionUtil.trySetAccessible(ReflectionUtil.java:31) ~[netty-common-4.1.82.Final.jar%23151!/:4.1.82.Final]
	at io.netty.util.internal.PlatformDependent0$5.run(PlatformDependent0.java:288) ~[netty-common-4.1.82.Final.jar%23151!/:4.1.82.Final]
	at java.security.AccessController.doPrivileged(AccessController.java:318) ~[?:?]
	at io.netty.util.internal.PlatformDependent0.<clinit>(PlatformDependent0.java:282) ~[netty-common-4.1.82.Final.jar%23151!/:4.1.82.Final]
	at io.netty.util.internal.PlatformDependent.isAndroid(PlatformDependent.java:333) ~[netty-common-4.1.82.Final.jar%23151!/:4.1.82.Final]
	at io.netty.util.internal.PlatformDependent.<clinit>(PlatformDependent.java:88) ~[netty-common-4.1.82.Final.jar%23151!/:4.1.82.Final]
	at io.netty.util.ConstantPool.<init>(ConstantPool.java:34) ~[netty-common-4.1.82.Final.jar%23151!/:4.1.82.Final]
	at io.netty.util.AttributeKey$1.<init>(AttributeKey.java:27) ~[netty-common-4.1.82.Final.jar%23151!/:4.1.82.Final]
	at io.netty.util.AttributeKey.<clinit>(AttributeKey.java:27) ~[netty-common-4.1.82.Final.jar%23151!/:4.1.82.Final]
	at net.minecraftforge.network.NetworkConstants.<clinit>(NetworkConstants.java:34) ~[forge-1.20.1-47.4.2_mapped_official_1.20.1-recomp.jar%23190%23197!/:?]
	at net.minecraftforge.network.NetworkHooks.init(NetworkHooks.java:52) ~[forge-1.20.1-47.4.2_mapped_official_1.20.1-recomp.jar%23190%23197!/:?]
	at net.minecraft.server.Bootstrap.bootStrap(Bootstrap.java:62) ~[forge-1.20.1-47.4.2_mapped_official_1.20.1-recomp.jar%23191!/:?]
	at net.minecraft.client.main.Main.lambda$main$0(Main.java:151) ~[forge-1.20.1-47.4.2_mapped_official_1.20.1-recomp.jar%23191!/:?]
	at java.util.concurrent.Executors$RunnableAdapter.call(Executors.java:539) ~[?:?]
	at java.util.concurrent.FutureTask.run(FutureTask.java:264) ~[?:?]
	at java.util.concurrent.ThreadPoolExecutor.runWorker(ThreadPoolExecutor.java:1136) ~[?:?]
	at java.util.concurrent.ThreadPoolExecutor$Worker.run(ThreadPoolExecutor.java:635) ~[?:?]
	at java.lang.Thread.run(Thread.java:840) ~[?:?]
[20Jun2025 12:32:45.862] [pool-4-thread-1/DEBUG] [io.netty.util.internal.PlatformDependent0/]: java.nio.Bits.unaligned: available, true
[20Jun2025 12:32:45.873] [pool-4-thread-1/DEBUG] [io.netty.util.internal.PlatformDependent0/]: jdk.internal.misc.Unsafe.allocateUninitializedArray(int): unavailable
java.lang.IllegalAccessException: class io.netty.util.internal.PlatformDependent0$7 (in module io.netty.common) cannot access class jdk.internal.misc.Unsafe (in module java.base) because module java.base does not export jdk.internal.misc to module io.netty.common
	at jdk.internal.reflect.Reflection.newIllegalAccessException(Reflection.java:392) ~[?:?]
	at java.lang.reflect.AccessibleObject.checkAccess(AccessibleObject.java:674) ~[?:?]
	at java.lang.reflect.Method.invoke(Method.java:561) ~[?:?]
	at io.netty.util.internal.PlatformDependent0$7.run(PlatformDependent0.java:410) ~[netty-common-4.1.82.Final.jar%23151!/:4.1.82.Final]
	at java.security.AccessController.doPrivileged(AccessController.java:318) ~[?:?]
	at io.netty.util.internal.PlatformDependent0.<clinit>(PlatformDependent0.java:401) ~[netty-common-4.1.82.Final.jar%23151!/:4.1.82.Final]
	at io.netty.util.internal.PlatformDependent.isAndroid(PlatformDependent.java:333) ~[netty-common-4.1.82.Final.jar%23151!/:4.1.82.Final]
	at io.netty.util.internal.PlatformDependent.<clinit>(PlatformDependent.java:88) ~[netty-common-4.1.82.Final.jar%23151!/:4.1.82.Final]
	at io.netty.util.ConstantPool.<init>(ConstantPool.java:34) ~[netty-common-4.1.82.Final.jar%23151!/:4.1.82.Final]
	at io.netty.util.AttributeKey$1.<init>(AttributeKey.java:27) ~[netty-common-4.1.82.Final.jar%23151!/:4.1.82.Final]
	at io.netty.util.AttributeKey.<clinit>(AttributeKey.java:27) ~[netty-common-4.1.82.Final.jar%23151!/:4.1.82.Final]
	at net.minecraftforge.network.NetworkConstants.<clinit>(NetworkConstants.java:34) ~[forge-1.20.1-47.4.2_mapped_official_1.20.1-recomp.jar%23190%23197!/:?]
	at net.minecraftforge.network.NetworkHooks.init(NetworkHooks.java:52) ~[forge-1.20.1-47.4.2_mapped_official_1.20.1-recomp.jar%23190%23197!/:?]
	at net.minecraft.server.Bootstrap.bootStrap(Bootstrap.java:62) ~[forge-1.20.1-47.4.2_mapped_official_1.20.1-recomp.jar%23191!/:?]
	at net.minecraft.client.main.Main.lambda$main$0(Main.java:151) ~[forge-1.20.1-47.4.2_mapped_official_1.20.1-recomp.jar%23191!/:?]
	at java.util.concurrent.Executors$RunnableAdapter.call(Executors.java:539) ~[?:?]
	at java.util.concurrent.FutureTask.run(FutureTask.java:264) ~[?:?]
	at java.util.concurrent.ThreadPoolExecutor.runWorker(ThreadPoolExecutor.java:1136) ~[?:?]
	at java.util.concurrent.ThreadPoolExecutor$Worker.run(ThreadPoolExecutor.java:635) ~[?:?]
	at java.lang.Thread.run(Thread.java:840) ~[?:?]
[20Jun2025 12:32:45.886] [pool-4-thread-1/DEBUG] [io.netty.util.internal.PlatformDependent0/]: java.nio.DirectByteBuffer.<init>(long, int): unavailable
[20Jun2025 12:32:45.886] [pool-4-thread-1/DEBUG] [io.netty.util.internal.PlatformDependent/]: sun.misc.Unsafe: available
[20Jun2025 12:32:45.889] [pool-4-thread-1/DEBUG] [io.netty.util.internal.PlatformDependent/]: maxDirectMemory: 4114612224 bytes (maybe)
[20Jun2025 12:32:45.890] [pool-4-thread-1/DEBUG] [io.netty.util.internal.PlatformDependent/]: -Dio.netty.tmpdir: C:\Users\sampw\AppData\Local\Temp (java.io.tmpdir)
[20Jun2025 12:32:45.890] [pool-4-thread-1/DEBUG] [io.netty.util.internal.PlatformDependent/]: -Dio.netty.bitMode: 64 (sun.arch.data.model)
[20Jun2025 12:32:45.891] [pool-4-thread-1/DEBUG] [io.netty.util.internal.PlatformDependent/]: Platform: Windows
[20Jun2025 12:32:45.899] [pool-4-thread-1/DEBUG] [io.netty.util.internal.PlatformDependent/]: -Dio.netty.maxDirectMemory: -1 bytes
[20Jun2025 12:32:45.900] [pool-4-thread-1/DEBUG] [io.netty.util.internal.PlatformDependent/]: -Dio.netty.uninitializedArrayAllocationThreshold: -1
[20Jun2025 12:32:45.922] [pool-4-thread-1/DEBUG] [io.netty.util.internal.CleanerJava9/]: java.nio.ByteBuffer.cleaner(): available
[20Jun2025 12:32:45.923] [pool-4-thread-1/DEBUG] [io.netty.util.internal.PlatformDependent/]: -Dio.netty.noPreferDirect: false
[20Jun2025 12:32:46.189] [pool-4-thread-1/DEBUG] [net.minecraftforge.network.NetworkHooks/]: Loading Network data for FML net version: FML3
[20Jun2025 12:32:46.238] [Render thread/DEBUG] [mixin/]: Mixing workarounds.event_loop.RenderSystemMixin from embeddium.mixins.json into com.mojang.blaze3d.systems.RenderSystem
[20Jun2025 12:32:46.263] [Render thread/DEBUG] [mixin/]: Mixing features.render.immediate.buffer_builder.BufferBuilderMixin from embeddium.mixins.json into com.mojang.blaze3d.vertex.BufferBuilder
[20Jun2025 12:32:46.269] [Render thread/DEBUG] [mixin/]: Mixing core.render.immediate.consumer.BufferBuilderMixin from embeddium.mixins.json into com.mojang.blaze3d.vertex.BufferBuilder
[20Jun2025 12:32:46.281] [Render thread/DEBUG] [mixin/]: Mixing features.render.immediate.buffer_builder.sorting.BufferBuilderMixin from embeddium.mixins.json into com.mojang.blaze3d.vertex.BufferBuilder
[20Jun2025 12:32:46.289] [Render thread/DEBUG] [mixin/]: Mixing features.render.immediate.buffer_builder.intrinsics.BufferBuilderMixin from embeddium.mixins.json into com.mojang.blaze3d.vertex.BufferBuilder
[20Jun2025 12:32:46.585] [Render thread/DEBUG] [mixin/]: Mixing features.render.immediate.buffer_builder.sorting.VertexSorterMixin from embeddium.mixins.json into com.mojang.blaze3d.vertex.VertexSorting
[20Jun2025 12:32:46.594] [Render thread/DEBUG] [mixin/]: Mixing core.render.MatrixStackMixin from embeddium.mixins.json into com.mojang.blaze3d.vertex.PoseStack
[20Jun2025 12:32:46.617] [Render thread/DEBUG] [mixin/]: Mixing feature.vs2_alpha_hud.MixinGui from valkyrienskies-common.mixins.json into net.minecraft.client.gui.Gui
[20Jun2025 12:32:46.622] [Render thread/DEBUG] [mixin/]: Mixing features.options.overlays.InGameHudMixin from embeddium.mixins.json into net.minecraft.client.gui.Gui
[20Jun2025 12:32:46.654] [Render thread/DEBUG] [mixin/]: Mixing features.render.gui.debug.ForgeGuiMixin from embeddium.mixins.json into net.minecraftforge.client.gui.overlay.ForgeGui
[20Jun2025 12:32:46.654] [Render thread/DEBUG] [mixin/]: Renaming synthetic method lambda$renderLinesVanilla$0(Lme/jellysquid/mods/sodium/mixin/features/render/gui/debug/DebugScreenOverlayAccessor;Lnet/minecraft/client/gui/GuiGraphics;Ljava/util/ArrayList;Ljava/util/ArrayList;)V to md7c2925$lambda$renderLinesVanilla$0$0 in embeddium.mixins.json:features.render.gui.debug.ForgeGuiMixin
[20Jun2025 12:32:46.721] [Render thread/DEBUG] [mixin/]: Mixing features.render.world.ClientLevelMixin from embeddium.mixins.json into net.minecraft.client.multiplayer.ClientLevel
[20Jun2025 12:32:46.722] [Render thread/DEBUG] [mixin/]: Renaming synthetic method lambda$new$0(Lnet/minecraft/world/level/biome/AmbientParticleSettings;)V to md7c2925$lambda$new$0$0 in embeddium.mixins.json:features.render.world.ClientLevelMixin
[20Jun2025 12:32:46.726] [Render thread/DEBUG] [mixin/]: Mixing accessors.client.multiplayer.ClientLevelAccessor from valkyrienskies-common.mixins.json into net.minecraft.client.multiplayer.ClientLevel
[20Jun2025 12:32:46.734] [Render thread/DEBUG] [mixin/]: Mixing client.world.MixinClientLevel from valkyrienskies-common.mixins.json into net.minecraft.client.multiplayer.ClientLevel
[20Jun2025 12:32:46.734] [Render thread/DEBUG] [mixin/]: Renaming synthetic method lambda$animateTickVS$0(Lnet/minecraft/client/multiplayer/ClientLevel;Lnet/minecraft/core/BlockPos$MutableBlockPos;Lnet/minecraft/world/level/biome/AmbientParticleSettings;)V to md7c2925$lambda$animateTickVS$0$1 in valkyrienskies-common.mixins.json:client.world.MixinClientLevel
[20Jun2025 12:32:46.748] [Render thread/DEBUG] [mixin/]: Mixing feature.block_tint.MixinClientLevel from valkyrienskies-common.mixins.json into net.minecraft.client.multiplayer.ClientLevel
[20Jun2025 12:32:46.749] [Render thread/DEBUG] [mixin/]: Mixing feature.shipyard_entities.MixinClientLevel from valkyrienskies-common.mixins.json into net.minecraft.client.multiplayer.ClientLevel
[20Jun2025 12:32:46.749] [Render thread/DEBUG] [mixin/]: Mixing core.world.biome.ClientWorldMixin from embeddium.mixins.json into net.minecraft.client.multiplayer.ClientLevel
[20Jun2025 12:32:46.751] [Render thread/DEBUG] [mixin/]: Mixing core.world.map.ClientWorldMixin from embeddium.mixins.json into net.minecraft.client.multiplayer.ClientLevel
[20Jun2025 12:32:46.754] [Render thread/DEBUG] [mixin/]: Mixing features.render.world.sky.ClientWorldMixin from embeddium.mixins.json into net.minecraft.client.multiplayer.ClientLevel
[20Jun2025 12:32:46.754] [Render thread/DEBUG] [mixin/]: Renaming synthetic method lambda$redirectSampleColor$0(Lnet/minecraft/world/level/Level;III)I to md7c2925$lambda$redirectSampleColor$0$2 in embeddium.mixins.json:features.render.world.sky.ClientWorldMixin
[20Jun2025 12:32:46.937] [Render thread/DEBUG] [mixin/]: Mixing client.player.MixinLocalPlayer from valkyrienskies-common.mixins.json into net.minecraft.client.player.LocalPlayer
[20Jun2025 12:32:46.987] [Render thread/DEBUG] [mixin/]: Mixing features.gui.screen.LevelLoadingScreenMixin from embeddium.mixins.json into net.minecraft.client.gui.screens.LevelLoadingScreen
[20Jun2025 12:32:46.987] [Render thread/DEBUG] [mixin/]: Renaming synthetic method lambda$renderChunks$0(Lit/unimi/dsi/fastutil/objects/Object2IntMap$Entry;)V to md7c2925$lambda$renderChunks$0$0 in embeddium.mixins.json:features.gui.screen.LevelLoadingScreenMixin
[20Jun2025 12:32:47.169] [Render thread/WARN] [net.minecraft.server.packs.VanillaPackResourcesBuilder/]: Assets URL 'union:/C:/Users/sampw/.gradle/caches/forge_gradle/minecraft_user_repo/net/minecraftforge/forge/1.20.1-47.4.2_mapped_official_1.20.1/forge-1.20.1-47.4.2_mapped_official_1.20.1-recomp.jar%23191!/assets/.mcassetsroot' uses unexpected schema
[20Jun2025 12:32:47.170] [Render thread/WARN] [net.minecraft.server.packs.VanillaPackResourcesBuilder/]: Assets URL 'union:/C:/Users/sampw/.gradle/caches/forge_gradle/minecraft_user_repo/net/minecraftforge/forge/1.20.1-47.4.2_mapped_official_1.20.1/forge-1.20.1-47.4.2_mapped_official_1.20.1-recomp.jar%23191!/data/.mcassetsroot' uses unexpected schema
[20Jun2025 12:32:47.233] [Render thread/INFO] [com.mojang.authlib.yggdrasil.YggdrasilAuthenticationService/]: Environment: authHost='https://authserver.mojang.com', accountsHost='https://api.mojang.com', sessionHost='https://sessionserver.mojang.com', servicesHost='https://api.minecraftservices.com', name='PROD'
[20Jun2025 12:32:47.250] [Render thread/INFO] [net.minecraft.client.Minecraft/]: Setting user: Dev
[20Jun2025 12:32:47.596] [Render thread/INFO] [net.minecraft.client.Minecraft/]: Backend library: LWJGL version 3.3.1 build 7
[20Jun2025 12:32:47.598] [Render thread/DEBUG] [mixin/]: Mixing workarounds.context_creation.WindowMixin from embeddium.mixins.json into com.mojang.blaze3d.platform.Window
[20Jun2025 12:32:47.836] [Render thread/INFO] [Embeddium-PostlaunchChecks/]: OpenGL Vendor: ATI Technologies Inc.
[20Jun2025 12:32:47.837] [Render thread/INFO] [Embeddium-PostlaunchChecks/]: OpenGL Renderer: AMD Radeon(TM) Graphics
[20Jun2025 12:32:47.837] [Render thread/INFO] [Embeddium-PostlaunchChecks/]: OpenGL Version: 4.6.14802 Core Profile Forward-Compatible Context 21.40.56.05 30.0.14056.5001
[20Jun2025 12:32:48.135] [Render thread/DEBUG] [mixin/]: Mixing features.textures.NativeImageAccessor from embeddium.mixins.json into com.mojang.blaze3d.platform.NativeImage
[20Jun2025 12:32:48.640] [Render thread/DEBUG] [net.minecraftforge.common.ForgeI18n/CORE]: Loading I18N data entries: 6434
[20Jun2025 12:32:48.711] [Render thread/DEBUG] [net.minecraftforge.fml.ModWorkManager/LOADING]: Using 16 threads for parallel mod-loading
[20Jun2025 12:32:48.739] [Render thread/DEBUG] [net.minecraftforge.fml.javafmlmod.FMLJavaModLanguageProvider/LOADING]: Loading FMLModContainer from classloader cpw.mods.modlauncher.TransformingClassLoader@363c32cc - got cpw.mods.cl.ModuleClassLoader@78b41097
[20Jun2025 12:32:48.743] [Render thread/DEBUG] [net.minecraftforge.fml.javafmlmod.FMLModContainer/LOADING]: Creating FMLModContainer instance for org.zipcoder.createkinetic.Createkinetic
[20Jun2025 12:32:48.750] [Render thread/DEBUG] [thedarkcolour.kotlinforforge.LoggerKt/LOADING]: Loading KotlinModContainer from classloader cpw.mods.modlauncher.TransformingClassLoader@363c32cc - got cpw.mods.cl.ModuleClassLoader@78b41097}
[20Jun2025 12:32:48.752] [Render thread/DEBUG] [thedarkcolour.kotlinforforge.LoggerKt/LOADING]: Creating KotlinModContainer instance for thedarkcolour.kotlinforforge.test.KotlinForForge
[20Jun2025 12:32:48.758] [Render thread/DEBUG] [net.minecraftforge.fml.javafmlmod.FMLJavaModLanguageProvider/LOADING]: Loading FMLModContainer from classloader cpw.mods.modlauncher.TransformingClassLoader@363c32cc - got cpw.mods.cl.ModuleClassLoader@78b41097
[20Jun2025 12:32:48.760] [Render thread/DEBUG] [net.minecraftforge.fml.javafmlmod.FMLModContainer/LOADING]: Creating FMLModContainer instance for com.llamalad7.mixinextras.platform.forge.MixinExtrasMod
[20Jun2025 12:32:48.762] [Render thread/DEBUG] [net.minecraftforge.fml.javafmlmod.FMLJavaModLanguageProvider/LOADING]: Loading FMLModContainer from classloader cpw.mods.modlauncher.TransformingClassLoader@363c32cc - got cpw.mods.cl.ModuleClassLoader@78b41097
[20Jun2025 12:32:48.762] [Render thread/DEBUG] [net.minecraftforge.fml.javafmlmod.FMLModContainer/LOADING]: Creating FMLModContainer instance for org.valkyrienskies.mod.forge.common.ValkyrienSkiesModForge
[20Jun2025 12:32:48.766] [Render thread/DEBUG] [net.minecraftforge.fml.javafmlmod.FMLJavaModLanguageProvider/LOADING]: Loading FMLModContainer from classloader cpw.mods.modlauncher.TransformingClassLoader@363c32cc - got cpw.mods.cl.ModuleClassLoader@78b41097
[20Jun2025 12:32:48.767] [Render thread/DEBUG] [net.minecraftforge.fml.javafmlmod.FMLModContainer/LOADING]: Creating FMLModContainer instance for me.shedaniel.clothconfig.ClothConfigForge
[20Jun2025 12:32:48.768] [Render thread/DEBUG] [net.minecraftforge.fml.javafmlmod.FMLJavaModLanguageProvider/LOADING]: Loading FMLModContainer from classloader cpw.mods.modlauncher.TransformingClassLoader@363c32cc - got cpw.mods.cl.ModuleClassLoader@78b41097
[20Jun2025 12:32:48.768] [Render thread/DEBUG] [net.minecraftforge.fml.javafmlmod.FMLModContainer/LOADING]: Creating FMLModContainer instance for net.minecraftforge.common.ForgeMod
[20Jun2025 12:32:48.774] [Render thread/DEBUG] [net.minecraftforge.fml.javafmlmod.FMLJavaModLanguageProvider/LOADING]: Loading FMLModContainer from classloader cpw.mods.modlauncher.TransformingClassLoader@363c32cc - got cpw.mods.cl.ModuleClassLoader@78b41097
[20Jun2025 12:32:48.774] [Render thread/DEBUG] [net.minecraftforge.fml.javafmlmod.FMLModContainer/LOADING]: Creating FMLModContainer instance for me.jellysquid.mods.sodium.client.SodiumClientMod
[20Jun2025 12:32:48.774] [Render thread/DEBUG] [net.minecraftforge.fml.javafmlmod.FMLJavaModLanguageProvider/LOADING]: Loading FMLModContainer from classloader cpw.mods.modlauncher.TransformingClassLoader@363c32cc - got cpw.mods.cl.ModuleClassLoader@78b41097
[20Jun2025 12:32:48.774] [Render thread/DEBUG] [net.minecraftforge.fml.javafmlmod.FMLModContainer/LOADING]: Creating FMLModContainer instance for me.jellysquid.mods.sodium.client.RubidiumStub
[20Jun2025 12:32:48.830] [modloading-worker-0/DEBUG] [net.minecraftforge.fml.javafmlmod.AutomaticEventSubscriber/LOADING]: Attempting to inject @EventBusSubscriber classes into the eventbus for rubidium
[20Jun2025 12:32:48.830] [modloading-worker-0/DEBUG] [net.minecraftforge.fml.javafmlmod.AutomaticEventSubscriber/LOADING]: Attempting to inject @EventBusSubscriber classes into the eventbus for mixinextras
[20Jun2025 12:32:48.842] [modloading-worker-0/DEBUG] [net.minecraftforge.fml.javafmlmod.AutomaticEventSubscriber/LOADING]: Attempting to inject @EventBusSubscriber classes into the eventbus for cloth_config
[20Jun2025 12:32:48.883] [modloading-worker-0/DEBUG] [net.minecraftforge.fml.javafmlmod.AutomaticEventSubscriber/LOADING]: Attempting to inject @EventBusSubscriber classes into the eventbus for embeddium
[20Jun2025 12:32:48.884] [modloading-worker-0/DEBUG] [net.minecraftforge.fml.javafmlmod.AutomaticEventSubscriber/LOADING]: Auto-subscribing org.embeddedt.embeddium.render.frapi.SpriteFinderCache to MOD
[20Jun2025 12:32:48.893] [modloading-worker-0/DEBUG] [mixin/]: Mixing features.textures.animations.tracking.SpriteMixin from embeddium.mixins.json into net.minecraft.client.renderer.texture.TextureAtlasSprite
[20Jun2025 12:32:48.956] [modloading-worker-0/DEBUG] [net.minecraftforge.fml.javafmlmod.AutomaticEventSubscriber/LOADING]: Auto-subscribing org.embeddedt.embeddium.impl.ConfigScreenHandlerHook to MOD
[20Jun2025 12:32:48.958] [modloading-worker-0/DEBUG] [mixin/]: Mixing server.MixinMinecraftServer from valkyrienskies-common.mixins.json into net.minecraft.server.MinecraftServer
[20Jun2025 12:32:48.962] [modloading-worker-0/DEBUG] [mixin/]: Renaming synthetic method lambda$moveTerrainAcrossDimensions$1(Lnet/minecraft/server/level/ServerLevel;II)V to md7c2925$lambda$moveTerrainAcrossDimensions$1$0 in valkyrienskies-common.mixins.json:server.MixinMinecraftServer
[20Jun2025 12:32:48.962] [modloading-worker-0/DEBUG] [mixin/]: Renaming synthetic method lambda$moveTerrainAcrossDimensions$0(Lnet/minecraft/server/level/ServerLevel;Lnet/minecraft/server/level/ServerLevel;II)V to md7c2925$lambda$moveTerrainAcrossDimensions$0$1 in valkyrienskies-common.mixins.json:server.MixinMinecraftServer
[20Jun2025 12:32:49.097] [modloading-worker-0/DEBUG] [net.minecraftforge.versions.forge.ForgeVersion/CORE]: Forge Version package package net.minecraftforge.versions.forge, Forge, version 47.4 from cpw.mods.modlauncher.TransformingClassLoader@363c32cc
[20Jun2025 12:32:49.097] [modloading-worker-0/DEBUG] [net.minecraftforge.versions.forge.ForgeVersion/CORE]: Found Forge version 47.4.2
[20Jun2025 12:32:49.098] [modloading-worker-0/DEBUG] [net.minecraftforge.versions.forge.ForgeVersion/CORE]: Found Forge spec 47.4
[20Jun2025 12:32:49.098] [modloading-worker-0/DEBUG] [net.minecraftforge.versions.forge.ForgeVersion/CORE]: Found Forge group net.minecraftforge
[20Jun2025 12:32:49.102] [modloading-worker-0/DEBUG] [net.minecraftforge.versions.mcp.MCPVersion/CORE]: MCP Version package package net.minecraftforge.versions.mcp, Minecraft, version 1.20.1 from cpw.mods.modlauncher.TransformingClassLoader@363c32cc
[20Jun2025 12:32:49.102] [modloading-worker-0/DEBUG] [net.minecraftforge.fml.javafmlmod.AutomaticEventSubscriber/LOADING]: Auto-subscribing org.embeddedt.embeddium.compat.immersive.ImmersiveCompat to MOD
[20Jun2025 12:32:49.104] [modloading-worker-0/DEBUG] [net.minecraftforge.versions.mcp.MCPVersion/CORE]: Found MC version information 1.20.1
[20Jun2025 12:32:49.104] [modloading-worker-0/DEBUG] [net.minecraftforge.versions.mcp.MCPVersion/CORE]: Found MCP version information 20230612.114412
[20Jun2025 12:32:49.104] [modloading-worker-0/INFO] [net.minecraftforge.common.ForgeMod/FORGEMOD]: Forge mod loading, version 47.4.2, for MC 1.20.1 with MCP 20230612.114412
[20Jun2025 12:32:49.105] [modloading-worker-0/INFO] [net.minecraftforge.common.MinecraftForge/FORGE]: MinecraftForge v47.4.2 Initialized
[20Jun2025 12:32:49.109] [modloading-worker-0/DEBUG] [net.minecraftforge.fml.javafmlmod.AutomaticEventSubscriber/LOADING]: Auto-subscribing org.embeddedt.embeddium.compat.ccl.CCLCompatBootstrap to MOD
[20Jun2025 12:32:49.310] [modloading-worker-0/DEBUG] [net.minecraftforge.fml.config.ConfigTracker/CONFIG]: Config file createkinetic-common.toml for createkinetic tracking
[20Jun2025 12:32:49.310] [modloading-worker-0/DEBUG] [net.minecraftforge.fml.javafmlmod.AutomaticEventSubscriber/LOADING]: Attempting to inject @EventBusSubscriber classes into the eventbus for createkinetic
[20Jun2025 12:32:49.310] [modloading-worker-0/DEBUG] [net.minecraftforge.fml.javafmlmod.AutomaticEventSubscriber/LOADING]: Auto-subscribing org.zipcoder.createkinetic.Config to MOD
[20Jun2025 12:32:49.329] [modloading-worker-0/DEBUG] [net.minecraftforge.fml.javafmlmod.AutomaticEventSubscriber/LOADING]: Auto-subscribing org.zipcoder.createkinetic.Createkinetic$ClientModEvents to MOD
[20Jun2025 12:32:49.364] [modloading-worker-0/DEBUG] [net.minecraftforge.fml.config.ConfigTracker/CONFIG]: Config file forge-client.toml for forge tracking
[20Jun2025 12:32:49.364] [modloading-worker-0/DEBUG] [net.minecraftforge.fml.config.ConfigTracker/CONFIG]: Config file forge-server.toml for forge tracking
[20Jun2025 12:32:49.365] [modloading-worker-0/DEBUG] [net.minecraftforge.fml.ModLoadingContext/]: Attempted to register an empty config for type COMMON on mod forge
[20Jun2025 12:32:49.453] [modloading-worker-0/DEBUG] [net.minecraftforge.fml.javafmlmod.AutomaticEventSubscriber/LOADING]: Attempting to inject @EventBusSubscriber classes into the eventbus for forge
[20Jun2025 12:32:49.454] [modloading-worker-0/DEBUG] [net.minecraftforge.fml.javafmlmod.AutomaticEventSubscriber/LOADING]: Auto-subscribing net.minecraftforge.common.ForgeSpawnEggItem$CommonHandler to MOD
[20Jun2025 12:32:49.458] [modloading-worker-0/DEBUG] [net.minecraftforge.fml.javafmlmod.AutomaticEventSubscriber/LOADING]: Auto-subscribing net.minecraftforge.common.ForgeSpawnEggItem$ColorRegisterHandler to MOD
[20Jun2025 12:32:49.464] [modloading-worker-0/DEBUG] [mixin/]: Mixing core.model.colors.ItemColorsMixin from embeddium.mixins.json into net.minecraft.client.color.item.ItemColors
[20Jun2025 12:32:49.493] [modloading-worker-0/DEBUG] [mixin/]: Mixing core.model.colors.BlockColorsMixin from embeddium.mixins.json into net.minecraft.client.color.block.BlockColors
[20Jun2025 12:32:49.532] [modloading-worker-0/DEBUG] [net.minecraftforge.fml.javafmlmod.AutomaticEventSubscriber/LOADING]: Auto-subscribing net.minecraftforge.client.model.data.ModelDataManager to FORGE
[20Jun2025 12:32:49.535] [modloading-worker-0/DEBUG] [mixin/]: Mixing features.model.ModelDataMixin from embeddium.mixins.json into net.minecraftforge.client.model.data.ModelData
[20Jun2025 12:32:49.538] [modloading-worker-0/DEBUG] [net.minecraftforge.fml.javafmlmod.AutomaticEventSubscriber/LOADING]: Auto-subscribing net.minecraftforge.client.ForgeHooksClient$ClientEvents to MOD
[20Jun2025 12:32:49.542] [modloading-worker-0/DEBUG] [mixin/]: Mixing features.shader.uniform.ShaderProgramMixin from embeddium.mixins.json into net.minecraft.client.renderer.ShaderInstance
[20Jun2025 12:32:49.613] [modloading-worker-0/DEBUG] [net.minecraftforge.fml.javafmlmod.AutomaticEventSubscriber/LOADING]: Auto-subscribing net.minecraftforge.client.ClientForgeMod to MOD
[20Jun2025 12:32:50.149] [modloading-worker-0/INFO] [thedarkcolour.kotlinforforge.test.KotlinForForge/]: Kotlin For Forge Enabled!
[20Jun2025 12:32:50.154] [modloading-worker-0/DEBUG] [thedarkcolour.kotlinforforge.LoggerKt/LOADING]: Attempting to inject @EventBusSubscriber kotlin objects in to the event bus for kotlinforforge
[20Jun2025 12:32:51.593] [modloading-worker-0/DEBUG] [org.valkyrienskies.core.impl.shadow.aK/]: generating definition for org.valkyrienskies.core.impl.config.VSCoreConfig$Server
[20Jun2025 12:32:51.598] [modloading-worker-0/DEBUG] [org.valkyrienskies.core.impl.shadow.aK/]: collecting non-static fields and methods from org.valkyrienskies.core.impl.config.VSCoreConfig$Server
[20Jun2025 12:32:51.788] [modloading-worker-0/DEBUG] [org.valkyrienskies.core.impl.shadow.aK/]: generating definition for org.valkyrienskies.core.impl.config.PhysicsConfig
[20Jun2025 12:32:51.788] [modloading-worker-0/DEBUG] [org.valkyrienskies.core.impl.shadow.aK/]: collecting non-static fields and methods from org.valkyrienskies.core.impl.config.PhysicsConfig
[20Jun2025 12:32:51.846] [modloading-worker-0/DEBUG] [org.valkyrienskies.core.impl.shadow.aK/]: applying configured custom definition for org.valkyrienskies.physics_api_krunch.SolverType
[20Jun2025 12:32:51.849] [modloading-worker-0/DEBUG] [org.valkyrienskies.core.impl.shadow.aK/]: generating definition for org.valkyrienskies.core.impl.config.VSCoreConfig$Server$PhysicsThreadSettings
[20Jun2025 12:32:51.849] [modloading-worker-0/DEBUG] [org.valkyrienskies.core.impl.shadow.aK/]: collecting non-static fields and methods from org.valkyrienskies.core.impl.config.VSCoreConfig$Server$PhysicsThreadSettings
[20Jun2025 12:32:52.088] [modloading-worker-0/DEBUG] [com.networknt.schema.PropertiesValidator/]: validate( {"pt":{"synchronizePhysics":false,"physicsTicksPerGameTick":3,"terrainBakingThreads":12,"terrainBakingThreadPriority":5,"terrainDeletionThreads":1,"terrainDeletionThreadPriority":4},"udpPort":25565,"enableUdp":false,"shipLoadDistance":128.0,"shipUnloadDistance":196.0,"physics":{"lodDetail":512,"subSteps":20,"iterations":5,"solver":"GAUSS_SEIDEL","maxDePenetrationSpeed":10.0,"physicsSpeed":1.0}}, {"pt":{"synchronizePhysics":false,"physicsTicksPerGameTick":3,"terrainBakingThreads":12,"terrainBakingThreadPriority":5,"terrainDeletionThreads":1,"terrainDeletionThreadPriority":4},"udpPort":25565,"enableUdp":false,"shipLoadDistance":128.0,"shipUnloadDistance":196.0,"physics":{"lodDetail":512,"subSteps":20,"iterations":5,"solver":"GAUSS_SEIDEL","maxDePenetrationSpeed":10.0,"physicsSpeed":1.0}}, $)
[20Jun2025 12:32:52.092] [modloading-worker-0/DEBUG] [com.networknt.schema.FormatValidator/]: validate( 128.0, {"pt":{"synchronizePhysics":false,"physicsTicksPerGameTick":3,"terrainBakingThreads":12,"terrainBakingThreadPriority":5,"terrainDeletionThreads":1,"terrainDeletionThreadPriority":4},"udpPort":25565,"enableUdp":false,"shipLoadDistance":128.0,"shipUnloadDistance":196.0,"physics":{"lodDetail":512,"subSteps":20,"iterations":5,"solver":"GAUSS_SEIDEL","maxDePenetrationSpeed":10.0,"physicsSpeed":1.0}}, $.shipLoadDistance)
[20Jun2025 12:32:52.093] [modloading-worker-0/DEBUG] [com.networknt.schema.TypeValidator/]: validate( 128.0, {"pt":{"synchronizePhysics":false,"physicsTicksPerGameTick":3,"terrainBakingThreads":12,"terrainBakingThreadPriority":5,"terrainDeletionThreads":1,"terrainDeletionThreadPriority":4},"udpPort":25565,"enableUdp":false,"shipLoadDistance":128.0,"shipUnloadDistance":196.0,"physics":{"lodDetail":512,"subSteps":20,"iterations":5,"solver":"GAUSS_SEIDEL","maxDePenetrationSpeed":10.0,"physicsSpeed":1.0}}, $.shipLoadDistance)
[20Jun2025 12:32:52.096] [modloading-worker-0/DEBUG] [com.networknt.schema.PropertiesValidator/]: validate( {"synchronizePhysics":false,"physicsTicksPerGameTick":3,"terrainBakingThreads":12,"terrainBakingThreadPriority":5,"terrainDeletionThreads":1,"terrainDeletionThreadPriority":4}, {"pt":{"synchronizePhysics":false,"physicsTicksPerGameTick":3,"terrainBakingThreads":12,"terrainBakingThreadPriority":5,"terrainDeletionThreads":1,"terrainDeletionThreadPriority":4},"udpPort":25565,"enableUdp":false,"shipLoadDistance":128.0,"shipUnloadDistance":196.0,"physics":{"lodDetail":512,"subSteps":20,"iterations":5,"solver":"GAUSS_SEIDEL","maxDePenetrationSpeed":10.0,"physicsSpeed":1.0}}, $.pt)
[20Jun2025 12:32:52.097] [modloading-worker-0/DEBUG] [com.networknt.schema.FormatValidator/]: validate( 4, {"pt":{"synchronizePhysics":false,"physicsTicksPerGameTick":3,"terrainBakingThreads":12,"terrainBakingThreadPriority":5,"terrainDeletionThreads":1,"terrainDeletionThreadPriority":4},"udpPort":25565,"enableUdp":false,"shipLoadDistance":128.0,"shipUnloadDistance":196.0,"physics":{"lodDetail":512,"subSteps":20,"iterations":5,"solver":"GAUSS_SEIDEL","maxDePenetrationSpeed":10.0,"physicsSpeed":1.0}}, $.pt.terrainDeletionThreadPriority)
[20Jun2025 12:32:52.097] [modloading-worker-0/DEBUG] [com.networknt.schema.TypeValidator/]: validate( 4, {"pt":{"synchronizePhysics":false,"physicsTicksPerGameTick":3,"terrainBakingThreads":12,"terrainBakingThreadPriority":5,"terrainDeletionThreads":1,"terrainDeletionThreadPriority":4},"udpPort":25565,"enableUdp":false,"shipLoadDistance":128.0,"shipUnloadDistance":196.0,"physics":{"lodDetail":512,"subSteps":20,"iterations":5,"solver":"GAUSS_SEIDEL","maxDePenetrationSpeed":10.0,"physicsSpeed":1.0}}, $.pt.terrainDeletionThreadPriority)
[20Jun2025 12:32:52.098] [modloading-worker-0/DEBUG] [com.networknt.schema.TypeValidator/]: validate( false, {"pt":{"synchronizePhysics":false,"physicsTicksPerGameTick":3,"terrainBakingThreads":12,"terrainBakingThreadPriority":5,"terrainDeletionThreads":1,"terrainDeletionThreadPriority":4},"udpPort":25565,"enableUdp":false,"shipLoadDistance":128.0,"shipUnloadDistance":196.0,"physics":{"lodDetail":512,"subSteps":20,"iterations":5,"solver":"GAUSS_SEIDEL","maxDePenetrationSpeed":10.0,"physicsSpeed":1.0}}, $.pt.synchronizePhysics)
[20Jun2025 12:32:52.099] [modloading-worker-0/DEBUG] [com.networknt.schema.FormatValidator/]: validate( 3, {"pt":{"synchronizePhysics":false,"physicsTicksPerGameTick":3,"terrainBakingThreads":12,"terrainBakingThreadPriority":5,"terrainDeletionThreads":1,"terrainDeletionThreadPriority":4},"udpPort":25565,"enableUdp":false,"shipLoadDistance":128.0,"shipUnloadDistance":196.0,"physics":{"lodDetail":512,"subSteps":20,"iterations":5,"solver":"GAUSS_SEIDEL","maxDePenetrationSpeed":10.0,"physicsSpeed":1.0}}, $.pt.physicsTicksPerGameTick)
[20Jun2025 12:32:52.100] [modloading-worker-0/DEBUG] [com.networknt.schema.TypeValidator/]: validate( 3, {"pt":{"synchronizePhysics":false,"physicsTicksPerGameTick":3,"terrainBakingThreads":12,"terrainBakingThreadPriority":5,"terrainDeletionThreads":1,"terrainDeletionThreadPriority":4},"udpPort":25565,"enableUdp":false,"shipLoadDistance":128.0,"shipUnloadDistance":196.0,"physics":{"lodDetail":512,"subSteps":20,"iterations":5,"solver":"GAUSS_SEIDEL","maxDePenetrationSpeed":10.0,"physicsSpeed":1.0}}, $.pt.physicsTicksPerGameTick)
[20Jun2025 12:32:52.100] [modloading-worker-0/DEBUG] [com.networknt.schema.FormatValidator/]: validate( 1, {"pt":{"synchronizePhysics":false,"physicsTicksPerGameTick":3,"terrainBakingThreads":12,"terrainBakingThreadPriority":5,"terrainDeletionThreads":1,"terrainDeletionThreadPriority":4},"udpPort":25565,"enableUdp":false,"shipLoadDistance":128.0,"shipUnloadDistance":196.0,"physics":{"lodDetail":512,"subSteps":20,"iterations":5,"solver":"GAUSS_SEIDEL","maxDePenetrationSpeed":10.0,"physicsSpeed":1.0}}, $.pt.terrainDeletionThreads)
[20Jun2025 12:32:52.101] [modloading-worker-0/DEBUG] [com.networknt.schema.TypeValidator/]: validate( 1, {"pt":{"synchronizePhysics":false,"physicsTicksPerGameTick":3,"terrainBakingThreads":12,"terrainBakingThreadPriority":5,"terrainDeletionThreads":1,"terrainDeletionThreadPriority":4},"udpPort":25565,"enableUdp":false,"shipLoadDistance":128.0,"shipUnloadDistance":196.0,"physics":{"lodDetail":512,"subSteps":20,"iterations":5,"solver":"GAUSS_SEIDEL","maxDePenetrationSpeed":10.0,"physicsSpeed":1.0}}, $.pt.terrainDeletionThreads)
[20Jun2025 12:32:52.101] [modloading-worker-0/DEBUG] [com.networknt.schema.FormatValidator/]: validate( 5, {"pt":{"synchronizePhysics":false,"physicsTicksPerGameTick":3,"terrainBakingThreads":12,"terrainBakingThreadPriority":5,"terrainDeletionThreads":1,"terrainDeletionThreadPriority":4},"udpPort":25565,"enableUdp":false,"shipLoadDistance":128.0,"shipUnloadDistance":196.0,"physics":{"lodDetail":512,"subSteps":20,"iterations":5,"solver":"GAUSS_SEIDEL","maxDePenetrationSpeed":10.0,"physicsSpeed":1.0}}, $.pt.terrainBakingThreadPriority)
[20Jun2025 12:32:52.102] [modloading-worker-0/DEBUG] [com.networknt.schema.TypeValidator/]: validate( 5, {"pt":{"synchronizePhysics":false,"physicsTicksPerGameTick":3,"terrainBakingThreads":12,"terrainBakingThreadPriority":5,"terrainDeletionThreads":1,"terrainDeletionThreadPriority":4},"udpPort":25565,"enableUdp":false,"shipLoadDistance":128.0,"shipUnloadDistance":196.0,"physics":{"lodDetail":512,"subSteps":20,"iterations":5,"solver":"GAUSS_SEIDEL","maxDePenetrationSpeed":10.0,"physicsSpeed":1.0}}, $.pt.terrainBakingThreadPriority)
[20Jun2025 12:32:52.103] [modloading-worker-0/DEBUG] [com.networknt.schema.FormatValidator/]: validate( 12, {"pt":{"synchronizePhysics":false,"physicsTicksPerGameTick":3,"terrainBakingThreads":12,"terrainBakingThreadPriority":5,"terrainDeletionThreads":1,"terrainDeletionThreadPriority":4},"udpPort":25565,"enableUdp":false,"shipLoadDistance":128.0,"shipUnloadDistance":196.0,"physics":{"lodDetail":512,"subSteps":20,"iterations":5,"solver":"GAUSS_SEIDEL","maxDePenetrationSpeed":10.0,"physicsSpeed":1.0}}, $.pt.terrainBakingThreads)
[20Jun2025 12:32:52.103] [modloading-worker-0/DEBUG] [com.networknt.schema.TypeValidator/]: validate( 12, {"pt":{"synchronizePhysics":false,"physicsTicksPerGameTick":3,"terrainBakingThreads":12,"terrainBakingThreadPriority":5,"terrainDeletionThreads":1,"terrainDeletionThreadPriority":4},"udpPort":25565,"enableUdp":false,"shipLoadDistance":128.0,"shipUnloadDistance":196.0,"physics":{"lodDetail":512,"subSteps":20,"iterations":5,"solver":"GAUSS_SEIDEL","maxDePenetrationSpeed":10.0,"physicsSpeed":1.0}}, $.pt.terrainBakingThreads)
[20Jun2025 12:32:52.104] [modloading-worker-0/DEBUG] [com.networknt.schema.AdditionalPropertiesValidator/]: validate( {"synchronizePhysics":false,"physicsTicksPerGameTick":3,"terrainBakingThreads":12,"terrainBakingThreadPriority":5,"terrainDeletionThreads":1,"terrainDeletionThreadPriority":4}, {"pt":{"synchronizePhysics":false,"physicsTicksPerGameTick":3,"terrainBakingThreads":12,"terrainBakingThreadPriority":5,"terrainDeletionThreads":1,"terrainDeletionThreadPriority":4},"udpPort":25565,"enableUdp":false,"shipLoadDistance":128.0,"shipUnloadDistance":196.0,"physics":{"lodDetail":512,"subSteps":20,"iterations":5,"solver":"GAUSS_SEIDEL","maxDePenetrationSpeed":10.0,"physicsSpeed":1.0}}, $.pt)
[20Jun2025 12:32:52.105] [modloading-worker-0/DEBUG] [com.networknt.schema.TypeValidator/]: validate( {"synchronizePhysics":false,"physicsTicksPerGameTick":3,"terrainBakingThreads":12,"terrainBakingThreadPriority":5,"terrainDeletionThreads":1,"terrainDeletionThreadPriority":4}, {"pt":{"synchronizePhysics":false,"physicsTicksPerGameTick":3,"terrainBakingThreads":12,"terrainBakingThreadPriority":5,"terrainDeletionThreads":1,"terrainDeletionThreadPriority":4},"udpPort":25565,"enableUdp":false,"shipLoadDistance":128.0,"shipUnloadDistance":196.0,"physics":{"lodDetail":512,"subSteps":20,"iterations":5,"solver":"GAUSS_SEIDEL","maxDePenetrationSpeed":10.0,"physicsSpeed":1.0}}, $.pt)
[20Jun2025 12:32:52.106] [modloading-worker-0/DEBUG] [com.networknt.schema.FormatValidator/]: validate( 196.0, {"pt":{"synchronizePhysics":false,"physicsTicksPerGameTick":3,"terrainBakingThreads":12,"terrainBakingThreadPriority":5,"terrainDeletionThreads":1,"terrainDeletionThreadPriority":4},"udpPort":25565,"enableUdp":false,"shipLoadDistance":128.0,"shipUnloadDistance":196.0,"physics":{"lodDetail":512,"subSteps":20,"iterations":5,"solver":"GAUSS_SEIDEL","maxDePenetrationSpeed":10.0,"physicsSpeed":1.0}}, $.shipUnloadDistance)
[20Jun2025 12:32:52.107] [modloading-worker-0/DEBUG] [com.networknt.schema.TypeValidator/]: validate( 196.0, {"pt":{"synchronizePhysics":false,"physicsTicksPerGameTick":3,"terrainBakingThreads":12,"terrainBakingThreadPriority":5,"terrainDeletionThreads":1,"terrainDeletionThreadPriority":4},"udpPort":25565,"enableUdp":false,"shipLoadDistance":128.0,"shipUnloadDistance":196.0,"physics":{"lodDetail":512,"subSteps":20,"iterations":5,"solver":"GAUSS_SEIDEL","maxDePenetrationSpeed":10.0,"physicsSpeed":1.0}}, $.shipUnloadDistance)
[20Jun2025 12:32:52.108] [modloading-worker-0/DEBUG] [com.networknt.schema.TypeValidator/]: validate( false, {"pt":{"synchronizePhysics":false,"physicsTicksPerGameTick":3,"terrainBakingThreads":12,"terrainBakingThreadPriority":5,"terrainDeletionThreads":1,"terrainDeletionThreadPriority":4},"udpPort":25565,"enableUdp":false,"shipLoadDistance":128.0,"shipUnloadDistance":196.0,"physics":{"lodDetail":512,"subSteps":20,"iterations":5,"solver":"GAUSS_SEIDEL","maxDePenetrationSpeed":10.0,"physicsSpeed":1.0}}, $.enableUdp)
[20Jun2025 12:32:52.108] [modloading-worker-0/DEBUG] [com.networknt.schema.PropertiesValidator/]: validate( {"lodDetail":512,"subSteps":20,"iterations":5,"solver":"GAUSS_SEIDEL","maxDePenetrationSpeed":10.0,"physicsSpeed":1.0}, {"pt":{"synchronizePhysics":false,"physicsTicksPerGameTick":3,"terrainBakingThreads":12,"terrainBakingThreadPriority":5,"terrainDeletionThreads":1,"terrainDeletionThreadPriority":4},"udpPort":25565,"enableUdp":false,"shipLoadDistance":128.0,"shipUnloadDistance":196.0,"physics":{"lodDetail":512,"subSteps":20,"iterations":5,"solver":"GAUSS_SEIDEL","maxDePenetrationSpeed":10.0,"physicsSpeed":1.0}}, $.physics)
[20Jun2025 12:32:52.110] [modloading-worker-0/DEBUG] [com.networknt.schema.FormatValidator/]: validate( 10.0, {"pt":{"synchronizePhysics":false,"physicsTicksPerGameTick":3,"terrainBakingThreads":12,"terrainBakingThreadPriority":5,"terrainDeletionThreads":1,"terrainDeletionThreadPriority":4},"udpPort":25565,"enableUdp":false,"shipLoadDistance":128.0,"shipUnloadDistance":196.0,"physics":{"lodDetail":512,"subSteps":20,"iterations":5,"solver":"GAUSS_SEIDEL","maxDePenetrationSpeed":10.0,"physicsSpeed":1.0}}, $.physics.maxDePenetrationSpeed)
[20Jun2025 12:32:52.110] [modloading-worker-0/DEBUG] [com.networknt.schema.TypeValidator/]: validate( 10.0, {"pt":{"synchronizePhysics":false,"physicsTicksPerGameTick":3,"terrainBakingThreads":12,"terrainBakingThreadPriority":5,"terrainDeletionThreads":1,"terrainDeletionThreadPriority":4},"udpPort":25565,"enableUdp":false,"shipLoadDistance":128.0,"shipUnloadDistance":196.0,"physics":{"lodDetail":512,"subSteps":20,"iterations":5,"solver":"GAUSS_SEIDEL","maxDePenetrationSpeed":10.0,"physicsSpeed":1.0}}, $.physics.maxDePenetrationSpeed)
[20Jun2025 12:32:52.111] [modloading-worker-0/DEBUG] [com.networknt.schema.FormatValidator/]: validate( 20, {"pt":{"synchronizePhysics":false,"physicsTicksPerGameTick":3,"terrainBakingThreads":12,"terrainBakingThreadPriority":5,"terrainDeletionThreads":1,"terrainDeletionThreadPriority":4},"udpPort":25565,"enableUdp":false,"shipLoadDistance":128.0,"shipUnloadDistance":196.0,"physics":{"lodDetail":512,"subSteps":20,"iterations":5,"solver":"GAUSS_SEIDEL","maxDePenetrationSpeed":10.0,"physicsSpeed":1.0}}, $.physics.subSteps)
[20Jun2025 12:32:52.112] [modloading-worker-0/DEBUG] [com.networknt.schema.TypeValidator/]: validate( 20, {"pt":{"synchronizePhysics":false,"physicsTicksPerGameTick":3,"terrainBakingThreads":12,"terrainBakingThreadPriority":5,"terrainDeletionThreads":1,"terrainDeletionThreadPriority":4},"udpPort":25565,"enableUdp":false,"shipLoadDistance":128.0,"shipUnloadDistance":196.0,"physics":{"lodDetail":512,"subSteps":20,"iterations":5,"solver":"GAUSS_SEIDEL","maxDePenetrationSpeed":10.0,"physicsSpeed":1.0}}, $.physics.subSteps)
[20Jun2025 12:32:52.112] [modloading-worker-0/DEBUG] [com.networknt.schema.FormatValidator/]: validate( 1.0, {"pt":{"synchronizePhysics":false,"physicsTicksPerGameTick":3,"terrainBakingThreads":12,"terrainBakingThreadPriority":5,"terrainDeletionThreads":1,"terrainDeletionThreadPriority":4},"udpPort":25565,"enableUdp":false,"shipLoadDistance":128.0,"shipUnloadDistance":196.0,"physics":{"lodDetail":512,"subSteps":20,"iterations":5,"solver":"GAUSS_SEIDEL","maxDePenetrationSpeed":10.0,"physicsSpeed":1.0}}, $.physics.physicsSpeed)
[20Jun2025 12:32:52.113] [modloading-worker-0/DEBUG] [com.networknt.schema.TypeValidator/]: validate( 1.0, {"pt":{"synchronizePhysics":false,"physicsTicksPerGameTick":3,"terrainBakingThreads":12,"terrainBakingThreadPriority":5,"terrainDeletionThreads":1,"terrainDeletionThreadPriority":4},"udpPort":25565,"enableUdp":false,"shipLoadDistance":128.0,"shipUnloadDistance":196.0,"physics":{"lodDetail":512,"subSteps":20,"iterations":5,"solver":"GAUSS_SEIDEL","maxDePenetrationSpeed":10.0,"physicsSpeed":1.0}}, $.physics.physicsSpeed)
[20Jun2025 12:32:52.115] [modloading-worker-0/DEBUG] [com.networknt.schema.FormatValidator/]: validate( 512, {"pt":{"synchronizePhysics":false,"physicsTicksPerGameTick":3,"terrainBakingThreads":12,"terrainBakingThreadPriority":5,"terrainDeletionThreads":1,"terrainDeletionThreadPriority":4},"udpPort":25565,"enableUdp":false,"shipLoadDistance":128.0,"shipUnloadDistance":196.0,"physics":{"lodDetail":512,"subSteps":20,"iterations":5,"solver":"GAUSS_SEIDEL","maxDePenetrationSpeed":10.0,"physicsSpeed":1.0}}, $.physics.lodDetail)
[20Jun2025 12:32:52.115] [modloading-worker-0/DEBUG] [com.networknt.schema.TypeValidator/]: validate( 512, {"pt":{"synchronizePhysics":false,"physicsTicksPerGameTick":3,"terrainBakingThreads":12,"terrainBakingThreadPriority":5,"terrainDeletionThreads":1,"terrainDeletionThreadPriority":4},"udpPort":25565,"enableUdp":false,"shipLoadDistance":128.0,"shipUnloadDistance":196.0,"physics":{"lodDetail":512,"subSteps":20,"iterations":5,"solver":"GAUSS_SEIDEL","maxDePenetrationSpeed":10.0,"physicsSpeed":1.0}}, $.physics.lodDetail)
[20Jun2025 12:32:52.117] [modloading-worker-0/DEBUG] [com.networknt.schema.FormatValidator/]: validate( 5, {"pt":{"synchronizePhysics":false,"physicsTicksPerGameTick":3,"terrainBakingThreads":12,"terrainBakingThreadPriority":5,"terrainDeletionThreads":1,"terrainDeletionThreadPriority":4},"udpPort":25565,"enableUdp":false,"shipLoadDistance":128.0,"shipUnloadDistance":196.0,"physics":{"lodDetail":512,"subSteps":20,"iterations":5,"solver":"GAUSS_SEIDEL","maxDePenetrationSpeed":10.0,"physicsSpeed":1.0}}, $.physics.iterations)
[20Jun2025 12:32:52.117] [modloading-worker-0/DEBUG] [com.networknt.schema.TypeValidator/]: validate( 5, {"pt":{"synchronizePhysics":false,"physicsTicksPerGameTick":3,"terrainBakingThreads":12,"terrainBakingThreadPriority":5,"terrainDeletionThreads":1,"terrainDeletionThreadPriority":4},"udpPort":25565,"enableUdp":false,"shipLoadDistance":128.0,"shipUnloadDistance":196.0,"physics":{"lodDetail":512,"subSteps":20,"iterations":5,"solver":"GAUSS_SEIDEL","maxDePenetrationSpeed":10.0,"physicsSpeed":1.0}}, $.physics.iterations)
[20Jun2025 12:32:52.118] [modloading-worker-0/DEBUG] [com.networknt.schema.EnumValidator/]: validate( "GAUSS_SEIDEL", {"pt":{"synchronizePhysics":false,"physicsTicksPerGameTick":3,"terrainBakingThreads":12,"terrainBakingThreadPriority":5,"terrainDeletionThreads":1,"terrainDeletionThreadPriority":4},"udpPort":25565,"enableUdp":false,"shipLoadDistance":128.0,"shipUnloadDistance":196.0,"physics":{"lodDetail":512,"subSteps":20,"iterations":5,"solver":"GAUSS_SEIDEL","maxDePenetrationSpeed":10.0,"physicsSpeed":1.0}}, $.physics.solver)
[20Jun2025 12:32:52.120] [modloading-worker-0/DEBUG] [com.networknt.schema.TypeValidator/]: validate( "GAUSS_SEIDEL", {"pt":{"synchronizePhysics":false,"physicsTicksPerGameTick":3,"terrainBakingThreads":12,"terrainBakingThreadPriority":5,"terrainDeletionThreads":1,"terrainDeletionThreadPriority":4},"udpPort":25565,"enableUdp":false,"shipLoadDistance":128.0,"shipUnloadDistance":196.0,"physics":{"lodDetail":512,"subSteps":20,"iterations":5,"solver":"GAUSS_SEIDEL","maxDePenetrationSpeed":10.0,"physicsSpeed":1.0}}, $.physics.solver)
[20Jun2025 12:32:52.120] [modloading-worker-0/DEBUG] [com.networknt.schema.AdditionalPropertiesValidator/]: validate( {"lodDetail":512,"subSteps":20,"iterations":5,"solver":"GAUSS_SEIDEL","maxDePenetrationSpeed":10.0,"physicsSpeed":1.0}, {"pt":{"synchronizePhysics":false,"physicsTicksPerGameTick":3,"terrainBakingThreads":12,"terrainBakingThreadPriority":5,"terrainDeletionThreads":1,"terrainDeletionThreadPriority":4},"udpPort":25565,"enableUdp":false,"shipLoadDistance":128.0,"shipUnloadDistance":196.0,"physics":{"lodDetail":512,"subSteps":20,"iterations":5,"solver":"GAUSS_SEIDEL","maxDePenetrationSpeed":10.0,"physicsSpeed":1.0}}, $.physics)
[20Jun2025 12:32:52.121] [modloading-worker-0/DEBUG] [com.networknt.schema.TypeValidator/]: validate( {"lodDetail":512,"subSteps":20,"iterations":5,"solver":"GAUSS_SEIDEL","maxDePenetrationSpeed":10.0,"physicsSpeed":1.0}, {"pt":{"synchronizePhysics":false,"physicsTicksPerGameTick":3,"terrainBakingThreads":12,"terrainBakingThreadPriority":5,"terrainDeletionThreads":1,"terrainDeletionThreadPriority":4},"udpPort":25565,"enableUdp":false,"shipLoadDistance":128.0,"shipUnloadDistance":196.0,"physics":{"lodDetail":512,"subSteps":20,"iterations":5,"solver":"GAUSS_SEIDEL","maxDePenetrationSpeed":10.0,"physicsSpeed":1.0}}, $.physics)
[20Jun2025 12:32:52.122] [modloading-worker-0/DEBUG] [com.networknt.schema.FormatValidator/]: validate( 25565, {"pt":{"synchronizePhysics":false,"physicsTicksPerGameTick":3,"terrainBakingThreads":12,"terrainBakingThreadPriority":5,"terrainDeletionThreads":1,"terrainDeletionThreadPriority":4},"udpPort":25565,"enableUdp":false,"shipLoadDistance":128.0,"shipUnloadDistance":196.0,"physics":{"lodDetail":512,"subSteps":20,"iterations":5,"solver":"GAUSS_SEIDEL","maxDePenetrationSpeed":10.0,"physicsSpeed":1.0}}, $.udpPort)
[20Jun2025 12:32:52.122] [modloading-worker-0/DEBUG] [com.networknt.schema.TypeValidator/]: validate( 25565, {"pt":{"synchronizePhysics":false,"physicsTicksPerGameTick":3,"terrainBakingThreads":12,"terrainBakingThreadPriority":5,"terrainDeletionThreads":1,"terrainDeletionThreadPriority":4},"udpPort":25565,"enableUdp":false,"shipLoadDistance":128.0,"shipUnloadDistance":196.0,"physics":{"lodDetail":512,"subSteps":20,"iterations":5,"solver":"GAUSS_SEIDEL","maxDePenetrationSpeed":10.0,"physicsSpeed":1.0}}, $.udpPort)
[20Jun2025 12:32:52.123] [modloading-worker-0/DEBUG] [com.networknt.schema.AdditionalPropertiesValidator/]: validate( {"pt":{"synchronizePhysics":false,"physicsTicksPerGameTick":3,"terrainBakingThreads":12,"terrainBakingThreadPriority":5,"terrainDeletionThreads":1,"terrainDeletionThreadPriority":4},"udpPort":25565,"enableUdp":false,"shipLoadDistance":128.0,"shipUnloadDistance":196.0,"physics":{"lodDetail":512,"subSteps":20,"iterations":5,"solver":"GAUSS_SEIDEL","maxDePenetrationSpeed":10.0,"physicsSpeed":1.0}}, {"pt":{"synchronizePhysics":false,"physicsTicksPerGameTick":3,"terrainBakingThreads":12,"terrainBakingThreadPriority":5,"terrainDeletionThreads":1,"terrainDeletionThreadPriority":4},"udpPort":25565,"enableUdp":false,"shipLoadDistance":128.0,"shipUnloadDistance":196.0,"physics":{"lodDetail":512,"subSteps":20,"iterations":5,"solver":"GAUSS_SEIDEL","maxDePenetrationSpeed":10.0,"physicsSpeed":1.0}}, $)
[20Jun2025 12:32:52.124] [modloading-worker-0/DEBUG] [com.networknt.schema.TypeValidator/]: validate( {"pt":{"synchronizePhysics":false,"physicsTicksPerGameTick":3,"terrainBakingThreads":12,"terrainBakingThreadPriority":5,"terrainDeletionThreads":1,"terrainDeletionThreadPriority":4},"udpPort":25565,"enableUdp":false,"shipLoadDistance":128.0,"shipUnloadDistance":196.0,"physics":{"lodDetail":512,"subSteps":20,"iterations":5,"solver":"GAUSS_SEIDEL","maxDePenetrationSpeed":10.0,"physicsSpeed":1.0}}, {"pt":{"synchronizePhysics":false,"physicsTicksPerGameTick":3,"terrainBakingThreads":12,"terrainBakingThreadPriority":5,"terrainDeletionThreads":1,"terrainDeletionThreadPriority":4},"udpPort":25565,"enableUdp":false,"shipLoadDistance":128.0,"shipUnloadDistance":196.0,"physics":{"lodDetail":512,"subSteps":20,"iterations":5,"solver":"GAUSS_SEIDEL","maxDePenetrationSpeed":10.0,"physicsSpeed":1.0}}, $)
[20Jun2025 12:32:52.720] [modloading-worker-0/DEBUG] [org.valkyrienskies.core.impl.shadow.aK/]: generating definition for org.valkyrienskies.mod.common.config.VSGameConfig$Client
[20Jun2025 12:32:52.720] [modloading-worker-0/DEBUG] [org.valkyrienskies.core.impl.shadow.aK/]: collecting non-static fields and methods from org.valkyrienskies.mod.common.config.VSGameConfig$Client
[20Jun2025 12:32:52.733] [modloading-worker-0/DEBUG] [org.valkyrienskies.core.impl.shadow.aK/]: generating definition for org.valkyrienskies.mod.common.config.VSGameConfig$Client$BLOCKTINT
[20Jun2025 12:32:52.733] [modloading-worker-0/DEBUG] [org.valkyrienskies.core.impl.shadow.aK/]: collecting non-static fields and methods from org.valkyrienskies.mod.common.config.VSGameConfig$Client$BLOCKTINT
[20Jun2025 12:32:52.740] [modloading-worker-0/DEBUG] [org.valkyrienskies.core.impl.shadow.aK/]: generating definition for org.valkyrienskies.mod.common.config.VSGameConfig$Client$TOOLTIP
[20Jun2025 12:32:52.740] [modloading-worker-0/DEBUG] [org.valkyrienskies.core.impl.shadow.aK/]: collecting non-static fields and methods from org.valkyrienskies.mod.common.config.VSGameConfig$Client$TOOLTIP
[20Jun2025 12:32:52.749] [modloading-worker-0/DEBUG] [org.valkyrienskies.core.impl.shadow.aK/]: applying configured custom definition for org.valkyrienskies.mod.mixinducks.feature.mass_tooltip.MassTooltipVisibility
[20Jun2025 12:32:52.753] [modloading-worker-0/DEBUG] [org.valkyrienskies.core.impl.shadow.aK/]: generating definition for org.valkyrienskies.mod.common.config.VSGameConfig$Common
[20Jun2025 12:32:52.753] [modloading-worker-0/DEBUG] [org.valkyrienskies.core.impl.shadow.aK/]: collecting non-static fields and methods from org.valkyrienskies.mod.common.config.VSGameConfig$Common
[20Jun2025 12:32:52.760] [modloading-worker-0/DEBUG] [org.valkyrienskies.core.impl.shadow.aK/]: generating definition for org.valkyrienskies.mod.common.config.VSGameConfig$Common$Advanced
[20Jun2025 12:32:52.760] [modloading-worker-0/DEBUG] [org.valkyrienskies.core.impl.shadow.aK/]: collecting non-static fields and methods from org.valkyrienskies.mod.common.config.VSGameConfig$Common$Advanced
[20Jun2025 12:32:52.767] [modloading-worker-0/DEBUG] [org.valkyrienskies.core.impl.shadow.aK/]: generating definition for org.valkyrienskies.mod.common.config.VSGameConfig$Server
[20Jun2025 12:32:52.767] [modloading-worker-0/DEBUG] [org.valkyrienskies.core.impl.shadow.aK/]: collecting non-static fields and methods from org.valkyrienskies.mod.common.config.VSGameConfig$Server
[20Jun2025 12:32:52.784] [modloading-worker-0/DEBUG] [org.valkyrienskies.core.impl.shadow.aK/]: generating definition for org.valkyrienskies.mod.common.config.VSGameConfig$Server$COMPUTERCRAFT
[20Jun2025 12:32:52.784] [modloading-worker-0/DEBUG] [org.valkyrienskies.core.impl.shadow.aK/]: collecting non-static fields and methods from org.valkyrienskies.mod.common.config.VSGameConfig$Server$COMPUTERCRAFT
[20Jun2025 12:32:52.789] [modloading-worker-0/DEBUG] [org.valkyrienskies.core.impl.shadow.aK/]: generating definition for org.valkyrienskies.mod.common.config.VSGameConfig$Server$FTBCHUNKS
[20Jun2025 12:32:52.790] [modloading-worker-0/DEBUG] [org.valkyrienskies.core.impl.shadow.aK/]: collecting non-static fields and methods from org.valkyrienskies.mod.common.config.VSGameConfig$Server$FTBCHUNKS
[20Jun2025 12:32:52.804] [modloading-worker-0/DEBUG] [com.networknt.schema.PropertiesValidator/]: validate( {"Tooltip":{"massTooltipVisibility":"ADVANCED","useImperialUnits":false},"BlockTinting":{"fixBlockTinting":false},"renderDebugText":false,"recommendSlugsInMcCommands":true}, {"Tooltip":{"massTooltipVisibility":"ADVANCED","useImperialUnits":false},"BlockTinting":{"fixBlockTinting":false},"renderDebugText":false,"recommendSlugsInMcCommands":true}, $)
[20Jun2025 12:32:52.805] [modloading-worker-0/DEBUG] [com.networknt.schema.PropertiesValidator/]: validate( {"massTooltipVisibility":"ADVANCED","useImperialUnits":false}, {"Tooltip":{"massTooltipVisibility":"ADVANCED","useImperialUnits":false},"BlockTinting":{"fixBlockTinting":false},"renderDebugText":false,"recommendSlugsInMcCommands":true}, $.Tooltip)
[20Jun2025 12:32:52.805] [modloading-worker-0/DEBUG] [com.networknt.schema.EnumValidator/]: validate( "ADVANCED", {"Tooltip":{"massTooltipVisibility":"ADVANCED","useImperialUnits":false},"BlockTinting":{"fixBlockTinting":false},"renderDebugText":false,"recommendSlugsInMcCommands":true}, $.Tooltip.massTooltipVisibility)
[20Jun2025 12:32:52.806] [modloading-worker-0/DEBUG] [com.networknt.schema.TypeValidator/]: validate( "ADVANCED", {"Tooltip":{"massTooltipVisibility":"ADVANCED","useImperialUnits":false},"BlockTinting":{"fixBlockTinting":false},"renderDebugText":false,"recommendSlugsInMcCommands":true}, $.Tooltip.massTooltipVisibility)
[20Jun2025 12:32:52.806] [modloading-worker-0/DEBUG] [com.networknt.schema.TypeValidator/]: validate( false, {"Tooltip":{"massTooltipVisibility":"ADVANCED","useImperialUnits":false},"BlockTinting":{"fixBlockTinting":false},"renderDebugText":false,"recommendSlugsInMcCommands":true}, $.Tooltip.useImperialUnits)
[20Jun2025 12:32:52.807] [modloading-worker-0/DEBUG] [com.networknt.schema.AdditionalPropertiesValidator/]: validate( {"massTooltipVisibility":"ADVANCED","useImperialUnits":false}, {"Tooltip":{"massTooltipVisibility":"ADVANCED","useImperialUnits":false},"BlockTinting":{"fixBlockTinting":false},"renderDebugText":false,"recommendSlugsInMcCommands":true}, $.Tooltip)
[20Jun2025 12:32:52.808] [modloading-worker-0/DEBUG] [com.networknt.schema.TypeValidator/]: validate( {"massTooltipVisibility":"ADVANCED","useImperialUnits":false}, {"Tooltip":{"massTooltipVisibility":"ADVANCED","useImperialUnits":false},"BlockTinting":{"fixBlockTinting":false},"renderDebugText":false,"recommendSlugsInMcCommands":true}, $.Tooltip)
[20Jun2025 12:32:52.808] [modloading-worker-0/DEBUG] [com.networknt.schema.TypeValidator/]: validate( true, {"Tooltip":{"massTooltipVisibility":"ADVANCED","useImperialUnits":false},"BlockTinting":{"fixBlockTinting":false},"renderDebugText":false,"recommendSlugsInMcCommands":true}, $.recommendSlugsInMcCommands)
[20Jun2025 12:32:52.809] [modloading-worker-0/DEBUG] [com.networknt.schema.PropertiesValidator/]: validate( {"fixBlockTinting":false}, {"Tooltip":{"massTooltipVisibility":"ADVANCED","useImperialUnits":false},"BlockTinting":{"fixBlockTinting":false},"renderDebugText":false,"recommendSlugsInMcCommands":true}, $.BlockTinting)
[20Jun2025 12:32:52.810] [modloading-worker-0/DEBUG] [com.networknt.schema.TypeValidator/]: validate( false, {"Tooltip":{"massTooltipVisibility":"ADVANCED","useImperialUnits":false},"BlockTinting":{"fixBlockTinting":false},"renderDebugText":false,"recommendSlugsInMcCommands":true}, $.BlockTinting.fixBlockTinting)
[20Jun2025 12:32:52.810] [modloading-worker-0/DEBUG] [com.networknt.schema.AdditionalPropertiesValidator/]: validate( {"fixBlockTinting":false}, {"Tooltip":{"massTooltipVisibility":"ADVANCED","useImperialUnits":false},"BlockTinting":{"fixBlockTinting":false},"renderDebugText":false,"recommendSlugsInMcCommands":true}, $.BlockTinting)
[20Jun2025 12:32:52.811] [modloading-worker-0/DEBUG] [com.networknt.schema.TypeValidator/]: validate( {"fixBlockTinting":false}, {"Tooltip":{"massTooltipVisibility":"ADVANCED","useImperialUnits":false},"BlockTinting":{"fixBlockTinting":false},"renderDebugText":false,"recommendSlugsInMcCommands":true}, $.BlockTinting)
[20Jun2025 12:32:52.812] [modloading-worker-0/DEBUG] [com.networknt.schema.TypeValidator/]: validate( false, {"Tooltip":{"massTooltipVisibility":"ADVANCED","useImperialUnits":false},"BlockTinting":{"fixBlockTinting":false},"renderDebugText":false,"recommendSlugsInMcCommands":true}, $.renderDebugText)
[20Jun2025 12:32:52.812] [modloading-worker-0/DEBUG] [com.networknt.schema.AdditionalPropertiesValidator/]: validate( {"Tooltip":{"massTooltipVisibility":"ADVANCED","useImperialUnits":false},"BlockTinting":{"fixBlockTinting":false},"renderDebugText":false,"recommendSlugsInMcCommands":true}, {"Tooltip":{"massTooltipVisibility":"ADVANCED","useImperialUnits":false},"BlockTinting":{"fixBlockTinting":false},"renderDebugText":false,"recommendSlugsInMcCommands":true}, $)
[20Jun2025 12:32:52.812] [modloading-worker-0/DEBUG] [com.networknt.schema.TypeValidator/]: validate( {"Tooltip":{"massTooltipVisibility":"ADVANCED","useImperialUnits":false},"BlockTinting":{"fixBlockTinting":false},"renderDebugText":false,"recommendSlugsInMcCommands":true}, {"Tooltip":{"massTooltipVisibility":"ADVANCED","useImperialUnits":false},"BlockTinting":{"fixBlockTinting":false},"renderDebugText":false,"recommendSlugsInMcCommands":true}, $)
[20Jun2025 12:32:52.824] [modloading-worker-0/DEBUG] [com.networknt.schema.PropertiesValidator/]: validate( {"ADVANCED":{"renderPathfinding":true}}, {"ADVANCED":{"renderPathfinding":true}}, $)
[20Jun2025 12:32:52.824] [modloading-worker-0/DEBUG] [com.networknt.schema.PropertiesValidator/]: validate( {"renderPathfinding":true}, {"ADVANCED":{"renderPathfinding":true}}, $.ADVANCED)
[20Jun2025 12:32:52.825] [modloading-worker-0/DEBUG] [com.networknt.schema.TypeValidator/]: validate( true, {"ADVANCED":{"renderPathfinding":true}}, $.ADVANCED.renderPathfinding)
[20Jun2025 12:32:52.825] [modloading-worker-0/DEBUG] [com.networknt.schema.AdditionalPropertiesValidator/]: validate( {"renderPathfinding":true}, {"ADVANCED":{"renderPathfinding":true}}, $.ADVANCED)
[20Jun2025 12:32:52.826] [modloading-worker-0/DEBUG] [com.networknt.schema.TypeValidator/]: validate( {"renderPathfinding":true}, {"ADVANCED":{"renderPathfinding":true}}, $.ADVANCED)
[20Jun2025 12:32:52.826] [modloading-worker-0/DEBUG] [com.networknt.schema.AdditionalPropertiesValidator/]: validate( {"ADVANCED":{"renderPathfinding":true}}, {"ADVANCED":{"renderPathfinding":true}}, $)
[20Jun2025 12:32:52.826] [modloading-worker-0/DEBUG] [com.networknt.schema.TypeValidator/]: validate( {"ADVANCED":{"renderPathfinding":true}}, {"ADVANCED":{"renderPathfinding":true}}, $)
[20Jun2025 12:32:52.835] [modloading-worker-0/DEBUG] [com.networknt.schema.PropertiesValidator/]: validate( {"FTBChunks":{"shipsProtectedByClaims":true,"shipsProtectionOutOfBuildHeight":false},"ComputerCraft":{"canTurtlesLeaveScaledShips":false},"enableInteractDistanceChecks":true,"transformTeleports":true,"enableMovementChecks":false,"preventFluidEscapingShip":true,"explosionBlastForce":500000.0,"allowMobSpawns":true,"aiOnShips":true,"miniShipSize":0.5,"minScaling":0.25}, {"FTBChunks":{"shipsProtectedByClaims":true,"shipsProtectionOutOfBuildHeight":false},"ComputerCraft":{"canTurtlesLeaveScaledShips":false},"enableInteractDistanceChecks":true,"transformTeleports":true,"enableMovementChecks":false,"preventFluidEscapingShip":true,"explosionBlastForce":500000.0,"allowMobSpawns":true,"aiOnShips":true,"miniShipSize":0.5,"minScaling":0.25}, $)
[20Jun2025 12:32:52.835] [modloading-worker-0/DEBUG] [com.networknt.schema.PropertiesValidator/]: validate( {"canTurtlesLeaveScaledShips":false}, {"FTBChunks":{"shipsProtectedByClaims":true,"shipsProtectionOutOfBuildHeight":false},"ComputerCraft":{"canTurtlesLeaveScaledShips":false},"enableInteractDistanceChecks":true,"transformTeleports":true,"enableMovementChecks":false,"preventFluidEscapingShip":true,"explosionBlastForce":500000.0,"allowMobSpawns":true,"aiOnShips":true,"miniShipSize":0.5,"minScaling":0.25}, $.ComputerCraft)
[20Jun2025 12:32:52.836] [modloading-worker-0/DEBUG] [com.networknt.schema.TypeValidator/]: validate( false, {"FTBChunks":{"shipsProtectedByClaims":true,"shipsProtectionOutOfBuildHeight":false},"ComputerCraft":{"canTurtlesLeaveScaledShips":false},"enableInteractDistanceChecks":true,"transformTeleports":true,"enableMovementChecks":false,"preventFluidEscapingShip":true,"explosionBlastForce":500000.0,"allowMobSpawns":true,"aiOnShips":true,"miniShipSize":0.5,"minScaling":0.25}, $.ComputerCraft.canTurtlesLeaveScaledShips)
[20Jun2025 12:32:52.836] [modloading-worker-0/DEBUG] [com.networknt.schema.AdditionalPropertiesValidator/]: validate( {"canTurtlesLeaveScaledShips":false}, {"FTBChunks":{"shipsProtectedByClaims":true,"shipsProtectionOutOfBuildHeight":false},"ComputerCraft":{"canTurtlesLeaveScaledShips":false},"enableInteractDistanceChecks":true,"transformTeleports":true,"enableMovementChecks":false,"preventFluidEscapingShip":true,"explosionBlastForce":500000.0,"allowMobSpawns":true,"aiOnShips":true,"miniShipSize":0.5,"minScaling":0.25}, $.ComputerCraft)
[20Jun2025 12:32:52.837] [modloading-worker-0/DEBUG] [com.networknt.schema.TypeValidator/]: validate( {"canTurtlesLeaveScaledShips":false}, {"FTBChunks":{"shipsProtectedByClaims":true,"shipsProtectionOutOfBuildHeight":false},"ComputerCraft":{"canTurtlesLeaveScaledShips":false},"enableInteractDistanceChecks":true,"transformTeleports":true,"enableMovementChecks":false,"preventFluidEscapingShip":true,"explosionBlastForce":500000.0,"allowMobSpawns":true,"aiOnShips":true,"miniShipSize":0.5,"minScaling":0.25}, $.ComputerCraft)
[20Jun2025 12:32:52.837] [modloading-worker-0/DEBUG] [com.networknt.schema.PropertiesValidator/]: validate( {"shipsProtectedByClaims":true,"shipsProtectionOutOfBuildHeight":false}, {"FTBChunks":{"shipsProtectedByClaims":true,"shipsProtectionOutOfBuildHeight":false},"ComputerCraft":{"canTurtlesLeaveScaledShips":false},"enableInteractDistanceChecks":true,"transformTeleports":true,"enableMovementChecks":false,"preventFluidEscapingShip":true,"explosionBlastForce":500000.0,"allowMobSpawns":true,"aiOnShips":true,"miniShipSize":0.5,"minScaling":0.25}, $.FTBChunks)
[20Jun2025 12:32:52.838] [modloading-worker-0/DEBUG] [com.networknt.schema.TypeValidator/]: validate( true, {"FTBChunks":{"shipsProtectedByClaims":true,"shipsProtectionOutOfBuildHeight":false},"ComputerCraft":{"canTurtlesLeaveScaledShips":false},"enableInteractDistanceChecks":true,"transformTeleports":true,"enableMovementChecks":false,"preventFluidEscapingShip":true,"explosionBlastForce":500000.0,"allowMobSpawns":true,"aiOnShips":true,"miniShipSize":0.5,"minScaling":0.25}, $.FTBChunks.shipsProtectedByClaims)
[20Jun2025 12:32:52.838] [modloading-worker-0/DEBUG] [com.networknt.schema.TypeValidator/]: validate( false, {"FTBChunks":{"shipsProtectedByClaims":true,"shipsProtectionOutOfBuildHeight":false},"ComputerCraft":{"canTurtlesLeaveScaledShips":false},"enableInteractDistanceChecks":true,"transformTeleports":true,"enableMovementChecks":false,"preventFluidEscapingShip":true,"explosionBlastForce":500000.0,"allowMobSpawns":true,"aiOnShips":true,"miniShipSize":0.5,"minScaling":0.25}, $.FTBChunks.shipsProtectionOutOfBuildHeight)
[20Jun2025 12:32:52.839] [modloading-worker-0/DEBUG] [com.networknt.schema.AdditionalPropertiesValidator/]: validate( {"shipsProtectedByClaims":true,"shipsProtectionOutOfBuildHeight":false}, {"FTBChunks":{"shipsProtectedByClaims":true,"shipsProtectionOutOfBuildHeight":false},"ComputerCraft":{"canTurtlesLeaveScaledShips":false},"enableInteractDistanceChecks":true,"transformTeleports":true,"enableMovementChecks":false,"preventFluidEscapingShip":true,"explosionBlastForce":500000.0,"allowMobSpawns":true,"aiOnShips":true,"miniShipSize":0.5,"minScaling":0.25}, $.FTBChunks)
[20Jun2025 12:32:52.840] [modloading-worker-0/DEBUG] [com.networknt.schema.TypeValidator/]: validate( {"shipsProtectedByClaims":true,"shipsProtectionOutOfBuildHeight":false}, {"FTBChunks":{"shipsProtectedByClaims":true,"shipsProtectionOutOfBuildHeight":false},"ComputerCraft":{"canTurtlesLeaveScaledShips":false},"enableInteractDistanceChecks":true,"transformTeleports":true,"enableMovementChecks":false,"preventFluidEscapingShip":true,"explosionBlastForce":500000.0,"allowMobSpawns":true,"aiOnShips":true,"miniShipSize":0.5,"minScaling":0.25}, $.FTBChunks)
[20Jun2025 12:32:52.840] [modloading-worker-0/DEBUG] [com.networknt.schema.FormatValidator/]: validate( 0.25, {"FTBChunks":{"shipsProtectedByClaims":true,"shipsProtectionOutOfBuildHeight":false},"ComputerCraft":{"canTurtlesLeaveScaledShips":false},"enableInteractDistanceChecks":true,"transformTeleports":true,"enableMovementChecks":false,"preventFluidEscapingShip":true,"explosionBlastForce":500000.0,"allowMobSpawns":true,"aiOnShips":true,"miniShipSize":0.5,"minScaling":0.25}, $.minScaling)
[20Jun2025 12:32:52.841] [modloading-worker-0/DEBUG] [com.networknt.schema.TypeValidator/]: validate( 0.25, {"FTBChunks":{"shipsProtectedByClaims":true,"shipsProtectionOutOfBuildHeight":false},"ComputerCraft":{"canTurtlesLeaveScaledShips":false},"enableInteractDistanceChecks":true,"transformTeleports":true,"enableMovementChecks":false,"preventFluidEscapingShip":true,"explosionBlastForce":500000.0,"allowMobSpawns":true,"aiOnShips":true,"miniShipSize":0.5,"minScaling":0.25}, $.minScaling)
[20Jun2025 12:32:52.841] [modloading-worker-0/DEBUG] [com.networknt.schema.TypeValidator/]: validate( true, {"FTBChunks":{"shipsProtectedByClaims":true,"shipsProtectionOutOfBuildHeight":false},"ComputerCraft":{"canTurtlesLeaveScaledShips":false},"enableInteractDistanceChecks":true,"transformTeleports":true,"enableMovementChecks":false,"preventFluidEscapingShip":true,"explosionBlastForce":500000.0,"allowMobSpawns":true,"aiOnShips":true,"miniShipSize":0.5,"minScaling":0.25}, $.preventFluidEscapingShip)
[20Jun2025 12:32:52.841] [modloading-worker-0/DEBUG] [com.networknt.schema.TypeValidator/]: validate( true, {"FTBChunks":{"shipsProtectedByClaims":true,"shipsProtectionOutOfBuildHeight":false},"ComputerCraft":{"canTurtlesLeaveScaledShips":false},"enableInteractDistanceChecks":true,"transformTeleports":true,"enableMovementChecks":false,"preventFluidEscapingShip":true,"explosionBlastForce":500000.0,"allowMobSpawns":true,"aiOnShips":true,"miniShipSize":0.5,"minScaling":0.25}, $.transformTeleports)
[20Jun2025 12:32:52.842] [modloading-worker-0/DEBUG] [com.networknt.schema.FormatValidator/]: validate( 500000.0, {"FTBChunks":{"shipsProtectedByClaims":true,"shipsProtectionOutOfBuildHeight":false},"ComputerCraft":{"canTurtlesLeaveScaledShips":false},"enableInteractDistanceChecks":true,"transformTeleports":true,"enableMovementChecks":false,"preventFluidEscapingShip":true,"explosionBlastForce":500000.0,"allowMobSpawns":true,"aiOnShips":true,"miniShipSize":0.5,"minScaling":0.25}, $.explosionBlastForce)
[20Jun2025 12:32:52.843] [modloading-worker-0/DEBUG] [com.networknt.schema.TypeValidator/]: validate( 500000.0, {"FTBChunks":{"shipsProtectedByClaims":true,"shipsProtectionOutOfBuildHeight":false},"ComputerCraft":{"canTurtlesLeaveScaledShips":false},"enableInteractDistanceChecks":true,"transformTeleports":true,"enableMovementChecks":false,"preventFluidEscapingShip":true,"explosionBlastForce":500000.0,"allowMobSpawns":true,"aiOnShips":true,"miniShipSize":0.5,"minScaling":0.25}, $.explosionBlastForce)
[20Jun2025 12:32:52.844] [modloading-worker-0/DEBUG] [com.networknt.schema.TypeValidator/]: validate( true, {"FTBChunks":{"shipsProtectedByClaims":true,"shipsProtectionOutOfBuildHeight":false},"ComputerCraft":{"canTurtlesLeaveScaledShips":false},"enableInteractDistanceChecks":true,"transformTeleports":true,"enableMovementChecks":false,"preventFluidEscapingShip":true,"explosionBlastForce":500000.0,"allowMobSpawns":true,"aiOnShips":true,"miniShipSize":0.5,"minScaling":0.25}, $.allowMobSpawns)
[20Jun2025 12:32:52.844] [modloading-worker-0/DEBUG] [com.networknt.schema.FormatValidator/]: validate( 0.5, {"FTBChunks":{"shipsProtectedByClaims":true,"shipsProtectionOutOfBuildHeight":false},"ComputerCraft":{"canTurtlesLeaveScaledShips":false},"enableInteractDistanceChecks":true,"transformTeleports":true,"enableMovementChecks":false,"preventFluidEscapingShip":true,"explosionBlastForce":500000.0,"allowMobSpawns":true,"aiOnShips":true,"miniShipSize":0.5,"minScaling":0.25}, $.miniShipSize)
[20Jun2025 12:32:52.845] [modloading-worker-0/DEBUG] [com.networknt.schema.TypeValidator/]: validate( 0.5, {"FTBChunks":{"shipsProtectedByClaims":true,"shipsProtectionOutOfBuildHeight":false},"ComputerCraft":{"canTurtlesLeaveScaledShips":false},"enableInteractDistanceChecks":true,"transformTeleports":true,"enableMovementChecks":false,"preventFluidEscapingShip":true,"explosionBlastForce":500000.0,"allowMobSpawns":true,"aiOnShips":true,"miniShipSize":0.5,"minScaling":0.25}, $.miniShipSize)
[20Jun2025 12:32:52.845] [modloading-worker-0/DEBUG] [com.networknt.schema.TypeValidator/]: validate( true, {"FTBChunks":{"shipsProtectedByClaims":true,"shipsProtectionOutOfBuildHeight":false},"ComputerCraft":{"canTurtlesLeaveScaledShips":false},"enableInteractDistanceChecks":true,"transformTeleports":true,"enableMovementChecks":false,"preventFluidEscapingShip":true,"explosionBlastForce":500000.0,"allowMobSpawns":true,"aiOnShips":true,"miniShipSize":0.5,"minScaling":0.25}, $.aiOnShips)
[20Jun2025 12:32:52.846] [modloading-worker-0/DEBUG] [com.networknt.schema.TypeValidator/]: validate( false, {"FTBChunks":{"shipsProtectedByClaims":true,"shipsProtectionOutOfBuildHeight":false},"ComputerCraft":{"canTurtlesLeaveScaledShips":false},"enableInteractDistanceChecks":true,"transformTeleports":true,"enableMovementChecks":false,"preventFluidEscapingShip":true,"explosionBlastForce":500000.0,"allowMobSpawns":true,"aiOnShips":true,"miniShipSize":0.5,"minScaling":0.25}, $.enableMovementChecks)
[20Jun2025 12:32:52.847] [modloading-worker-0/DEBUG] [com.networknt.schema.TypeValidator/]: validate( true, {"FTBChunks":{"shipsProtectedByClaims":true,"shipsProtectionOutOfBuildHeight":false},"ComputerCraft":{"canTurtlesLeaveScaledShips":false},"enableInteractDistanceChecks":true,"transformTeleports":true,"enableMovementChecks":false,"preventFluidEscapingShip":true,"explosionBlastForce":500000.0,"allowMobSpawns":true,"aiOnShips":true,"miniShipSize":0.5,"minScaling":0.25}, $.enableInteractDistanceChecks)
[20Jun2025 12:32:52.848] [modloading-worker-0/DEBUG] [com.networknt.schema.AdditionalPropertiesValidator/]: validate( {"FTBChunks":{"shipsProtectedByClaims":true,"shipsProtectionOutOfBuildHeight":false},"ComputerCraft":{"canTurtlesLeaveScaledShips":false},"enableInteractDistanceChecks":true,"transformTeleports":true,"enableMovementChecks":false,"preventFluidEscapingShip":true,"explosionBlastForce":500000.0,"allowMobSpawns":true,"aiOnShips":true,"miniShipSize":0.5,"minScaling":0.25}, {"FTBChunks":{"shipsProtectedByClaims":true,"shipsProtectionOutOfBuildHeight":false},"ComputerCraft":{"canTurtlesLeaveScaledShips":false},"enableInteractDistanceChecks":true,"transformTeleports":true,"enableMovementChecks":false,"preventFluidEscapingShip":true,"explosionBlastForce":500000.0,"allowMobSpawns":true,"aiOnShips":true,"miniShipSize":0.5,"minScaling":0.25}, $)
[20Jun2025 12:32:52.848] [modloading-worker-0/DEBUG] [com.networknt.schema.TypeValidator/]: validate( {"FTBChunks":{"shipsProtectedByClaims":true,"shipsProtectionOutOfBuildHeight":false},"ComputerCraft":{"canTurtlesLeaveScaledShips":false},"enableInteractDistanceChecks":true,"transformTeleports":true,"enableMovementChecks":false,"preventFluidEscapingShip":true,"explosionBlastForce":500000.0,"allowMobSpawns":true,"aiOnShips":true,"miniShipSize":0.5,"minScaling":0.25}, {"FTBChunks":{"shipsProtectedByClaims":true,"shipsProtectionOutOfBuildHeight":false},"ComputerCraft":{"canTurtlesLeaveScaledShips":false},"enableInteractDistanceChecks":true,"transformTeleports":true,"enableMovementChecks":false,"preventFluidEscapingShip":true,"explosionBlastForce":500000.0,"allowMobSpawns":true,"aiOnShips":true,"miniShipSize":0.5,"minScaling":0.25}, $)
[20Jun2025 12:32:52.909] [modloading-worker-0/DEBUG] [net.minecraftforge.fml.javafmlmod.AutomaticEventSubscriber/LOADING]: Attempting to inject @EventBusSubscriber classes into the eventbus for valkyrienskies
[20Jun2025 12:32:53.018] [Render thread/DEBUG] [net.minecraftforge.registries.ObjectHolderRegistry/REGISTRIES]: Processing ObjectHolder annotations
[20Jun2025 12:32:53.088] [Render thread/DEBUG] [net.minecraftforge.registries.ObjectHolderRegistry/REGISTRIES]: Found 3864 ObjectHolder annotations
[20Jun2025 12:32:53.106] [Render thread/DEBUG] [net.minecraftforge.common.capabilities.CapabilityManager/CAPABILITIES]: Attempting to automatically register: Lnet/minecraftforge/energy/IEnergyStorage;
[20Jun2025 12:32:53.109] [Render thread/DEBUG] [net.minecraftforge.common.capabilities.CapabilityManager/CAPABILITIES]: Attempting to automatically register: Lnet/minecraftforge/fluids/capability/IFluidHandler;
[20Jun2025 12:32:53.109] [Render thread/DEBUG] [net.minecraftforge.common.capabilities.CapabilityManager/CAPABILITIES]: Attempting to automatically register: Lnet/minecraftforge/fluids/capability/IFluidHandlerItem;
[20Jun2025 12:32:53.110] [Render thread/DEBUG] [net.minecraftforge.common.capabilities.CapabilityManager/CAPABILITIES]: Attempting to automatically register: Lnet/minecraftforge/items/IItemHandler;
[20Jun2025 12:32:53.115] [Render thread/DEBUG] [net.minecraftforge.registries.GameData/REGISTRIES]: Unfreezing vanilla registries
[20Jun2025 12:32:53.123] [Render thread/DEBUG] [net.minecraftforge.registries.GameData/REGISTRIES]: Applying holder lookups: minecraft:sound_event
[20Jun2025 12:32:53.131] [Render thread/DEBUG] [net.minecraftforge.registries.GameData/REGISTRIES]: Holder lookups applied: minecraft:sound_event
[20Jun2025 12:32:53.131] [Render thread/DEBUG] [net.minecraftforge.registries.GameData/REGISTRIES]: Applying holder lookups: minecraft:fluid
[20Jun2025 12:32:53.133] [Render thread/DEBUG] [net.minecraftforge.registries.GameData/REGISTRIES]: Holder lookups applied: minecraft:fluid
[20Jun2025 12:32:53.152] [Render thread/DEBUG] [net.minecraftforge.registries.GameData/REGISTRIES]: Applying holder lookups: minecraft:block
[20Jun2025 12:32:53.157] [Render thread/DEBUG] [net.minecraftforge.registries.GameData/REGISTRIES]: Holder lookups applied: minecraft:block
[20Jun2025 12:32:53.158] [Render thread/DEBUG] [net.minecraftforge.registries.GameData/REGISTRIES]: Applying holder lookups: minecraft:attribute
[20Jun2025 12:32:53.160] [Render thread/DEBUG] [net.minecraftforge.registries.GameData/REGISTRIES]: Holder lookups applied: minecraft:attribute
[20Jun2025 12:32:53.160] [Render thread/DEBUG] [net.minecraftforge.registries.GameData/REGISTRIES]: Applying holder lookups: minecraft:mob_effect
[20Jun2025 12:32:53.162] [Render thread/DEBUG] [net.minecraftforge.registries.GameData/REGISTRIES]: Holder lookups applied: minecraft:mob_effect
[20Jun2025 12:32:53.163] [Render thread/DEBUG] [net.minecraftforge.registries.GameData/REGISTRIES]: Applying holder lookups: minecraft:particle_type
[20Jun2025 12:32:53.164] [Render thread/DEBUG] [net.minecraftforge.registries.GameData/REGISTRIES]: Holder lookups applied: minecraft:particle_type
[20Jun2025 12:32:53.176] [Render thread/DEBUG] [net.minecraftforge.registries.GameData/REGISTRIES]: Applying holder lookups: minecraft:item
[20Jun2025 12:32:53.180] [Render thread/DEBUG] [net.minecraftforge.registries.GameData/REGISTRIES]: Holder lookups applied: minecraft:item
[20Jun2025 12:32:53.190] [Render thread/DEBUG] [net.minecraftforge.registries.GameData/REGISTRIES]: Applying holder lookups: minecraft:entity_type
[20Jun2025 12:32:53.192] [Render thread/DEBUG] [net.minecraftforge.registries.GameData/REGISTRIES]: Holder lookups applied: minecraft:entity_type
[20Jun2025 12:32:53.193] [Render thread/DEBUG] [net.minecraftforge.registries.GameData/REGISTRIES]: Applying holder lookups: minecraft:sensor_type
[20Jun2025 12:32:53.195] [Render thread/DEBUG] [net.minecraftforge.registries.GameData/REGISTRIES]: Holder lookups applied: minecraft:sensor_type
[20Jun2025 12:32:53.195] [Render thread/DEBUG] [net.minecraftforge.registries.GameData/REGISTRIES]: Applying holder lookups: minecraft:memory_module_type
[20Jun2025 12:32:53.196] [Render thread/DEBUG] [net.minecraftforge.registries.GameData/REGISTRIES]: Holder lookups applied: minecraft:memory_module_type
[20Jun2025 12:32:53.197] [Render thread/DEBUG] [net.minecraftforge.registries.GameData/REGISTRIES]: Applying holder lookups: minecraft:potion
[20Jun2025 12:32:53.199] [Render thread/DEBUG] [net.minecraftforge.registries.GameData/REGISTRIES]: Holder lookups applied: minecraft:potion
[20Jun2025 12:32:53.200] [Render thread/DEBUG] [net.minecraftforge.registries.GameData/REGISTRIES]: Applying holder lookups: minecraft:game_event
[20Jun2025 12:32:53.201] [Render thread/DEBUG] [net.minecraftforge.registries.GameData/REGISTRIES]: Holder lookups applied: minecraft:game_event
[20Jun2025 12:32:53.202] [Render thread/DEBUG] [net.minecraftforge.registries.GameData/REGISTRIES]: Applying holder lookups: minecraft:enchantment
[20Jun2025 12:32:53.203] [Render thread/DEBUG] [net.minecraftforge.registries.GameData/REGISTRIES]: Holder lookups applied: minecraft:enchantment
[20Jun2025 12:32:53.208] [Render thread/DEBUG] [net.minecraftforge.registries.GameData/REGISTRIES]: Applying holder lookups: minecraft:block_entity_type
[20Jun2025 12:32:53.209] [Render thread/DEBUG] [net.minecraftforge.registries.GameData/REGISTRIES]: Holder lookups applied: minecraft:block_entity_type
[20Jun2025 12:32:53.210] [Render thread/DEBUG] [net.minecraftforge.registries.GameData/REGISTRIES]: Applying holder lookups: minecraft:painting_variant
[20Jun2025 12:32:53.211] [Render thread/DEBUG] [net.minecraftforge.registries.GameData/REGISTRIES]: Holder lookups applied: minecraft:painting_variant
[20Jun2025 12:32:53.213] [Render thread/DEBUG] [net.minecraftforge.registries.GameData/REGISTRIES]: Applying holder lookups: minecraft:stat_type
[20Jun2025 12:32:53.214] [Render thread/DEBUG] [net.minecraftforge.registries.GameData/REGISTRIES]: Holder lookups applied: minecraft:stat_type
[20Jun2025 12:32:53.215] [Render thread/DEBUG] [net.minecraftforge.registries.GameData/REGISTRIES]: Applying holder lookups: minecraft:custom_stat
[20Jun2025 12:32:53.216] [Render thread/DEBUG] [net.minecraftforge.registries.GameData/REGISTRIES]: Holder lookups applied: minecraft:custom_stat
[20Jun2025 12:32:53.218] [Render thread/DEBUG] [net.minecraftforge.registries.GameData/REGISTRIES]: Applying holder lookups: minecraft:chunk_status
[20Jun2025 12:32:53.219] [Render thread/DEBUG] [net.minecraftforge.registries.GameData/REGISTRIES]: Holder lookups applied: minecraft:chunk_status
[20Jun2025 12:32:53.219] [Render thread/DEBUG] [net.minecraftforge.registries.GameData/REGISTRIES]: Applying holder lookups: minecraft:rule_test
[20Jun2025 12:32:53.221] [Render thread/DEBUG] [net.minecraftforge.registries.GameData/REGISTRIES]: Holder lookups applied: minecraft:rule_test
[20Jun2025 12:32:53.221] [Render thread/DEBUG] [net.minecraftforge.registries.GameData/REGISTRIES]: Applying holder lookups: minecraft:rule_block_entity_modifier
[20Jun2025 12:32:53.223] [Render thread/DEBUG] [net.minecraftforge.registries.GameData/REGISTRIES]: Holder lookups applied: minecraft:rule_block_entity_modifier
[20Jun2025 12:32:53.223] [Render thread/DEBUG] [net.minecraftforge.registries.GameData/REGISTRIES]: Applying holder lookups: minecraft:pos_rule_test
[20Jun2025 12:32:53.225] [Render thread/DEBUG] [net.minecraftforge.registries.GameData/REGISTRIES]: Holder lookups applied: minecraft:pos_rule_test
[20Jun2025 12:32:53.225] [Render thread/DEBUG] [net.minecraftforge.registries.GameData/REGISTRIES]: Applying holder lookups: minecraft:menu
[20Jun2025 12:32:53.226] [Render thread/DEBUG] [net.minecraftforge.registries.GameData/REGISTRIES]: Holder lookups applied: minecraft:menu
[20Jun2025 12:32:53.227] [Render thread/DEBUG] [net.minecraftforge.registries.GameData/REGISTRIES]: Applying holder lookups: minecraft:recipe_type
[20Jun2025 12:32:53.229] [Render thread/DEBUG] [net.minecraftforge.registries.GameData/REGISTRIES]: Holder lookups applied: minecraft:recipe_type
[20Jun2025 12:32:53.275] [Render thread/DEBUG] [net.minecraftforge.registries.GameData/REGISTRIES]: Applying holder lookups: minecraft:recipe_serializer
[20Jun2025 12:32:53.276] [Render thread/DEBUG] [net.minecraftforge.registries.GameData/REGISTRIES]: Holder lookups applied: minecraft:recipe_serializer
[20Jun2025 12:32:53.277] [Render thread/DEBUG] [net.minecraftforge.registries.GameData/REGISTRIES]: Applying holder lookups: minecraft:position_source_type
[20Jun2025 12:32:53.278] [Render thread/DEBUG] [net.minecraftforge.registries.GameData/REGISTRIES]: Holder lookups applied: minecraft:position_source_type
[20Jun2025 12:32:53.283] [Render thread/DEBUG] [net.minecraftforge.registries.GameData/REGISTRIES]: Applying holder lookups: minecraft:command_argument_type
[20Jun2025 12:32:53.285] [Render thread/DEBUG] [net.minecraftforge.registries.GameData/REGISTRIES]: Holder lookups applied: minecraft:command_argument_type
[20Jun2025 12:32:53.286] [Render thread/DEBUG] [net.minecraftforge.registries.GameData/REGISTRIES]: Applying holder lookups: minecraft:villager_type
[20Jun2025 12:32:53.287] [Render thread/DEBUG] [net.minecraftforge.registries.GameData/REGISTRIES]: Holder lookups applied: minecraft:villager_type
[20Jun2025 12:32:53.288] [Render thread/DEBUG] [net.minecraftforge.registries.GameData/REGISTRIES]: Applying holder lookups: minecraft:villager_profession
[20Jun2025 12:32:53.290] [Render thread/DEBUG] [net.minecraftforge.registries.GameData/REGISTRIES]: Holder lookups applied: minecraft:villager_profession
[20Jun2025 12:32:53.290] [Render thread/DEBUG] [net.minecraftforge.registries.GameData/REGISTRIES]: Applying holder lookups: minecraft:point_of_interest_type
[20Jun2025 12:32:53.292] [Render thread/DEBUG] [net.minecraftforge.registries.GameData/REGISTRIES]: Holder lookups applied: minecraft:point_of_interest_type
[20Jun2025 12:32:53.292] [Render thread/DEBUG] [net.minecraftforge.registries.GameData/REGISTRIES]: Applying holder lookups: minecraft:schedule
[20Jun2025 12:32:53.293] [Render thread/DEBUG] [net.minecraftforge.registries.GameData/REGISTRIES]: Holder lookups applied: minecraft:schedule
[20Jun2025 12:32:53.294] [Render thread/DEBUG] [net.minecraftforge.registries.GameData/REGISTRIES]: Applying holder lookups: minecraft:activity
[20Jun2025 12:32:53.295] [Render thread/DEBUG] [net.minecraftforge.registries.GameData/REGISTRIES]: Holder lookups applied: minecraft:activity
[20Jun2025 12:32:53.296] [Render thread/DEBUG] [net.minecraftforge.registries.GameData/REGISTRIES]: Applying holder lookups: minecraft:loot_pool_entry_type
[20Jun2025 12:32:53.297] [Render thread/DEBUG] [net.minecraftforge.registries.GameData/REGISTRIES]: Holder lookups applied: minecraft:loot_pool_entry_type
[20Jun2025 12:32:53.298] [Render thread/DEBUG] [net.minecraftforge.registries.GameData/REGISTRIES]: Applying holder lookups: minecraft:loot_function_type
[20Jun2025 12:32:53.300] [Render thread/DEBUG] [net.minecraftforge.registries.GameData/REGISTRIES]: Holder lookups applied: minecraft:loot_function_type
[20Jun2025 12:32:53.308] [Render thread/DEBUG] [net.minecraftforge.registries.GameData/REGISTRIES]: Applying holder lookups: minecraft:loot_condition_type
[20Jun2025 12:32:53.310] [Render thread/DEBUG] [net.minecraftforge.registries.GameData/REGISTRIES]: Holder lookups applied: minecraft:loot_condition_type
[20Jun2025 12:32:53.312] [Render thread/DEBUG] [net.minecraftforge.registries.GameData/REGISTRIES]: Applying holder lookups: minecraft:loot_number_provider_type
[20Jun2025 12:32:53.313] [Render thread/DEBUG] [net.minecraftforge.registries.GameData/REGISTRIES]: Holder lookups applied: minecraft:loot_number_provider_type
[20Jun2025 12:32:53.315] [Render thread/DEBUG] [net.minecraftforge.registries.GameData/REGISTRIES]: Applying holder lookups: minecraft:loot_nbt_provider_type
[20Jun2025 12:32:53.317] [Render thread/DEBUG] [net.minecraftforge.registries.GameData/REGISTRIES]: Holder lookups applied: minecraft:loot_nbt_provider_type
[20Jun2025 12:32:53.318] [Render thread/DEBUG] [net.minecraftforge.registries.GameData/REGISTRIES]: Applying holder lookups: minecraft:loot_score_provider_type
[20Jun2025 12:32:53.320] [Render thread/DEBUG] [net.minecraftforge.registries.GameData/REGISTRIES]: Holder lookups applied: minecraft:loot_score_provider_type
[20Jun2025 12:32:53.320] [Render thread/DEBUG] [net.minecraftforge.registries.GameData/REGISTRIES]: Applying holder lookups: minecraft:float_provider_type
[20Jun2025 12:32:53.322] [Render thread/DEBUG] [net.minecraftforge.registries.GameData/REGISTRIES]: Holder lookups applied: minecraft:float_provider_type
[20Jun2025 12:32:53.322] [Render thread/DEBUG] [net.minecraftforge.registries.GameData/REGISTRIES]: Applying holder lookups: minecraft:int_provider_type
[20Jun2025 12:32:53.323] [Render thread/DEBUG] [net.minecraftforge.registries.GameData/REGISTRIES]: Holder lookups applied: minecraft:int_provider_type
[20Jun2025 12:32:53.324] [Render thread/DEBUG] [net.minecraftforge.registries.GameData/REGISTRIES]: Applying holder lookups: minecraft:height_provider_type
[20Jun2025 12:32:53.326] [Render thread/DEBUG] [net.minecraftforge.registries.GameData/REGISTRIES]: Holder lookups applied: minecraft:height_provider_type
[20Jun2025 12:32:53.326] [Render thread/DEBUG] [net.minecraftforge.registries.GameData/REGISTRIES]: Applying holder lookups: minecraft:block_predicate_type
[20Jun2025 12:32:53.328] [Render thread/DEBUG] [net.minecraftforge.registries.GameData/REGISTRIES]: Holder lookups applied: minecraft:block_predicate_type
[20Jun2025 12:32:53.329] [Render thread/DEBUG] [net.minecraftforge.registries.GameData/REGISTRIES]: Applying holder lookups: minecraft:worldgen/carver
[20Jun2025 12:32:53.331] [Render thread/DEBUG] [net.minecraftforge.registries.GameData/REGISTRIES]: Holder lookups applied: minecraft:worldgen/carver
[20Jun2025 12:32:53.331] [Render thread/DEBUG] [net.minecraftforge.registries.GameData/REGISTRIES]: Applying holder lookups: minecraft:worldgen/feature
[20Jun2025 12:32:53.332] [Render thread/DEBUG] [net.minecraftforge.registries.GameData/REGISTRIES]: Holder lookups applied: minecraft:worldgen/feature
[20Jun2025 12:32:53.333] [Render thread/DEBUG] [net.minecraftforge.registries.GameData/REGISTRIES]: Applying holder lookups: minecraft:worldgen/structure_processor
[20Jun2025 12:32:53.334] [Render thread/DEBUG] [net.minecraftforge.registries.GameData/REGISTRIES]: Holder lookups applied: minecraft:worldgen/structure_processor
[20Jun2025 12:32:53.335] [Render thread/DEBUG] [net.minecraftforge.registries.GameData/REGISTRIES]: Applying holder lookups: minecraft:worldgen/structure_placement
[20Jun2025 12:32:53.340] [Render thread/DEBUG] [net.minecraftforge.registries.GameData/REGISTRIES]: Holder lookups applied: minecraft:worldgen/structure_placement
[20Jun2025 12:32:53.342] [Render thread/DEBUG] [net.minecraftforge.registries.GameData/REGISTRIES]: Applying holder lookups: minecraft:worldgen/structure_piece
[20Jun2025 12:32:53.343] [Render thread/DEBUG] [net.minecraftforge.registries.GameData/REGISTRIES]: Holder lookups applied: minecraft:worldgen/structure_piece
[20Jun2025 12:32:53.344] [Render thread/DEBUG] [net.minecraftforge.registries.GameData/REGISTRIES]: Applying holder lookups: minecraft:worldgen/structure_type
[20Jun2025 12:32:53.345] [Render thread/DEBUG] [net.minecraftforge.registries.GameData/REGISTRIES]: Holder lookups applied: minecraft:worldgen/structure_type
[20Jun2025 12:32:53.346] [Render thread/DEBUG] [net.minecraftforge.registries.GameData/REGISTRIES]: Applying holder lookups: minecraft:worldgen/placement_modifier_type
[20Jun2025 12:32:53.346] [Render thread/DEBUG] [net.minecraftforge.registries.GameData/REGISTRIES]: Holder lookups applied: minecraft:worldgen/placement_modifier_type
[20Jun2025 12:32:53.346] [Render thread/DEBUG] [net.minecraftforge.registries.GameData/REGISTRIES]: Applying holder lookups: minecraft:worldgen/block_state_provider_type
[20Jun2025 12:32:53.349] [Render thread/DEBUG] [net.minecraftforge.registries.GameData/REGISTRIES]: Holder lookups applied: minecraft:worldgen/block_state_provider_type
[20Jun2025 12:32:53.349] [Render thread/DEBUG] [net.minecraftforge.registries.GameData/REGISTRIES]: Applying holder lookups: minecraft:worldgen/foliage_placer_type
[20Jun2025 12:32:53.350] [Render thread/DEBUG] [net.minecraftforge.registries.GameData/REGISTRIES]: Holder lookups applied: minecraft:worldgen/foliage_placer_type
[20Jun2025 12:32:53.351] [Render thread/DEBUG] [net.minecraftforge.registries.GameData/REGISTRIES]: Applying holder lookups: minecraft:worldgen/trunk_placer_type
[20Jun2025 12:32:53.352] [Render thread/DEBUG] [net.minecraftforge.registries.GameData/REGISTRIES]: Holder lookups applied: minecraft:worldgen/trunk_placer_type
[20Jun2025 12:32:53.352] [Render thread/DEBUG] [net.minecraftforge.registries.GameData/REGISTRIES]: Applying holder lookups: minecraft:worldgen/root_placer_type
[20Jun2025 12:32:53.353] [Render thread/DEBUG] [net.minecraftforge.registries.GameData/REGISTRIES]: Holder lookups applied: minecraft:worldgen/root_placer_type
[20Jun2025 12:32:53.354] [Render thread/DEBUG] [net.minecraftforge.registries.GameData/REGISTRIES]: Applying holder lookups: minecraft:worldgen/tree_decorator_type
[20Jun2025 12:32:53.356] [Render thread/DEBUG] [net.minecraftforge.registries.GameData/REGISTRIES]: Holder lookups applied: minecraft:worldgen/tree_decorator_type
[20Jun2025 12:32:53.356] [Render thread/DEBUG] [net.minecraftforge.registries.GameData/REGISTRIES]: Applying holder lookups: minecraft:worldgen/feature_size_type
[20Jun2025 12:32:53.357] [Render thread/DEBUG] [net.minecraftforge.registries.GameData/REGISTRIES]: Holder lookups applied: minecraft:worldgen/feature_size_type
[20Jun2025 12:32:53.358] [Render thread/DEBUG] [net.minecraftforge.registries.GameData/REGISTRIES]: Applying holder lookups: minecraft:worldgen/biome_source
[20Jun2025 12:32:53.359] [Render thread/DEBUG] [net.minecraftforge.registries.GameData/REGISTRIES]: Holder lookups applied: minecraft:worldgen/biome_source
[20Jun2025 12:32:53.360] [Render thread/DEBUG] [net.minecraftforge.registries.GameData/REGISTRIES]: Applying holder lookups: minecraft:worldgen/chunk_generator
[20Jun2025 12:32:53.361] [Render thread/DEBUG] [net.minecraftforge.registries.GameData/REGISTRIES]: Holder lookups applied: minecraft:worldgen/chunk_generator
[20Jun2025 12:32:53.362] [Render thread/DEBUG] [net.minecraftforge.registries.GameData/REGISTRIES]: Applying holder lookups: minecraft:worldgen/material_condition
[20Jun2025 12:32:53.363] [Render thread/DEBUG] [net.minecraftforge.registries.GameData/REGISTRIES]: Holder lookups applied: minecraft:worldgen/material_condition
[20Jun2025 12:32:53.364] [Render thread/DEBUG] [net.minecraftforge.registries.GameData/REGISTRIES]: Applying holder lookups: minecraft:worldgen/material_rule
[20Jun2025 12:32:53.366] [Render thread/DEBUG] [net.minecraftforge.registries.GameData/REGISTRIES]: Holder lookups applied: minecraft:worldgen/material_rule
[20Jun2025 12:32:53.367] [Render thread/DEBUG] [net.minecraftforge.registries.GameData/REGISTRIES]: Applying holder lookups: minecraft:worldgen/density_function_type
[20Jun2025 12:32:53.369] [Render thread/DEBUG] [net.minecraftforge.registries.GameData/REGISTRIES]: Holder lookups applied: minecraft:worldgen/density_function_type
[20Jun2025 12:32:53.370] [Render thread/DEBUG] [net.minecraftforge.registries.GameData/REGISTRIES]: Applying holder lookups: minecraft:worldgen/structure_pool_element
[20Jun2025 12:32:53.371] [Render thread/DEBUG] [net.minecraftforge.registries.GameData/REGISTRIES]: Holder lookups applied: minecraft:worldgen/structure_pool_element
[20Jun2025 12:32:53.372] [Render thread/DEBUG] [net.minecraftforge.registries.GameData/REGISTRIES]: Applying holder lookups: minecraft:cat_variant
[20Jun2025 12:32:53.373] [Render thread/DEBUG] [net.minecraftforge.registries.GameData/REGISTRIES]: Holder lookups applied: minecraft:cat_variant
[20Jun2025 12:32:53.375] [Render thread/DEBUG] [net.minecraftforge.registries.GameData/REGISTRIES]: Applying holder lookups: minecraft:frog_variant
[20Jun2025 12:32:53.377] [Render thread/DEBUG] [net.minecraftforge.registries.GameData/REGISTRIES]: Holder lookups applied: minecraft:frog_variant
[20Jun2025 12:32:53.377] [Render thread/DEBUG] [net.minecraftforge.registries.GameData/REGISTRIES]: Applying holder lookups: minecraft:banner_pattern
[20Jun2025 12:32:53.379] [Render thread/DEBUG] [net.minecraftforge.registries.GameData/REGISTRIES]: Holder lookups applied: minecraft:banner_pattern
[20Jun2025 12:32:53.379] [Render thread/DEBUG] [net.minecraftforge.registries.GameData/REGISTRIES]: Applying holder lookups: minecraft:instrument
[20Jun2025 12:32:53.380] [Render thread/DEBUG] [net.minecraftforge.registries.GameData/REGISTRIES]: Holder lookups applied: minecraft:instrument
[20Jun2025 12:32:53.381] [Render thread/DEBUG] [net.minecraftforge.registries.GameData/REGISTRIES]: Applying holder lookups: minecraft:decorated_pot_patterns
[20Jun2025 12:32:53.383] [Render thread/DEBUG] [net.minecraftforge.registries.GameData/REGISTRIES]: Holder lookups applied: minecraft:decorated_pot_patterns
[20Jun2025 12:32:53.393] [Render thread/DEBUG] [net.minecraftforge.registries.GameData/REGISTRIES]: Applying holder lookups: minecraft:creative_mode_tab
[20Jun2025 12:32:53.395] [Render thread/DEBUG] [net.minecraftforge.registries.GameData/REGISTRIES]: Holder lookups applied: minecraft:creative_mode_tab
[20Jun2025 12:32:53.448] [Render thread/DEBUG] [net.minecraftforge.registries.GameData/REGISTRIES]: Applying holder lookups: forge:biome_modifier_serializers
[20Jun2025 12:32:53.449] [Render thread/DEBUG] [net.minecraftforge.registries.GameData/REGISTRIES]: Holder lookups applied: forge:biome_modifier_serializers
[20Jun2025 12:32:53.452] [Render thread/DEBUG] [net.minecraftforge.registries.GameData/REGISTRIES]: Applying holder lookups: forge:display_contexts
[20Jun2025 12:32:53.454] [Render thread/DEBUG] [net.minecraftforge.registries.GameData/REGISTRIES]: Holder lookups applied: forge:display_contexts
[20Jun2025 12:32:53.454] [Render thread/DEBUG] [net.minecraftforge.registries.GameData/REGISTRIES]: Applying holder lookups: forge:entity_data_serializers
[20Jun2025 12:32:53.455] [Render thread/DEBUG] [net.minecraftforge.registries.GameData/REGISTRIES]: Holder lookups applied: forge:entity_data_serializers
[20Jun2025 12:32:53.494] [Render thread/DEBUG] [net.minecraftforge.registries.GameData/REGISTRIES]: Applying holder lookups: forge:fluid_type
[20Jun2025 12:32:53.495] [Render thread/DEBUG] [net.minecraftforge.registries.GameData/REGISTRIES]: Holder lookups applied: forge:fluid_type
[20Jun2025 12:32:53.496] [Render thread/DEBUG] [net.minecraftforge.registries.GameData/REGISTRIES]: Applying holder lookups: forge:global_loot_modifier_serializers
[20Jun2025 12:32:53.497] [Render thread/DEBUG] [net.minecraftforge.registries.GameData/REGISTRIES]: Holder lookups applied: forge:global_loot_modifier_serializers
[20Jun2025 12:32:53.513] [Render thread/DEBUG] [net.minecraftforge.registries.GameData/REGISTRIES]: Applying holder lookups: forge:holder_set_type
[20Jun2025 12:32:53.515] [Render thread/DEBUG] [net.minecraftforge.registries.GameData/REGISTRIES]: Holder lookups applied: forge:holder_set_type
[20Jun2025 12:32:53.516] [Render thread/DEBUG] [net.minecraftforge.registries.GameData/REGISTRIES]: Applying holder lookups: forge:structure_modifier_serializers
[20Jun2025 12:32:53.518] [Render thread/DEBUG] [net.minecraftforge.registries.GameData/REGISTRIES]: Holder lookups applied: forge:structure_modifier_serializers
[20Jun2025 12:32:53.518] [Render thread/DEBUG] [net.minecraftforge.registries.GameData/REGISTRIES]: Applying holder lookups: minecraft:worldgen/biome
[20Jun2025 12:32:53.520] [Render thread/DEBUG] [net.minecraftforge.registries.GameData/REGISTRIES]: Holder lookups applied: minecraft:worldgen/biome
[20Jun2025 12:32:53.860] [Render thread/DEBUG] [net.minecraftforge.client.loading.ClientModLoader/CORE]: Generating PackInfo named mod:createkinetic for mod file C:\Local Files\Java\Minecraft Mods\CreateKinetic\build\resources\main
[20Jun2025 12:32:53.861] [Render thread/DEBUG] [net.minecraftforge.client.loading.ClientModLoader/CORE]: Generating PackInfo named mod:kotlinforforge for mod file 
[20Jun2025 12:32:53.861] [Render thread/DEBUG] [net.minecraftforge.client.loading.ClientModLoader/CORE]: Generating PackInfo named mod:mixinextras for mod file 
[20Jun2025 12:32:53.861] [Render thread/DEBUG] [net.minecraftforge.client.loading.ClientModLoader/CORE]: Generating PackInfo named mod:valkyrienskies for mod file C:\Users\sampw\.gradle\caches\forge_gradle\deobf_dependencies\org\valkyrienskies\valkyrienskies-120-forge\2.3.0-beta.5+bcda04a482_mapped_official_1.20.1\valkyrienskies-120-forge-2.3.0-beta.5+bcda04a482_mapped_official_1.20.1.jar
[20Jun2025 12:32:53.862] [Render thread/DEBUG] [net.minecraftforge.client.loading.ClientModLoader/CORE]: Generating PackInfo named mod:cloth_config for mod file 
[20Jun2025 12:32:53.863] [Render thread/DEBUG] [net.minecraftforge.client.loading.ClientModLoader/CORE]: Generating PackInfo named mod:forge for mod file /
[20Jun2025 12:32:53.864] [Render thread/DEBUG] [net.minecraftforge.client.loading.ClientModLoader/CORE]: Generating PackInfo named mod:embeddium for mod file C:\Users\sampw\.gradle\caches\forge_gradle\deobf_dependencies\curse\maven\embeddium-908741\5681725_mapped_official_1.20.1\embeddium-908741-5681725_mapped_official_1.20.1.jar
[20Jun2025 12:32:53.943] [Render thread/DEBUG] [mixin/]: Mixing feature.sound.client.MixinSoundEngine from valkyrienskies-common.mixins.json into net.minecraft.client.sounds.SoundEngine
[20Jun2025 12:32:53.944] [Render thread/DEBUG] [mixin/]: Renaming synthetic method lambda$redirectGet$0(FFLnet/minecraft/world/phys/Vec3;Lorg/joml/Vector3dc;Lcom/mojang/blaze3d/audio/Channel;)V to md7c2925$lambda$redirectGet$0$0 in valkyrienskies-common.mixins.json:feature.sound.client.MixinSoundEngine
[20Jun2025 12:32:54.001] [Render thread/DEBUG] [mixin/]: Mixing feature.sound.client.MixinListener from valkyrienskies-common.mixins.json into com.mojang.blaze3d.audio.Listener
[20Jun2025 12:32:54.088] [Render thread/DEBUG] [mixin/]: Mixing features.render.gui.font.FontSetMixin from embeddium.mixins.json into net.minecraft.client.gui.font.FontSet
[20Jun2025 12:32:54.126] [Render thread/DEBUG] [mixin/]: Mixing features.render.gui.font.GlyphRendererMixin from embeddium.mixins.json into net.minecraft.client.gui.font.glyphs.BakedGlyph
[20Jun2025 12:32:54.192] [Render thread/DEBUG] [mixin/]: Mixing client.renderer.MixinGameRenderer from valkyrienskies-common.mixins.json into net.minecraft.client.renderer.GameRenderer
[20Jun2025 12:32:54.222] [Render thread/DEBUG] [mixin/]: Mixing features.gui.hooks.console.GameRendererMixin from embeddium.mixins.json into net.minecraft.client.renderer.GameRenderer
[20Jun2025 12:32:54.339] [Render thread/DEBUG] [mixin/]: Mixing features.textures.animations.tracking.SpriteAtlasTextureMixin from embeddium.mixins.json into net.minecraft.client.renderer.texture.TextureAtlas
[20Jun2025 12:32:54.408] [Render thread/DEBUG] [mixin/]: Mixing features.render.immediate.buffer_builder.VertexFormatMixin from embeddium.mixins.json into com.mojang.blaze3d.vertex.VertexFormat
[20Jun2025 12:32:54.413] [Render thread/DEBUG] [mixin/]: Mixing core.render.VertexFormatAccessor from embeddium.mixins.json into com.mojang.blaze3d.vertex.VertexFormat
[20Jun2025 12:32:54.470] [Render thread/DEBUG] [mixin/]: Mixing features.render.model.item.ItemRendererMixin from embeddium.mixins.json into net.minecraft.client.renderer.entity.ItemRenderer
[20Jun2025 12:32:54.692] [Render thread/DEBUG] [mixin/]: Mixing feature.render_blockentity_distance_check.MixinBlockEntityRenderDispatcher from valkyrienskies-common.mixins.json into net.minecraft.client.renderer.blockentity.BlockEntityRenderDispatcher
[20Jun2025 12:32:54.729] [Render thread/DEBUG] [mixin/]: Mixing feature.shipyard_entities.MixinEntityRenderDispatcher from valkyrienskies-common.mixins.json into net.minecraft.client.renderer.entity.EntityRenderDispatcher
[20Jun2025 12:32:54.735] [Render thread/DEBUG] [mixin/]: Mixing features.render.entity.shadows.EntityRenderDispatcherMixin from embeddium.mixins.json into net.minecraft.client.renderer.entity.EntityRenderDispatcher
[20Jun2025 12:32:54.991] [Render thread/DEBUG] [mixin/]: Mixing features.model.ModelBakeryMixin from embeddium.mixins.json into net.minecraft.client.resources.model.ModelBakery
[20Jun2025 12:32:55.038] [Render thread/DEBUG] [mixin/]: Mixing core.model.BakedModelMixin from embeddium.mixins.json into net.minecraft.client.resources.model.BakedModel
[20Jun2025 12:32:55.044] [Render thread/DEBUG] [mixin/]: Mixing core.model.quad.BakedQuadFactoryMixin from embeddium.mixins.json into net.minecraft.client.renderer.block.model.FaceBakery
[20Jun2025 12:32:55.062] [Render thread/DEBUG] [mixin/]: Mixing features.model.BlockElementMixin from embeddium.mixins.json into net.minecraft.client.renderer.block.model.BlockElement
[20Jun2025 12:32:55.100] [Render thread/DEBUG] [mixin/]: Mixing features.render.immediate.buffer_builder.fast_delegate.BufferSourceMixin from embeddium.mixins.json into net.minecraft.client.renderer.MultiBufferSource$BufferSource
[20Jun2025 12:32:55.130] [Render thread/DEBUG] [mixin/]: Mixing features.render.model.block.BlockModelRendererMixin from embeddium.mixins.json into net.minecraft.client.renderer.block.ModelBlockRenderer
[20Jun2025 12:32:55.133] [Render thread/DEBUG] [mixin/]: Mixing features.textures.animations.tracking.BlockModelRendererMixin from embeddium.mixins.json into net.minecraft.client.renderer.block.ModelBlockRenderer
[20Jun2025 12:32:55.203] [Render thread/DEBUG] [mixin/]: Mixing client.MixinCamera from valkyrienskies-common.mixins.json into net.minecraft.client.Camera
[20Jun2025 12:32:55.210] [Render thread/DEBUG] [mixin/]: Mixing feature.fluid_camera_fix.MixinCamera from valkyrienskies-common.mixins.json into net.minecraft.client.Camera
[20Jun2025 12:32:55.211] [Render thread/DEBUG] [mixin/]: Renaming synthetic method lambda$getFluidInCamera$0([Lnet/minecraft/world/level/material/FluidState;Lnet/minecraft/world/level/BlockGetter;DDD)V to md7c2925$lambda$getFluidInCamera$0$0 in valkyrienskies-common.mixins.json:feature.fluid_camera_fix.MixinCamera
[20Jun2025 12:32:55.263] [Render thread/DEBUG] [mixin/]: Mixing features.render.world.clouds.WorldRendererMixin from embeddium.mixins.json into net.minecraft.client.renderer.LevelRenderer
[20Jun2025 12:32:55.267] [Render thread/DEBUG] [mixin/]: Mixing accessors.client.render.LevelRendererAccessor from valkyrienskies-common.mixins.json into net.minecraft.client.renderer.LevelRenderer
[20Jun2025 12:32:55.274] [Render thread/DEBUG] [mixin/]: Mixing client.renderer.MixinLevelRenderer from valkyrienskies-common.mixins.json into net.minecraft.client.renderer.LevelRenderer
[20Jun2025 12:32:55.278] [Render thread/DEBUG] [mixin/]: Mixing feature.transform_particles.MixinLevelRenderer from valkyrienskies-common.mixins.json into net.minecraft.client.renderer.LevelRenderer
[20Jun2025 12:32:55.280] [Render thread/DEBUG] [mixin/]: Mixing client.render.MixinLevelRenderer from valkyrienskies-forge.mixins.json into net.minecraft.client.renderer.LevelRenderer
[20Jun2025 12:32:55.282] [Render thread/DEBUG] [mixin/]: Mixing features.options.weather.WorldRendererMixin from embeddium.mixins.json into net.minecraft.client.renderer.LevelRenderer
[20Jun2025 12:32:55.283] [Render thread/DEBUG] [mixin/]: Mixing features.render.gui.outlines.WorldRendererMixin from embeddium.mixins.json into net.minecraft.client.renderer.LevelRenderer
[20Jun2025 12:32:55.298] [Render thread/DEBUG] [mixin/]: Mixing features.render.world.sky.WorldRendererMixin from embeddium.mixins.json into net.minecraft.client.renderer.LevelRenderer
[20Jun2025 12:32:55.301] [Render thread/DEBUG] [mixin/]: Mixing core.render.world.WorldRendererMixin from embeddium.mixins.json into net.minecraft.client.renderer.LevelRenderer
[20Jun2025 12:32:55.639] [Render thread/DEBUG] [mixin/]: Mixing features.render.immediate.buffer_builder.VertexBufferMixin from embeddium.mixins.json into com.mojang.blaze3d.vertex.VertexBuffer
[20Jun2025 12:32:55.695] [Render thread/ERROR] [Embeddium-MixinTaintDetector/]: Mod mixin into Embeddium internals detected. This instance is now tainted. The Embeddium team does not provide any guarantee of support for issues encountered while such mods are installed.
[20Jun2025 12:32:55.696] [Render thread/WARN] [Embeddium-MixinTaintDetector/]: Mod(s) [valkyrienskies] are modifying Embeddium class me.jellysquid.mods.sodium.client.render.SodiumWorldRenderer, which may cause instability.
[20Jun2025 12:32:55.696] [Render thread/DEBUG] [mixin/]: Mixing mod_compat.sodium.MixinSodiumWorldRenderer from valkyrienskies-common.mixins.json into me.jellysquid.mods.sodium.client.render.SodiumWorldRenderer
[20Jun2025 12:32:55.795] [Render thread/DEBUG] [mixin/]: Mixing feature.transform_particles.MixinParticle from valkyrienskies-common.mixins.json into net.minecraft.client.particle.Particle
[20Jun2025 12:32:55.821] [Render thread/DEBUG] [mixin/]: Mixing features.textures.animations.tracking.SpriteBillboardParticleMixin from embeddium.mixins.json into net.minecraft.client.particle.TextureSheetParticle
[20Jun2025 12:32:55.831] [Render thread/DEBUG] [mixin/]: Mixing features.render.particle.BillboardParticleMixin from embeddium.mixins.json into net.minecraft.client.particle.SingleQuadParticle
[20Jun2025 12:32:56.048] [Render thread/DEBUG] [mixin/]: Mixing features.gui.hooks.debug.DebugHudMixin from embeddium.mixins.json into net.minecraft.client.gui.components.DebugScreenOverlay
[20Jun2025 12:32:56.054] [Render thread/DEBUG] [mixin/]: Mixing features.render.gui.debug.DebugScreenOverlayAccessor from embeddium.mixins.json into net.minecraft.client.gui.components.DebugScreenOverlay
[20Jun2025 12:32:56.128] [Render thread/DEBUG] [mixin/]: Mixing feature.render_ship_debug_bb.MixinDebugRenderer from valkyrienskies-common.mixins.json into net.minecraft.client.renderer.debug.DebugRenderer
[20Jun2025 12:32:56.218] [Render thread/INFO] [net.minecraftforge.gametest.ForgeGameTestHooks/]: Enabled Gametest Namespaces: [createkinetic]
[20Jun2025 12:32:56.228] [Render thread/DEBUG] [mixin/]: Mixing features.render.entity.cull.EntityRendererMixin from embeddium.mixins.json into net.minecraft.client.renderer.entity.EntityRenderer
[20Jun2025 12:32:56.262] [Render thread/DEBUG] [mixin/]: Mixing feature.render_leashes.MixinMobRenderer from valkyrienskies-common.mixins.json into net.minecraft.client.renderer.entity.MobRenderer
[20Jun2025 12:32:56.318] [Render thread/DEBUG] [mixin/]: Mixing features.render.entity.remove_streams.HierarchicalModelMixin from embeddium.mixins.json into net.minecraft.client.model.HierarchicalModel
[20Jun2025 12:32:56.694] [Render thread/DEBUG] [mixin/]: Mixing features.options.overlays.VanillaGuiOverlayMixin from embeddium.mixins.json into net.minecraftforge.client.gui.overlay.VanillaGuiOverlay
[20Jun2025 12:32:56.942] [Render thread/INFO] [net.minecraft.server.packs.resources.ReloadableResourceManager/]: Reloading ResourceManager: vanilla, mod_resources
[20Jun2025 12:32:56.989] [modloading-worker-0/DEBUG] [net.minecraftforge.fml.config.ConfigTracker/CONFIG]: Loading configs type CLIENT
[20Jun2025 12:32:56.994] [modloading-worker-0/DEBUG] [net.minecraftforge.fml.config.ConfigFileTypeHandler/CONFIG]: Built TOML config for C:\Local Files\Java\Minecraft Mods\CreateKinetic\run\config\forge-client.toml
[20Jun2025 12:32:56.995] [modloading-worker-0/DEBUG] [net.minecraftforge.fml.config.ConfigFileTypeHandler/CONFIG]: Loaded TOML config file C:\Local Files\Java\Minecraft Mods\CreateKinetic\run\config\forge-client.toml
[20Jun2025 12:32:56.998] [Render thread/DEBUG] [mixin/]: Mixing features.gui.hooks.settings.OptionsScreenMixin from embeddium.mixins.json into net.minecraft.client.gui.screens.OptionsScreen
[20Jun2025 12:32:57.009] [modloading-worker-0/DEBUG] [net.minecraftforge.fml.config.ConfigFileTypeHandler/CONFIG]: Watching TOML config file C:\Local Files\Java\Minecraft Mods\CreateKinetic\run\config\forge-client.toml for changes
[20Jun2025 12:32:57.016] [modloading-worker-0/DEBUG] [net.minecraftforge.common.ForgeConfig/FORGEMOD]: Loaded forge config file forge-client.toml
[20Jun2025 12:32:57.019] [modloading-worker-0/DEBUG] [net.minecraftforge.fml.config.ConfigTracker/CONFIG]: Loading configs type COMMON
[20Jun2025 12:32:57.019] [modloading-worker-0/DEBUG] [net.minecraftforge.fml.config.ConfigFileTypeHandler/CONFIG]: Built TOML config for C:\Local Files\Java\Minecraft Mods\CreateKinetic\run\config\createkinetic-common.toml
[20Jun2025 12:32:57.020] [modloading-worker-0/DEBUG] [net.minecraftforge.fml.config.ConfigFileTypeHandler/CONFIG]: Loaded TOML config file C:\Local Files\Java\Minecraft Mods\CreateKinetic\run\config\createkinetic-common.toml
[20Jun2025 12:32:57.021] [modloading-worker-0/DEBUG] [net.minecraftforge.fml.config.ConfigFileTypeHandler/CONFIG]: Watching TOML config file C:\Local Files\Java\Minecraft Mods\CreateKinetic\run\config\createkinetic-common.toml for changes
[20Jun2025 12:32:57.069] [Worker-Main-2/INFO] [org.zipcoder.createkinetic.Createkinetic/]: HELLO FROM COMMON SETUP
[20Jun2025 12:32:57.069] [Worker-Main-2/INFO] [org.zipcoder.createkinetic.Createkinetic/]: DIRT BLOCK >> minecraft:dirt
[20Jun2025 12:32:57.069] [Worker-Main-2/INFO] [org.zipcoder.createkinetic.Createkinetic/]: DIRT BLOCK >> minecraft:dirt
[20Jun2025 12:32:57.071] [Worker-Main-2/INFO] [org.zipcoder.createkinetic.Createkinetic/]: The magic number is... 42
[20Jun2025 12:32:57.073] [Worker-Main-2/INFO] [org.zipcoder.createkinetic.Createkinetic/]: ITEM >> iron_ingot
[20Jun2025 12:32:57.082] [Render thread/DEBUG] [mixin/]: Mixing features.model.SimpleBakedModelAccessor from embeddium.mixins.json into net.minecraft.client.resources.model.SimpleBakedModel
[20Jun2025 12:32:57.107] [Render thread/DEBUG] [mixin/]: Mixing features.render.model.ChunkRenderTypeSetMixin from embeddium.mixins.json into net.minecraftforge.client.ChunkRenderTypeSet
[20Jun2025 12:32:57.109] [Render thread/DEBUG] [mixin/]: Renaming @Invoker method embeddium$construct(Ljava/util/BitSet;)Lnet/minecraftforge/client/ChunkRenderTypeSet; to embeddium$construct_$md$7c2925$0 in embeddium.mixins.json:features.render.model.ChunkRenderTypeSetMixin
[20Jun2025 12:32:57.117] [Render thread/DEBUG] [mixin/]: Renaming synthetic method lambda$static$0([Lnet/minecraftforge/client/ChunkRenderTypeSet;)V to md7c2925$lambda$static$0$1 in embeddium.mixins.json:features.render.model.ChunkRenderTypeSetMixin
[20Jun2025 12:32:57.162] [Render thread/DEBUG] [mixin/]: Mixing features.textures.animations.upload.SpriteContentsAccessor from embeddium.mixins.json into net.minecraft.client.renderer.texture.SpriteContents
[20Jun2025 12:32:57.170] [Render thread/DEBUG] [mixin/]: Mixing features.textures.mipmaps.SpriteContentsMixin from embeddium.mixins.json into net.minecraft.client.renderer.texture.SpriteContents
[20Jun2025 12:32:57.173] [Render thread/DEBUG] [mixin/]: Mixing features.textures.animations.tracking.SpriteContentsMixin from embeddium.mixins.json into net.minecraft.client.renderer.texture.SpriteContents
[20Jun2025 12:32:57.175] [Render thread/DEBUG] [mixin/]: Mixing features.textures.SpriteContentsInvoker from embeddium.mixins.json into net.minecraft.client.renderer.texture.SpriteContents
[20Jun2025 12:32:57.254] [Render thread/DEBUG] [mixin/]: Mixing features.textures.animations.tracking.SpriteContentsAnimationFrameAccessor from embeddium.mixins.json into net.minecraft.client.renderer.texture.SpriteContents$FrameInfo
[20Jun2025 12:32:57.262] [Render thread/DEBUG] [mixin/]: Mixing features.textures.animations.upload.SpriteContentsAnimationFrameAccessor from embeddium.mixins.json into net.minecraft.client.renderer.texture.SpriteContents$FrameInfo
[20Jun2025 12:32:57.278] [Render thread/DEBUG] [mixin/]: Unexpected: Registered method getTime()I in net.minecraft.client.renderer.texture.SpriteContents$FrameInfo was not merged
[20Jun2025 12:32:57.442] [Forge Version Check/INFO] [net.minecraftforge.fml.VersionChecker/]: [forge] Starting version check at https://files.minecraftforge.net/net/minecraftforge/forge/promotions_slim.json
[20Jun2025 12:32:57.551] [Worker-Main-10/INFO] [net.minecraft.client.gui.font.providers.UnihexProvider/]: Found unifont_all_no_pua-15.0.06.hex, loading
[20Jun2025 12:32:57.624] [Render thread/DEBUG] [mixin/]: Mixing features.render.world.sky.BackgroundRendererMixin from embeddium.mixins.json into net.minecraft.client.renderer.FogRenderer
[20Jun2025 12:32:57.625] [Render thread/DEBUG] [mixin/]: Renaming synthetic method lambda$redirectSampleColor$1(Lnet/minecraft/client/multiplayer/ClientLevel;FLnet/minecraft/world/phys/Vec3;)Lnet/minecraft/world/phys/Vec3; to md7c2925$lambda$redirectSampleColor$1$0 in embeddium.mixins.json:features.render.world.sky.BackgroundRendererMixin
[20Jun2025 12:32:57.625] [Render thread/DEBUG] [mixin/]: Renaming synthetic method lambda$redirectSampleColor$0(Lnet/minecraft/client/multiplayer/ClientLevel;III)I to md7c2925$lambda$redirectSampleColor$0$1 in embeddium.mixins.json:features.render.world.sky.BackgroundRendererMixin
[20Jun2025 12:32:57.802] [Worker-Main-4/DEBUG] [mixin/]: Mixing features.textures.mipmaps.MipmapHelperMixin from embeddium.mixins.json into net.minecraft.client.renderer.texture.MipmapGenerator
[20Jun2025 12:32:57.824] [Worker-Main-5/DEBUG] [mixin/]: Mixing features.textures.animations.tracking.SpriteContentsAnimationAccessor from embeddium.mixins.json into net.minecraft.client.renderer.texture.SpriteContents$AnimatedTexture
[20Jun2025 12:32:57.842] [Worker-Main-5/DEBUG] [mixin/]: Mixing features.textures.animations.upload.SpriteContentsAnimationAccessor from embeddium.mixins.json into net.minecraft.client.renderer.texture.SpriteContents$AnimatedTexture
[20Jun2025 12:32:57.879] [Worker-Main-5/DEBUG] [mixin/]: Unexpected: Registered method getFrames()Ljava/util/List; in net.minecraft.client.renderer.texture.SpriteContents$AnimatedTexture was not merged
[20Jun2025 12:32:58.034] [Worker-Main-15/INFO] [org.zipcoder.createkinetic.Createkinetic/]: HELLO FROM CLIENT SETUP
[20Jun2025 12:32:58.034] [Worker-Main-15/INFO] [org.zipcoder.createkinetic.Createkinetic/]: MINECRAFT NAME >> Dev
[20Jun2025 12:32:58.852] [Forge Version Check/DEBUG] [net.minecraftforge.fml.VersionChecker/]: [forge] Received version check data:
{
  "homepage": "https://files.minecraftforge.net/net/minecraftforge/forge/",
  "promos": {
    "1.1-latest": "1.3.4.29",
    "1.2.3-latest": "1.4.1.64",
    "1.2.4-latest": "2.0.0.68",
    "1.2.5-latest": "3.4.9.171",
    "1.3.2-latest": "4.3.5.318",
    "1.4.0-latest": "5.0.0.326",
    "1.4.1-latest": "6.0.0.329",
    "1.4.2-latest": "6.0.1.355",
    "1.4.3-latest": "6.2.1.358",
    "1.4.4-latest": "6.3.0.378",
    "1.4.5-latest": "6.4.2.448",
    "1.4.6-latest": "6.5.0.489",
    "1.4.7-latest": "6.6.2.534",
    "1.5-latest": "7.7.0.598",
    "1.5.1-latest": "7.7.2.682",
    "1.5.2-latest": "7.8.1.738",
    "1.5.2-recommended": "7.8.1.738",
    "1.6.1-latest": "8.9.0.775",
    "1.6.2-latest": "9.10.1.871",
    "1.6.2-recommended": "9.10.1.871",
    "1.6.3-latest": "9.11.0.878",
    "1.6.4-latest": "9.11.1.1345",
    "1.6.4-recommended": "9.11.1.1345",
    "1.7.2-latest": "10.12.2.1161",
    "1.7.2-recommended": "10.12.2.1161",
    "1.7.10_pre4-latest": "10.12.2.1149",
    "1.7.10-latest": "10.13.4.1614",
    "1.7.10-recommended": "10.13.4.1614",
    "1.8-latest": "11.14.4.1577",
    "1.8-recommended": "11.14.4.1563",
    "1.8.8-latest": "11.15.0.1655",
    "1.8.9-latest": "11.15.1.2318",
    "1.8.9-recommended": "11.15.1.2318",
    "1.9-latest": "12.16.1.1938",
    "1.9-recommended": "12.16.1.1887",
    "1.9.4-latest": "12.17.0.2317",
    "1.9.4-recommended": "12.17.0.2317",
    "1.10-latest": "12.18.0.2000",
    "1.10.2-latest": "12.18.3.2511",
    "1.10.2-recommended": "12.18.3.2511",
    "1.11-latest": "13.19.1.2199",
    "1.11-recommended": "13.19.1.2189",
    "1.11.2-latest": "13.20.1.2588",
    "1.11.2-recommended": "13.20.1.2588",
    "1.12-latest": "14.21.1.2443",
    "1.12-recommended": "14.21.1.2387",
    "1.12.1-latest": "14.22.1.2485",
    "1.12.1-recommended": "14.22.1.2478",
    "1.12.2-latest": "14.23.5.2860",
    "1.12.2-recommended": "14.23.5.2859",
    "1.13.2-latest": "25.0.223",
    "1.14.2-latest": "26.0.63",
    "1.14.3-latest": "27.0.60",
    "1.14.4-latest": "28.2.26",
    "1.14.4-recommended": "28.2.26",
    "1.15-latest": "29.0.4",
    "1.15.1-latest": "30.0.51",
    "1.15.2-latest": "31.2.57",
    "1.15.2-recommended": "31.2.57",
    "1.16.1-latest": "32.0.108",
    "1.16.2-latest": "33.0.61",
    "1.16.3-latest": "34.1.42",
    "1.16.3-recommended": "34.1.0",
    "1.16.4-latest": "35.1.37",
    "1.16.4-recommended": "35.1.4",
    "1.16.5-latest": "36.2.42",
    "1.16.5-recommended": "36.2.34",
    "1.17.1-latest": "37.1.1",
    "1.17.1-recommended": "37.1.1",
    "1.18-latest": "38.0.17",
    "1.18.1-latest": "39.1.2",
    "1.18.1-recommended": "39.1.0",
    "1.18.2-recommended": "40.3.0",
    "1.18.2-latest": "40.3.10",
    "1.19-latest": "41.1.0",
    "1.19-recommended": "41.1.0",
    "1.19.1-latest": "42.0.9",
    "1.19.2-recommended": "43.5.0",
    "1.19.2-latest": "43.5.0",
    "1.19.3-latest": "44.1.23",
    "1.19.3-recommended": "44.1.0",
    "1.19.4-recommended": "45.4.0",
    "1.19.4-latest": "45.4.0",
    "1.20-latest": "46.0.14",
    "1.20.1-recommended": "47.4.0",
    "1.20.1-latest": "47.4.2",
    "1.20.2-latest": "48.1.0",
    "1.20.2-recommended": "48.1.0",
    "1.20.3-latest": "49.0.2",
    "1.20.4-latest": "49.2.0",
    "1.20.4-recommended": "49.2.0",
    "1.20.6-latest": "50.2.0",
    "1.20.6-recommended": "50.2.0",
    "1.21-latest": "51.0.33",
    "1.21.1-latest": "52.1.1",
    "1.21.1-recommended": "52.1.0",
    "1.21.3-latest": "53.1.1",
    "1.21.3-recommended": "53.1.0",
    "1.21.4-latest": "54.1.3",
    "1.21.4-recommended": "54.1.0",
    "1.21.5-latest": "55.0.23",
    "1.21.6-latest": "56.0.5"
  }
}
[20Jun2025 12:32:58.857] [Forge Version Check/INFO] [net.minecraftforge.fml.VersionChecker/]: [forge] Found status: AHEAD Current: 47.4.2 Target: null
[20Jun2025 12:32:59.712] [Worker-Main-8/WARN] [net.minecraft.client.resources.model.ModelBakery/]: Unable to load model: 'minecraft:valkyrienskies' referenced from: valkyrienskies:test_flap#facing=north: java.io.FileNotFoundException: minecraft:models/valkyrienskies.json
[20Jun2025 12:32:59.727] [Worker-Main-8/WARN] [net.minecraft.client.resources.model.ModelBakery/]: Unable to load model: 'valkyrienskies:test_sphere#inventory' referenced from: valkyrienskies:test_sphere#inventory: java.io.FileNotFoundException: valkyrienskies:models/item/test_sphere.json
[20Jun2025 12:32:59.727] [Worker-Main-8/WARN] [net.minecraft.client.resources.model.ModelBakery/]: Unable to load model: 'valkyrienskies:ship_assembler#inventory' referenced from: valkyrienskies:ship_assembler#inventory: java.io.FileNotFoundException: valkyrienskies:models/item/ship_assembler.json
[20Jun2025 12:33:00.087] [Worker-Main-8/DEBUG] [mixin/]: Mixing core.model.SimpleBakedModelBuilderMixin from embeddium.mixins.json into net.minecraft.client.resources.model.SimpleBakedModel$Builder
[20Jun2025 12:33:00.132] [Worker-Main-8/DEBUG] [mixin/]: Mixing core.model.quad.BakedQuadMixin from embeddium.mixins.json into net.minecraft.client.renderer.block.model.BakedQuad
[20Jun2025 12:33:00.204] [Worker-Main-8/DEBUG] [mixin/]: Mixing features.model.MultipartBakedModelMixin from embeddium.mixins.json into net.minecraft.client.resources.model.MultiPartBakedModel
[20Jun2025 12:33:00.204] [Worker-Main-8/DEBUG] [mixin/]: Renaming synthetic method lambda$getModelComponents$0(I)[Lnet/minecraft/client/resources/model/BakedModel; to md7c2925$lambda$getModelComponents$0$0 in embeddium.mixins.json:features.model.MultipartBakedModelMixin
[20Jun2025 12:33:00.338] [Worker-Main-8/DEBUG] [mixin/]: Mixing features.model.WeightedBakedModelMixin from embeddium.mixins.json into net.minecraft.client.resources.model.WeightedBakedModel
[20Jun2025 12:33:01.536] [Worker-Main-8/WARN] [net.minecraft.client.resources.model.ModelManager/]: Missing textures in model valkyrienskies:test_flap#facing=north:
    minecraft:textures/atlas/blocks.png:valkyrienskies:test_wing
[20Jun2025 12:33:01.536] [Worker-Main-8/WARN] [net.minecraft.client.resources.model.ModelManager/]: Missing textures in model valkyrienskies:test_wing#facing=east:
    minecraft:textures/atlas/blocks.png:valkyrienskies:test_wing
[20Jun2025 12:33:01.537] [Worker-Main-8/WARN] [net.minecraft.client.resources.model.ModelManager/]: Missing textures in model valkyrienskies:test_wing#facing=south:
    minecraft:textures/atlas/blocks.png:valkyrienskies:test_wing
[20Jun2025 12:33:01.537] [Worker-Main-8/WARN] [net.minecraft.client.resources.model.ModelManager/]: Missing textures in model valkyrienskies:test_sphere#:
    minecraft:textures/atlas/blocks.png:valkyrienskies:test_sphere
[20Jun2025 12:33:01.537] [Worker-Main-8/WARN] [net.minecraft.client.resources.model.ModelManager/]: Missing textures in model valkyrienskies:test_flap#inventory:
    minecraft:textures/atlas/blocks.png:valkyrienskies:test_wing
[20Jun2025 12:33:01.537] [Worker-Main-8/WARN] [net.minecraft.client.resources.model.ModelManager/]: Missing textures in model valkyrienskies:test_flap#facing=west:
    minecraft:textures/atlas/blocks.png:valkyrienskies:test_wing
[20Jun2025 12:33:01.538] [Worker-Main-8/WARN] [net.minecraft.client.resources.model.ModelManager/]: Missing textures in model valkyrienskies:test_wing#facing=up:
    minecraft:textures/atlas/blocks.png:valkyrienskies:test_wing
[20Jun2025 12:33:01.538] [Worker-Main-8/WARN] [net.minecraft.client.resources.model.ModelManager/]: Missing textures in model valkyrienskies:test_wing#inventory:
    minecraft:textures/atlas/blocks.png:valkyrienskies:test_wing
[20Jun2025 12:33:01.538] [Worker-Main-8/WARN] [net.minecraft.client.resources.model.ModelManager/]: Missing textures in model valkyrienskies:test_flap#facing=down:
    minecraft:textures/atlas/blocks.png:valkyrienskies:test_wing
[20Jun2025 12:33:01.817] [modloading-worker-0/DEBUG] [net.minecraftforge.registries.GameData/REGISTRIES]: Freezing registries
[20Jun2025 12:33:01.821] [modloading-worker-0/DEBUG] [net.minecraftforge.registries.ForgeRegistry/REGISTRIES]: Registry minecraft:block Sync: FROZEN -> ACTIVE
[20Jun2025 12:33:01.844] [modloading-worker-0/DEBUG] [net.minecraftforge.registries.ForgeRegistry/REGISTRIES]: Registry minecraft:fluid Sync: FROZEN -> ACTIVE
[20Jun2025 12:33:01.845] [modloading-worker-0/DEBUG] [net.minecraftforge.registries.ForgeRegistry/REGISTRIES]: Registry minecraft:item Sync: FROZEN -> ACTIVE
[20Jun2025 12:33:01.874] [modloading-worker-0/DEBUG] [net.minecraftforge.registries.ForgeRegistry/REGISTRIES]: Registry minecraft:mob_effect Sync: FROZEN -> ACTIVE
[20Jun2025 12:33:01.875] [modloading-worker-0/DEBUG] [net.minecraftforge.registries.ForgeRegistry/REGISTRIES]: Registry minecraft:sound_event Sync: FROZEN -> ACTIVE
[20Jun2025 12:33:01.898] [modloading-worker-0/DEBUG] [net.minecraftforge.registries.ForgeRegistry/REGISTRIES]: Registry minecraft:potion Sync: FROZEN -> ACTIVE
[20Jun2025 12:33:01.899] [modloading-worker-0/DEBUG] [net.minecraftforge.registries.ForgeRegistry/REGISTRIES]: Registry minecraft:enchantment Sync: FROZEN -> ACTIVE
[20Jun2025 12:33:01.900] [modloading-worker-0/DEBUG] [net.minecraftforge.registries.ForgeRegistry/REGISTRIES]: Registry minecraft:entity_type Sync: FROZEN -> ACTIVE
[20Jun2025 12:33:01.902] [modloading-worker-0/DEBUG] [net.minecraftforge.registries.ForgeRegistry/REGISTRIES]: Registry minecraft:block_entity_type Sync: FROZEN -> ACTIVE
[20Jun2025 12:33:01.903] [modloading-worker-0/DEBUG] [net.minecraftforge.registries.ForgeRegistry/REGISTRIES]: Registry minecraft:particle_type Sync: FROZEN -> ACTIVE
[20Jun2025 12:33:01.905] [modloading-worker-0/DEBUG] [net.minecraftforge.registries.ForgeRegistry/REGISTRIES]: Registry minecraft:menu Sync: FROZEN -> ACTIVE
[20Jun2025 12:33:01.906] [modloading-worker-0/DEBUG] [net.minecraftforge.registries.ForgeRegistry/REGISTRIES]: Registry minecraft:painting_variant Sync: FROZEN -> ACTIVE
[20Jun2025 12:33:01.906] [modloading-worker-0/DEBUG] [net.minecraftforge.registries.ForgeRegistry/REGISTRIES]: Registry minecraft:recipe_type Sync: FROZEN -> ACTIVE
[20Jun2025 12:33:01.907] [modloading-worker-0/DEBUG] [net.minecraftforge.registries.ForgeRegistry/REGISTRIES]: Registry minecraft:recipe_serializer Sync: FROZEN -> ACTIVE
[20Jun2025 12:33:01.908] [modloading-worker-0/DEBUG] [net.minecraftforge.registries.ForgeRegistry/REGISTRIES]: Registry minecraft:attribute Sync: FROZEN -> ACTIVE
[20Jun2025 12:33:01.909] [modloading-worker-0/DEBUG] [net.minecraftforge.registries.ForgeRegistry/REGISTRIES]: Registry minecraft:stat_type Sync: FROZEN -> ACTIVE
[20Jun2025 12:33:01.909] [modloading-worker-0/DEBUG] [net.minecraftforge.registries.ForgeRegistry/REGISTRIES]: Registry minecraft:command_argument_type Sync: FROZEN -> ACTIVE
[20Jun2025 12:33:01.910] [modloading-worker-0/DEBUG] [net.minecraftforge.registries.ForgeRegistry/REGISTRIES]: Registry minecraft:villager_profession Sync: FROZEN -> ACTIVE
[20Jun2025 12:33:01.912] [modloading-worker-0/DEBUG] [net.minecraftforge.registries.ForgeRegistry/REGISTRIES]: Registry minecraft:point_of_interest_type Sync: FROZEN -> ACTIVE
[20Jun2025 12:33:01.915] [modloading-worker-0/DEBUG] [net.minecraftforge.registries.ForgeRegistry/REGISTRIES]: Registry minecraft:memory_module_type Sync: FROZEN -> ACTIVE
[20Jun2025 12:33:01.917] [modloading-worker-0/DEBUG] [net.minecraftforge.registries.ForgeRegistry/REGISTRIES]: Registry minecraft:sensor_type Sync: FROZEN -> ACTIVE
[20Jun2025 12:33:01.918] [modloading-worker-0/DEBUG] [net.minecraftforge.registries.ForgeRegistry/REGISTRIES]: Registry minecraft:schedule Sync: FROZEN -> ACTIVE
[20Jun2025 12:33:01.919] [modloading-worker-0/DEBUG] [net.minecraftforge.registries.ForgeRegistry/REGISTRIES]: Registry minecraft:activity Sync: FROZEN -> ACTIVE
[20Jun2025 12:33:01.920] [modloading-worker-0/DEBUG] [net.minecraftforge.registries.ForgeRegistry/REGISTRIES]: Registry minecraft:worldgen/carver Sync: FROZEN -> ACTIVE
[20Jun2025 12:33:01.920] [modloading-worker-0/DEBUG] [net.minecraftforge.registries.ForgeRegistry/REGISTRIES]: Registry minecraft:worldgen/feature Sync: FROZEN -> ACTIVE
[20Jun2025 12:33:01.922] [modloading-worker-0/DEBUG] [net.minecraftforge.registries.ForgeRegistry/REGISTRIES]: Registry minecraft:chunk_status Sync: FROZEN -> ACTIVE
[20Jun2025 12:33:01.922] [modloading-worker-0/DEBUG] [net.minecraftforge.registries.ForgeRegistry/REGISTRIES]: Registry minecraft:worldgen/block_state_provider_type Sync: FROZEN -> ACTIVE
[20Jun2025 12:33:01.923] [modloading-worker-0/DEBUG] [net.minecraftforge.registries.ForgeRegistry/REGISTRIES]: Registry minecraft:worldgen/foliage_placer_type Sync: FROZEN -> ACTIVE
[20Jun2025 12:33:01.923] [modloading-worker-0/DEBUG] [net.minecraftforge.registries.ForgeRegistry/REGISTRIES]: Registry minecraft:worldgen/tree_decorator_type Sync: FROZEN -> ACTIVE
[20Jun2025 12:33:01.924] [modloading-worker-0/DEBUG] [net.minecraftforge.registries.ForgeRegistry/REGISTRIES]: Registry minecraft:worldgen/biome Sync: FROZEN -> ACTIVE
[20Jun2025 12:33:01.925] [modloading-worker-0/DEBUG] [net.minecraftforge.registries.ForgeRegistry/REGISTRIES]: Registry forge:entity_data_serializers Sync: FROZEN -> ACTIVE
[20Jun2025 12:33:01.925] [modloading-worker-0/DEBUG] [net.minecraftforge.registries.ForgeRegistry/REGISTRIES]: Registry forge:global_loot_modifier_serializers Sync: FROZEN -> ACTIVE
[20Jun2025 12:33:01.925] [modloading-worker-0/DEBUG] [net.minecraftforge.registries.ForgeRegistry/REGISTRIES]: Registry forge:biome_modifier_serializers Sync: FROZEN -> ACTIVE
[20Jun2025 12:33:01.926] [modloading-worker-0/DEBUG] [net.minecraftforge.registries.ForgeRegistry/REGISTRIES]: Registry forge:fluid_type Sync: FROZEN -> ACTIVE
[20Jun2025 12:33:01.927] [modloading-worker-0/DEBUG] [net.minecraftforge.registries.ForgeRegistry/REGISTRIES]: Registry forge:structure_modifier_serializers Sync: FROZEN -> ACTIVE
[20Jun2025 12:33:01.927] [modloading-worker-0/DEBUG] [net.minecraftforge.registries.ForgeRegistry/REGISTRIES]: Registry forge:holder_set_type Sync: FROZEN -> ACTIVE
[20Jun2025 12:33:01.927] [modloading-worker-0/DEBUG] [net.minecraftforge.registries.ForgeRegistry/REGISTRIES]: Registry forge:display_contexts Sync: FROZEN -> ACTIVE
[20Jun2025 12:33:02.125] [Render thread/DEBUG] [mixin/]: Mixing feature.sound.client.MixinSimpleSoundInstance from valkyrienskies-common.mixins.json into net.minecraft.client.resources.sounds.SimpleSoundInstance
[20Jun2025 12:33:04.224] [modloading-worker-0/DEBUG] [net.minecraftforge.registries.GameData/REGISTRIES]: All registries frozen
[20Jun2025 12:33:04.389] [Render thread/DEBUG] [net.minecraftforge.common.ForgeI18n/CORE]: Loading I18N data entries: 6581
[20Jun2025 12:33:04.451] [Render thread/WARN] [net.minecraft.client.sounds.SoundEngine/]: Missing sound for event: minecraft:item.goat_horn.play
[20Jun2025 12:33:04.451] [Render thread/WARN] [net.minecraft.client.sounds.SoundEngine/]: Missing sound for event: minecraft:entity.goat.screaming.horn_break
[20Jun2025 12:33:04.709] [Render thread/INFO] [com.mojang.blaze3d.audio.Library/]: OpenAL initialized on device OpenAL Soft on Headphones (TW3)
[20Jun2025 12:33:04.711] [Render thread/INFO] [net.minecraft.client.sounds.SoundEngine/SOUNDS]: Sound engine started
[20Jun2025 12:33:04.967] [Render thread/INFO] [net.minecraft.client.renderer.texture.TextureAtlas/]: Created: 1024x512x4 minecraft:textures/atlas/blocks.png-atlas
[20Jun2025 12:33:04.972] [Render thread/DEBUG] [mixin/]: Mixing features.textures.animations.tracking.SpriteContentsAnimatorImplMixin from embeddium.mixins.json into net.minecraft.client.renderer.texture.SpriteContents$Ticker
[20Jun2025 12:33:04.974] [Render thread/DEBUG] [mixin/]: Mixing features.textures.animations.upload.SpriteContentsAnimatorImplAccessor from embeddium.mixins.json into net.minecraft.client.renderer.texture.SpriteContents$Ticker
[20Jun2025 12:33:05.007] [Render thread/DEBUG] [mixin/]: Mixing features.textures.animations.upload.SpriteContentsInterpolationMixin from embeddium.mixins.json into net.minecraft.client.renderer.texture.SpriteContents$InterpolationData
[20Jun2025 12:33:05.201] [Render thread/INFO] [net.minecraft.client.renderer.texture.TextureAtlas/]: Created: 256x256x4 minecraft:textures/atlas/signs.png-atlas
[20Jun2025 12:33:05.205] [Render thread/INFO] [net.minecraft.client.renderer.texture.TextureAtlas/]: Created: 512x512x4 minecraft:textures/atlas/shield_patterns.png-atlas
[20Jun2025 12:33:05.211] [Render thread/INFO] [net.minecraft.client.renderer.texture.TextureAtlas/]: Created: 512x512x4 minecraft:textures/atlas/banner_patterns.png-atlas
[20Jun2025 12:33:05.216] [Render thread/INFO] [net.minecraft.client.renderer.texture.TextureAtlas/]: Created: 1024x1024x4 minecraft:textures/atlas/armor_trims.png-atlas
[20Jun2025 12:33:05.275] [Render thread/INFO] [net.minecraft.client.renderer.texture.TextureAtlas/]: Created: 256x256x4 minecraft:textures/atlas/chest.png-atlas
[20Jun2025 12:33:05.277] [Render thread/INFO] [net.minecraft.client.renderer.texture.TextureAtlas/]: Created: 128x64x4 minecraft:textures/atlas/decorated_pot.png-atlas
[20Jun2025 12:33:05.282] [Render thread/INFO] [net.minecraft.client.renderer.texture.TextureAtlas/]: Created: 512x256x4 minecraft:textures/atlas/shulker_boxes.png-atlas
[20Jun2025 12:33:05.285] [Render thread/INFO] [net.minecraft.client.renderer.texture.TextureAtlas/]: Created: 512x256x4 minecraft:textures/atlas/beds.png-atlas
[20Jun2025 12:33:05.400] [Render thread/DEBUG] [mixin/]: Mixing features.render.entity.remove_streams.ModelPartMixin from embeddium.mixins.json into net.minecraft.client.model.geom.ModelPart
[20Jun2025 12:33:05.403] [Render thread/DEBUG] [mixin/]: Mixing features.render.entity.fast_render.ModelPartMixin from embeddium.mixins.json into net.minecraft.client.model.geom.ModelPart
[20Jun2025 12:33:05.404] [Render thread/DEBUG] [mixin/]: Renaming synthetic method lambda$onInit$0(I)[Lnet/minecraft/client/model/geom/ModelPart; to md7c2925$lambda$onInit$0$0 in embeddium.mixins.json:features.render.entity.fast_render.ModelPartMixin
[20Jun2025 12:33:05.448] [Render thread/DEBUG] [mixin/]: Mixing features.render.entity.fast_render.CuboidMixin from embeddium.mixins.json into net.minecraft.client.model.geom.ModelPart$Cube
[20Jun2025 12:33:05.660] [Render thread/WARN] [net.minecraft.client.renderer.ShaderInstance/]: Shader rendertype_entity_translucent_emissive could not find sampler named Sampler2 in the specified shader program.
[20Jun2025 12:33:05.794] [Render thread/INFO] [net.minecraft.client.renderer.texture.TextureAtlas/]: Created: 256x256x0 minecraft:textures/atlas/particles.png-atlas
[20Jun2025 12:33:05.802] [Render thread/INFO] [net.minecraft.client.renderer.texture.TextureAtlas/]: Created: 256x256x0 minecraft:textures/atlas/paintings.png-atlas
[20Jun2025 12:33:05.811] [Render thread/INFO] [net.minecraft.client.renderer.texture.TextureAtlas/]: Created: 128x128x0 minecraft:textures/atlas/mob_effects.png-atlas
[20Jun2025 12:33:06.388] [Realms Notification Availability checker #1/INFO] [com.mojang.realmsclient.client.RealmsClient/]: Could not authorize you against Realms server: java.lang.RuntimeException: Failed to parse into SignedJWT: 0
[20Jun2025 12:33:12.081] [Sound engine/DEBUG] [mixin/]: Mixing feature.sound.client.MixinChannel from valkyrienskies-common.mixins.json into com.mojang.blaze3d.audio.Channel
[20Jun2025 12:33:19.657] [Render thread/INFO] [net.minecraftforge.registries.GameData/REGISTRIES]: Injecting existing registry data into this CLIENT instance
[20Jun2025 12:33:19.696] [Render thread/DEBUG] [net.minecraftforge.registries.ForgeRegistry/REGISTRIES]: Registry minecraft:item: Fixed minecraft:item id mismatch createkinetic:ship_totem: 1255 (init) -> 1257 (map).
[20Jun2025 12:33:19.712] [Render thread/DEBUG] [net.minecraftforge.registries.ForgeRegistry/REGISTRIES]: Registry minecraft:item: Fixed minecraft:item id mismatch valkyrienskies:test_hinge: 1257 (init) -> 1255 (map).
[20Jun2025 12:33:19.766] [Render thread/DEBUG] [net.minecraftforge.registries.ForgeRegistry/REGISTRIES]: Registry minecraft:block Sync: ACTIVE -> STAGING
[20Jun2025 12:33:19.774] [Render thread/DEBUG] [net.minecraftforge.registries.ForgeRegistry/REGISTRIES]: Registry minecraft:fluid Sync: ACTIVE -> STAGING
[20Jun2025 12:33:19.775] [Render thread/DEBUG] [net.minecraftforge.registries.ForgeRegistry/REGISTRIES]: Registry minecraft:item Sync: ACTIVE -> STAGING
[20Jun2025 12:33:19.784] [Render thread/DEBUG] [net.minecraftforge.registries.ForgeRegistry/REGISTRIES]: Registry minecraft:mob_effect Sync: ACTIVE -> STAGING
[20Jun2025 12:33:19.784] [Render thread/DEBUG] [net.minecraftforge.registries.ForgeRegistry/REGISTRIES]: Registry minecraft:sound_event Sync: ACTIVE -> STAGING
[20Jun2025 12:33:19.793] [Render thread/DEBUG] [net.minecraftforge.registries.ForgeRegistry/REGISTRIES]: Registry minecraft:potion Sync: ACTIVE -> STAGING
[20Jun2025 12:33:19.793] [Render thread/DEBUG] [net.minecraftforge.registries.ForgeRegistry/REGISTRIES]: Registry minecraft:enchantment Sync: ACTIVE -> STAGING
[20Jun2025 12:33:19.794] [Render thread/DEBUG] [net.minecraftforge.registries.ForgeRegistry/REGISTRIES]: Registry minecraft:entity_type Sync: ACTIVE -> STAGING
[20Jun2025 12:33:19.795] [Render thread/DEBUG] [net.minecraftforge.registries.ForgeRegistry/REGISTRIES]: Registry minecraft:block_entity_type Sync: ACTIVE -> STAGING
[20Jun2025 12:33:19.795] [Render thread/DEBUG] [net.minecraftforge.registries.ForgeRegistry/REGISTRIES]: Registry minecraft:particle_type Sync: ACTIVE -> STAGING
[20Jun2025 12:33:19.795] [Render thread/DEBUG] [net.minecraftforge.registries.ForgeRegistry/REGISTRIES]: Registry minecraft:menu Sync: ACTIVE -> STAGING
[20Jun2025 12:33:19.796] [Render thread/DEBUG] [net.minecraftforge.registries.ForgeRegistry/REGISTRIES]: Registry minecraft:painting_variant Sync: ACTIVE -> STAGING
[20Jun2025 12:33:19.796] [Render thread/DEBUG] [net.minecraftforge.registries.ForgeRegistry/REGISTRIES]: Registry minecraft:recipe_type Sync: ACTIVE -> STAGING
[20Jun2025 12:33:19.796] [Render thread/DEBUG] [net.minecraftforge.registries.ForgeRegistry/REGISTRIES]: Registry minecraft:recipe_serializer Sync: ACTIVE -> STAGING
[20Jun2025 12:33:19.796] [Render thread/DEBUG] [net.minecraftforge.registries.ForgeRegistry/REGISTRIES]: Registry minecraft:attribute Sync: ACTIVE -> STAGING
[20Jun2025 12:33:19.796] [Render thread/DEBUG] [net.minecraftforge.registries.ForgeRegistry/REGISTRIES]: Registry minecraft:stat_type Sync: ACTIVE -> STAGING
[20Jun2025 12:33:19.797] [Render thread/DEBUG] [net.minecraftforge.registries.ForgeRegistry/REGISTRIES]: Registry minecraft:command_argument_type Sync: ACTIVE -> STAGING
[20Jun2025 12:33:19.797] [Render thread/DEBUG] [net.minecraftforge.registries.ForgeRegistry/REGISTRIES]: Registry minecraft:villager_profession Sync: ACTIVE -> STAGING
[20Jun2025 12:33:19.797] [Render thread/DEBUG] [net.minecraftforge.registries.ForgeRegistry/REGISTRIES]: Registry minecraft:point_of_interest_type Sync: ACTIVE -> STAGING
[20Jun2025 12:33:19.799] [Render thread/DEBUG] [net.minecraftforge.registries.ForgeRegistry/REGISTRIES]: Registry minecraft:memory_module_type Sync: ACTIVE -> STAGING
[20Jun2025 12:33:19.800] [Render thread/DEBUG] [net.minecraftforge.registries.ForgeRegistry/REGISTRIES]: Registry minecraft:sensor_type Sync: ACTIVE -> STAGING
[20Jun2025 12:33:19.800] [Render thread/DEBUG] [net.minecraftforge.registries.ForgeRegistry/REGISTRIES]: Registry minecraft:schedule Sync: ACTIVE -> STAGING
[20Jun2025 12:33:19.800] [Render thread/DEBUG] [net.minecraftforge.registries.ForgeRegistry/REGISTRIES]: Registry minecraft:activity Sync: ACTIVE -> STAGING
[20Jun2025 12:33:19.800] [Render thread/DEBUG] [net.minecraftforge.registries.ForgeRegistry/REGISTRIES]: Registry minecraft:worldgen/carver Sync: ACTIVE -> STAGING
[20Jun2025 12:33:19.800] [Render thread/DEBUG] [net.minecraftforge.registries.ForgeRegistry/REGISTRIES]: Registry minecraft:worldgen/feature Sync: ACTIVE -> STAGING
[20Jun2025 12:33:19.801] [Render thread/DEBUG] [net.minecraftforge.registries.ForgeRegistry/REGISTRIES]: Registry minecraft:chunk_status Sync: ACTIVE -> STAGING
[20Jun2025 12:33:19.801] [Render thread/DEBUG] [net.minecraftforge.registries.ForgeRegistry/REGISTRIES]: Registry minecraft:worldgen/block_state_provider_type Sync: ACTIVE -> STAGING
[20Jun2025 12:33:19.801] [Render thread/DEBUG] [net.minecraftforge.registries.ForgeRegistry/REGISTRIES]: Registry minecraft:worldgen/foliage_placer_type Sync: ACTIVE -> STAGING
[20Jun2025 12:33:19.801] [Render thread/DEBUG] [net.minecraftforge.registries.ForgeRegistry/REGISTRIES]: Registry minecraft:worldgen/tree_decorator_type Sync: ACTIVE -> STAGING
[20Jun2025 12:33:19.801] [Render thread/DEBUG] [net.minecraftforge.registries.ForgeRegistry/REGISTRIES]: Registry minecraft:worldgen/biome Sync: ACTIVE -> STAGING
[20Jun2025 12:33:19.801] [Render thread/DEBUG] [net.minecraftforge.registries.ForgeRegistry/REGISTRIES]: Registry forge:entity_data_serializers Sync: ACTIVE -> STAGING
[20Jun2025 12:33:19.801] [Render thread/DEBUG] [net.minecraftforge.registries.ForgeRegistry/REGISTRIES]: Registry forge:global_loot_modifier_serializers Sync: ACTIVE -> STAGING
[20Jun2025 12:33:19.801] [Render thread/DEBUG] [net.minecraftforge.registries.ForgeRegistry/REGISTRIES]: Registry forge:biome_modifier_serializers Sync: ACTIVE -> STAGING
[20Jun2025 12:33:19.801] [Render thread/DEBUG] [net.minecraftforge.registries.ForgeRegistry/REGISTRIES]: Registry forge:fluid_type Sync: ACTIVE -> STAGING
[20Jun2025 12:33:19.802] [Render thread/DEBUG] [net.minecraftforge.registries.ForgeRegistry/REGISTRIES]: Registry forge:structure_modifier_serializers Sync: ACTIVE -> STAGING
[20Jun2025 12:33:19.802] [Render thread/DEBUG] [net.minecraftforge.registries.ForgeRegistry/REGISTRIES]: Registry forge:holder_set_type Sync: ACTIVE -> STAGING
[20Jun2025 12:33:19.802] [Render thread/DEBUG] [net.minecraftforge.registries.ForgeRegistry/REGISTRIES]: Registry forge:display_contexts Sync: ACTIVE -> STAGING
[20Jun2025 12:33:20.590] [Render thread/DEBUG] [net.minecraftforge.registries.ObjectHolderRegistry/REGISTRIES]: Applying holder lookups
[20Jun2025 12:33:20.596] [Render thread/DEBUG] [net.minecraftforge.registries.ObjectHolderRegistry/REGISTRIES]: Holder lookups applied
[20Jun2025 12:33:20.646] [Render thread/DEBUG] [net.minecraftforge.server.ServerLifecycleHooks/CORE]: Generating PackInfo named mod:createkinetic for mod file C:\Local Files\Java\Minecraft Mods\CreateKinetic\build\resources\main
[20Jun2025 12:33:20.646] [Render thread/DEBUG] [net.minecraftforge.server.ServerLifecycleHooks/CORE]: Generating PackInfo named mod:kotlinforforge for mod file 
[20Jun2025 12:33:20.647] [Render thread/DEBUG] [net.minecraftforge.server.ServerLifecycleHooks/CORE]: Generating PackInfo named mod:mixinextras for mod file 
[20Jun2025 12:33:20.648] [Render thread/DEBUG] [net.minecraftforge.server.ServerLifecycleHooks/CORE]: Generating PackInfo named mod:valkyrienskies for mod file C:\Users\sampw\.gradle\caches\forge_gradle\deobf_dependencies\org\valkyrienskies\valkyrienskies-120-forge\2.3.0-beta.5+bcda04a482_mapped_official_1.20.1\valkyrienskies-120-forge-2.3.0-beta.5+bcda04a482_mapped_official_1.20.1.jar
[20Jun2025 12:33:20.648] [Render thread/DEBUG] [net.minecraftforge.server.ServerLifecycleHooks/CORE]: Generating PackInfo named mod:cloth_config for mod file 
[20Jun2025 12:33:20.648] [Render thread/DEBUG] [net.minecraftforge.server.ServerLifecycleHooks/CORE]: Generating PackInfo named mod:forge for mod file /
[20Jun2025 12:33:20.649] [Render thread/DEBUG] [net.minecraftforge.server.ServerLifecycleHooks/CORE]: Generating PackInfo named mod:embeddium for mod file C:\Users\sampw\.gradle\caches\forge_gradle\deobf_dependencies\curse\maven\embeddium-908741\5681725_mapped_official_1.20.1\embeddium-908741-5681725_mapped_official_1.20.1.jar
[20Jun2025 12:33:22.088] [Render thread/DEBUG] [mixin/]: Mixing server.command.MixinCommands from valkyrienskies-common.mixins.json into net.minecraft.commands.Commands
[20Jun2025 12:33:22.110] [Render thread/DEBUG] [mixin/]: Mixing feature.commands.MixinCommandSourceStack from valkyrienskies-common.mixins.json into net.minecraft.commands.CommandSourceStack
[20Jun2025 12:33:22.357] [Render thread/DEBUG] [net.minecraftforge.coremod.transformer.CoreModBaseTransformer/COREMOD]: Transforming net/minecraft/server/commands/SummonCommand
[20Jun2025 12:33:23.043] [Worker-Main-8/DEBUG] [net.minecraftforge.coremod.transformer.CoreModBaseTransformer/COREMOD]: Transforming net/minecraft/world/entity/raid/Raid
[20Jun2025 12:33:23.449] [Render thread/INFO] [net.minecraft.world.item.crafting.RecipeManager/]: Loaded 7 recipes
[20Jun2025 12:33:23.663] [Render thread/INFO] [net.minecraft.advancements.AdvancementList/]: Loaded 1271 advancements
[20Jun2025 12:33:24.410] [Render thread/WARN] [org.valkyrienskies.mod.common.config.MassDatapackResolver/]: No specified tag 'minecraft:carpets' doesn't exist!
[20Jun2025 12:33:24.481] [Render thread/DEBUG] [net.minecraftforge.common.ForgeHooks/WP]: Gathering id map for writing to world save New World
[20Jun2025 12:33:24.502] [Render thread/DEBUG] [net.minecraftforge.common.ForgeHooks/WP]: ID Map collection complete New World
[20Jun2025 12:33:24.564] [Render thread/DEBUG] [mixin/]: Mixing server.MixinPlayerList from valkyrienskies-common.mixins.json into net.minecraft.server.players.PlayerList
[20Jun2025 12:33:24.642] [Server thread/INFO] [net.minecraft.client.server.IntegratedServer/]: Starting integrated minecraft server version 1.20.1
[20Jun2025 12:33:24.643] [Server thread/INFO] [net.minecraft.server.MinecraftServer/]: Generating keypair
[20Jun2025 12:33:24.776] [Server thread/DEBUG] [net.minecraftforge.fml.config.ConfigTracker/CONFIG]: Loading configs type SERVER
[20Jun2025 12:33:24.778] [Server thread/DEBUG] [net.minecraftforge.fml.config.ConfigFileTypeHandler/CONFIG]: Built TOML config for .\saves\New World\serverconfig\forge-server.toml
[20Jun2025 12:33:24.779] [Server thread/DEBUG] [net.minecraftforge.fml.config.ConfigFileTypeHandler/CONFIG]: Loaded TOML config file .\saves\New World\serverconfig\forge-server.toml
[20Jun2025 12:33:24.781] [Server thread/DEBUG] [net.minecraftforge.fml.config.ConfigFileTypeHandler/CONFIG]: Watching TOML config file .\saves\New World\serverconfig\forge-server.toml for changes
[20Jun2025 12:33:24.782] [Server thread/DEBUG] [net.minecraftforge.common.ForgeConfig/FORGEMOD]: Loaded forge config file forge-server.toml
[20Jun2025 12:33:24.820] [Thread-3/DEBUG] [net.minecraftforge.fml.config.ConfigFileTypeHandler/CONFIG]: Config file forge-server.toml changed, sending notifies
[20Jun2025 12:33:24.821] [Thread-3/DEBUG] [net.minecraftforge.common.ForgeConfig/FORGEMOD]: Forge config just got changed on the file system!
[20Jun2025 12:33:24.895] [Server thread/DEBUG] [net.minecraftforge.coremod.transformer.CoreModBaseTransformer/COREMOD]: Transforming net/minecraft/world/level/levelgen/PhantomSpawner
[20Jun2025 12:33:24.907] [Server thread/DEBUG] [net.minecraftforge.coremod.transformer.CoreModBaseTransformer/COREMOD]: Transforming net/minecraft/world/level/levelgen/PatrolSpawner
[20Jun2025 12:33:24.920] [Server thread/DEBUG] [net.minecraftforge.coremod.transformer.CoreModBaseTransformer/COREMOD]: Transforming net/minecraft/world/entity/npc/CatSpawner
[20Jun2025 12:33:24.934] [Server thread/DEBUG] [net.minecraftforge.coremod.transformer.CoreModBaseTransformer/COREMOD]: Transforming net/minecraft/world/entity/ai/village/VillageSiege
[20Jun2025 12:33:24.960] [Server thread/DEBUG] [mixin/]: Mixing accessors.server.level.ServerChunkCacheAccessor from valkyrienskies-common.mixins.json into net.minecraft.server.level.ServerChunkCache
[20Jun2025 12:33:25.075] [Server thread/DEBUG] [mixin/]: Mixing feature.shipyard_entities.MixinPersistentEntitySectionManager from valkyrienskies-common.mixins.json into net.minecraft.world.level.entity.PersistentEntitySectionManager
[20Jun2025 12:33:25.108] [Server thread/DEBUG] [mixin/]: Mixing feature.shipyard_entities.MixinEntitySectionStorage from valkyrienskies-common.mixins.json into net.minecraft.world.level.entity.EntitySectionStorage
[20Jun2025 12:33:25.108] [Server thread/DEBUG] [mixin/]: Renaming synthetic method lambda$shipSections$0(Lnet/minecraft/world/phys/AABB;Lnet/minecraft/util/AbortableIterationConsumer;Lorg/valkyrienskies/core/api/ships/Ship;)V to md7c2925$lambda$shipSections$0$0 in valkyrienskies-common.mixins.json:feature.shipyard_entities.MixinEntitySectionStorage
[20Jun2025 12:33:25.145] [Server thread/DEBUG] [mixin/]: Mixing accessors.server.level.ChunkMapAccessor from valkyrienskies-common.mixins.json into net.minecraft.server.level.ChunkMap
[20Jun2025 12:33:25.198] [Server thread/DEBUG] [mixin/]: Mixing feature.tick_ship_chunks.MixinChunkMap from valkyrienskies-common.mixins.json into net.minecraft.server.level.ChunkMap
[20Jun2025 12:33:25.200] [Server thread/DEBUG] [mixin/]: Mixing server.world.MixinChunkMap from valkyrienskies-common.mixins.json into net.minecraft.server.level.ChunkMap
[20Jun2025 12:33:25.200] [Server thread/DEBUG] [mixin/]: Renaming synthetic method lambda$postGetPlayersWatchingChunk$0(Ljava/util/Set;Lorg/valkyrienskies/core/apigame/world/IPlayer;)V to md7c2925$lambda$postGetPlayersWatchingChunk$0$0 in valkyrienskies-common.mixins.json:server.world.MixinChunkMap
[20Jun2025 12:33:25.249] [Server thread/DEBUG] [mixin/]: Mixing accessors.server.level.DistanceManagerAccessor from valkyrienskies-common.mixins.json into net.minecraft.server.level.DistanceManager
[20Jun2025 12:33:25.335] [Server thread/DEBUG] [mixin/]: Mixing core.world.chunk.PackedIntegerArrayMixin from embeddium.mixins.json into net.minecraft.util.SimpleBitStorage
[20Jun2025 12:33:25.760] [Server thread/INFO] [org.valkyrienskies.core.impl.networking.VSNetworking/]: We are not using UDP, falling back to TCP
[20Jun2025 12:33:26.235] [Server thread/INFO] [net.minecraft.server.MinecraftServer/]: Preparing start region for dimension minecraft:overworld
[20Jun2025 12:33:27.905] [Server thread/DEBUG] [mixin/]: Mixing core.world.chunk.PalettedContainerMixin from embeddium.mixins.json into net.minecraft.world.level.chunk.PalettedContainer
[20Jun2025 12:33:27.937] [Server thread/DEBUG] [mixin/]: Mixing core.world.chunk.EmptyPaletteStorageMixin from embeddium.mixins.json into net.minecraft.util.ZeroBitStorage
[20Jun2025 12:33:28.721] [Server thread/DEBUG] [net.minecraftforge.coremod.transformer.CoreModBaseTransformer/COREMOD]: Transforming net/minecraft/world/level/levelgen/structure/templatesystem/StructureTemplate
[20Jun2025 12:33:30.192] [Render thread/INFO] [net.minecraft.server.level.progress.LoggerChunkProgressListener/]: Preparing spawn area: 0%
[20Jun2025 12:33:30.192] [Render thread/INFO] [net.minecraft.server.level.progress.LoggerChunkProgressListener/]: Preparing spawn area: 0%
[20Jun2025 12:33:30.193] [Render thread/INFO] [net.minecraft.server.level.progress.LoggerChunkProgressListener/]: Preparing spawn area: 0%
[20Jun2025 12:33:30.193] [Render thread/INFO] [net.minecraft.server.level.progress.LoggerChunkProgressListener/]: Preparing spawn area: 0%
[20Jun2025 12:33:30.194] [Render thread/INFO] [net.minecraft.server.level.progress.LoggerChunkProgressListener/]: Preparing spawn area: 0%
[20Jun2025 12:33:30.194] [Render thread/INFO] [net.minecraft.server.level.progress.LoggerChunkProgressListener/]: Preparing spawn area: 0%
[20Jun2025 12:33:30.194] [Render thread/INFO] [net.minecraft.server.level.progress.LoggerChunkProgressListener/]: Preparing spawn area: 0%
[20Jun2025 12:33:30.194] [Render thread/INFO] [net.minecraft.server.level.progress.LoggerChunkProgressListener/]: Preparing spawn area: 0%
[20Jun2025 12:33:30.293] [Render thread/INFO] [net.minecraft.server.level.progress.LoggerChunkProgressListener/]: Preparing spawn area: 0%
[20Jun2025 12:33:30.591] [Server thread/DEBUG] [mixin/]: Mixing feature.shipyard_entities.MixinEntitySection from valkyrienskies-common.mixins.json into net.minecraft.world.level.entity.EntitySection
[20Jun2025 12:33:30.718] [Server thread/DEBUG] [mixin/]: Mixing feature.ai.node_evaluator.WalkNodeEvaluatorMixin from valkyrienskies-common.mixins.json into net.minecraft.world.level.pathfinder.WalkNodeEvaluator
[20Jun2025 12:33:30.719] [Server thread/DEBUG] [mixin/]: Renaming synthetic method lambda$getBlockPathTypeForShips$0(Lnet/minecraft/world/level/BlockGetter;Lorg/spongepowered/asm/mixin/injection/callback/CallbackInfoReturnable;DDD)V to md7c2925$lambda$getBlockPathTypeForShips$0$0 in valkyrienskies-common.mixins.json:feature.ai.node_evaluator.WalkNodeEvaluatorMixin
[20Jun2025 12:33:30.791] [Render thread/INFO] [net.minecraft.server.level.progress.LoggerChunkProgressListener/]: Preparing spawn area: 9%
[20Jun2025 12:33:30.834] [Server thread/DEBUG] [mixin/]: Mixing world.entity.projectile.ProjectileUtilMixin from valkyrienskies-common.mixins.json into net.minecraft.world.entity.projectile.ProjectileUtil
[20Jun2025 12:33:31.290] [Render thread/INFO] [net.minecraft.server.level.progress.LoggerChunkProgressListener/]: Preparing spawn area: 54%
[20Jun2025 12:33:31.790] [Render thread/INFO] [net.minecraft.server.level.progress.LoggerChunkProgressListener/]: Preparing spawn area: 92%
[20Jun2025 12:33:31.802] [Server thread/INFO] [net.minecraftforge.server.permission.PermissionAPI/]: Successfully initialized permission handler forge:default_handler
[20Jun2025 12:33:31.803] [Server thread/INFO] [org.zipcoder.createkinetic.Createkinetic/]: HELLO from server starting
[20Jun2025 12:33:31.821] [Render thread/INFO] [net.minecraft.server.level.progress.LoggerChunkProgressListener/]: Time elapsed: 5551 ms
[20Jun2025 12:33:31.991] [Server thread/DEBUG] [io.netty.buffer.AbstractByteBuf/]: -Dio.netty.buffer.checkAccessible: true
[20Jun2025 12:33:31.992] [Server thread/DEBUG] [io.netty.buffer.AbstractByteBuf/]: -Dio.netty.buffer.checkBounds: true
[20Jun2025 12:33:31.994] [Server thread/DEBUG] [io.netty.util.ResourceLeakDetectorFactory/]: Loaded default ResourceLeakDetector: io.netty.util.ResourceLeakDetector@61820a77
[20Jun2025 12:33:32.039] [Server thread/DEBUG] [net.minecraftforge.coremod.transformer.CoreModBaseTransformer/COREMOD]: Transforming net/minecraft/world/level/NaturalSpawner
[20Jun2025 12:33:32.057] [Server thread/DEBUG] [mixin/]: Mixing feature.mob_spawning.NaturalSpawnerMixin from valkyrienskies-common.mixins.json into net.minecraft.world.level.NaturalSpawner
[20Jun2025 12:33:32.101] [Server thread/DEBUG] [mixin/]: Mixing server.world.MixinChunkMap$TrackedEntity from valkyrienskies-common.mixins.json into net.minecraft.server.level.ChunkMap$TrackedEntity
[20Jun2025 12:33:32.180] [Server thread/INFO] [net.minecraft.client.server.IntegratedServer/]: Changing view distance to 12, from 10
[20Jun2025 12:33:32.184] [Server thread/INFO] [net.minecraft.client.server.IntegratedServer/]: Changing simulation distance to 12, from 0
[20Jun2025 12:33:32.225] [Render thread/DEBUG] [io.netty.channel.MultithreadEventLoopGroup/]: -Dio.netty.eventLoopThreads: 32
[20Jun2025 12:33:32.255] [Server thread/DEBUG] [mixin/]: Mixing world.level.MixinBlockCollisions from valkyrienskies-common.mixins.json into net.minecraft.world.level.BlockCollisions
[20Jun2025 12:33:32.261] [Render thread/DEBUG] [io.netty.util.internal.InternalThreadLocalMap/]: -Dio.netty.threadLocalMap.stringBuilder.initialSize: 1024
[20Jun2025 12:33:32.261] [Render thread/DEBUG] [io.netty.util.internal.InternalThreadLocalMap/]: -Dio.netty.threadLocalMap.stringBuilder.maxSize: 4096
[20Jun2025 12:33:32.272] [Render thread/DEBUG] [io.netty.channel.nio.NioEventLoop/]: -Dio.netty.noKeySetOptimization: false
[20Jun2025 12:33:32.273] [Render thread/DEBUG] [io.netty.channel.nio.NioEventLoop/]: -Dio.netty.selectorAutoRebuildThreshold: 512
[20Jun2025 12:33:32.289] [Render thread/DEBUG] [io.netty.util.internal.PlatformDependent/]: org.jctools-core.MpscChunkedArrayQueue: available
[20Jun2025 12:33:32.430] [Render thread/DEBUG] [io.netty.channel.DefaultChannelId/]: -Dio.netty.processId: 33628 (auto-detected)
[20Jun2025 12:33:32.443] [Render thread/WARN] [io.netty.util.internal.SystemPropertyUtil/]: Unable to parse the boolean system property 'java.net.preferIPv6Addresses':system - using the default value: false
[20Jun2025 12:33:32.443] [Render thread/DEBUG] [io.netty.util.NetUtil/]: -Djava.net.preferIPv4Stack: false
[20Jun2025 12:33:32.443] [Render thread/DEBUG] [io.netty.util.NetUtil/]: -Djava.net.preferIPv6Addresses: false
[20Jun2025 12:33:32.472] [Render thread/DEBUG] [io.netty.util.NetUtilInitializations/]: Loopback interface: lo (Software Loopback Interface 1, 127.0.0.1)
[20Jun2025 12:33:32.474] [Render thread/DEBUG] [io.netty.util.NetUtil/]: Failed to get SOMAXCONN from sysctl and file \proc\sys\net\core\somaxconn. Default: 200
[20Jun2025 12:33:32.504] [Render thread/DEBUG] [io.netty.channel.DefaultChannelId/]: -Dio.netty.machineId: 84:1b:77:ff:fe:aa:0f:a5 (auto-detected)
[20Jun2025 12:33:32.524] [Server thread/DEBUG] [mixin/]: Mixing feature.ai.node_evaluator.PathNavigationRegionAccessor from valkyrienskies-common.mixins.json into net.minecraft.world.level.PathNavigationRegion
[20Jun2025 12:33:32.563] [Server thread/DEBUG] [mixin/]: Mixing accessors.world.level.pathfinder.PathAccessor from valkyrienskies-common.mixins.json into net.minecraft.world.level.pathfinder.Path
[20Jun2025 12:33:32.585] [Render thread/DEBUG] [io.netty.buffer.PooledByteBufAllocator/]: -Dio.netty.allocator.numHeapArenas: 32
[20Jun2025 12:33:32.585] [Render thread/DEBUG] [io.netty.buffer.PooledByteBufAllocator/]: -Dio.netty.allocator.numDirectArenas: 32
[20Jun2025 12:33:32.585] [Render thread/DEBUG] [io.netty.buffer.PooledByteBufAllocator/]: -Dio.netty.allocator.pageSize: 8192
[20Jun2025 12:33:32.586] [Render thread/DEBUG] [io.netty.buffer.PooledByteBufAllocator/]: -Dio.netty.allocator.maxOrder: 9
[20Jun2025 12:33:32.586] [Render thread/DEBUG] [io.netty.buffer.PooledByteBufAllocator/]: -Dio.netty.allocator.chunkSize: 4194304
[20Jun2025 12:33:32.586] [Render thread/DEBUG] [io.netty.buffer.PooledByteBufAllocator/]: -Dio.netty.allocator.smallCacheSize: 256
[20Jun2025 12:33:32.586] [Render thread/DEBUG] [io.netty.buffer.PooledByteBufAllocator/]: -Dio.netty.allocator.normalCacheSize: 64
[20Jun2025 12:33:32.586] [Render thread/DEBUG] [io.netty.buffer.PooledByteBufAllocator/]: -Dio.netty.allocator.maxCachedBufferCapacity: 32768
[20Jun2025 12:33:32.586] [Render thread/DEBUG] [io.netty.buffer.PooledByteBufAllocator/]: -Dio.netty.allocator.cacheTrimInterval: 8192
[20Jun2025 12:33:32.586] [Render thread/DEBUG] [io.netty.buffer.PooledByteBufAllocator/]: -Dio.netty.allocator.cacheTrimIntervalMillis: 0
[20Jun2025 12:33:32.586] [Render thread/DEBUG] [io.netty.buffer.PooledByteBufAllocator/]: -Dio.netty.allocator.useCacheForAllThreads: false
[20Jun2025 12:33:32.586] [Render thread/DEBUG] [io.netty.buffer.PooledByteBufAllocator/]: -Dio.netty.allocator.maxCachedByteBuffersPerChunk: 1023
[20Jun2025 12:33:32.610] [Render thread/DEBUG] [io.netty.buffer.ByteBufUtil/]: -Dio.netty.allocator.type: pooled
[20Jun2025 12:33:32.611] [Render thread/DEBUG] [io.netty.buffer.ByteBufUtil/]: -Dio.netty.threadLocalDirectBufferSize: 0
[20Jun2025 12:33:32.611] [Render thread/DEBUG] [io.netty.buffer.ByteBufUtil/]: -Dio.netty.maxThreadLocalCharBufferSize: 16384
[20Jun2025 12:33:32.690] [Netty Local Client IO #0/DEBUG] [net.minecraftforge.network.HandshakeHandler/FMLHANDSHAKE]: Starting local connection.
[20Jun2025 12:33:32.893] [Netty Local Client IO #0/DEBUG] [mixin/]: Mixing accessors.network.protocol.game.ClientboundSectionBlocksUpdatePacketAccessor from valkyrienskies-common.mixins.json into net.minecraft.network.protocol.game.ClientboundSectionBlocksUpdatePacket
[20Jun2025 12:33:33.159] [Netty Local Client IO #0/DEBUG] [io.netty.util.Recycler/]: -Dio.netty.recycler.maxCapacityPerThread: 4096
[20Jun2025 12:33:33.159] [Netty Local Client IO #0/DEBUG] [io.netty.util.Recycler/]: -Dio.netty.recycler.ratio: 8
[20Jun2025 12:33:33.159] [Netty Local Client IO #0/DEBUG] [io.netty.util.Recycler/]: -Dio.netty.recycler.chunkSize: 32
[20Jun2025 12:33:33.159] [Netty Local Client IO #0/DEBUG] [io.netty.util.Recycler/]: -Dio.netty.recycler.blocking: false
[20Jun2025 12:33:33.196] [Netty Server IO #1/DEBUG] [net.minecraftforge.network.HandshakeHandler/FMLHANDSHAKE]: Starting local connection.
[20Jun2025 12:33:33.241] [Server thread/DEBUG] [net.minecraftforge.network.HandshakeHandler/FMLHANDSHAKE]: Sending ticking packet info 'net.minecraftforge.network.HandshakeMessages$S2CModData' to 'fml:handshake' sequence 0
[20Jun2025 12:33:33.250] [Netty Local Client IO #0/DEBUG] [net.minecraftforge.network.LoginWrapper/FMLHANDSHAKE]: Recieved login wrapper packet event for channel fml:handshake with index 0
[20Jun2025 12:33:33.295] [Server thread/DEBUG] [net.minecraftforge.network.HandshakeHandler/FMLHANDSHAKE]: Sending ticking packet info 'net.minecraftforge.network.HandshakeMessages$S2CModList' to 'fml:handshake' sequence 1
[20Jun2025 12:33:33.296] [Netty Local Client IO #0/DEBUG] [net.minecraftforge.network.LoginWrapper/FMLHANDSHAKE]: Recieved login wrapper packet event for channel fml:handshake with index 1
[20Jun2025 12:33:33.298] [Netty Local Client IO #0/DEBUG] [net.minecraftforge.network.HandshakeHandler/FMLHANDSHAKE]: Logging into server with mod list [minecraft, createkinetic, kotlinforforge, mixinextras, valkyrienskies, cloth_config, forge, embeddium, rubidium]
[20Jun2025 12:33:33.300] [Netty Local Client IO #0/DEBUG] [net.minecraftforge.network.NetworkRegistry/NETREGISTRY]: Channel 'fml:loginwrapper' : Version test of 'FML3' from server : ACCEPTED
[20Jun2025 12:33:33.300] [Netty Local Client IO #0/DEBUG] [net.minecraftforge.network.NetworkRegistry/NETREGISTRY]: Channel 'forge:tier_sorting' : Version test of '1.0' from server : ACCEPTED
[20Jun2025 12:33:33.301] [Netty Local Client IO #0/DEBUG] [net.minecraftforge.network.NetworkRegistry/NETREGISTRY]: Channel 'fml:handshake' : Version test of 'FML3' from server : ACCEPTED
[20Jun2025 12:33:33.301] [Netty Local Client IO #0/DEBUG] [net.minecraftforge.network.NetworkRegistry/NETREGISTRY]: Channel 'valkyrienskies:vs_packet' : Version test of '1' from server : ACCEPTED
[20Jun2025 12:33:33.301] [Netty Local Client IO #0/DEBUG] [net.minecraftforge.network.NetworkRegistry/NETREGISTRY]: Channel 'minecraft:unregister' : Version test of 'FML3' from server : ACCEPTED
[20Jun2025 12:33:33.301] [Netty Local Client IO #0/DEBUG] [net.minecraftforge.network.NetworkRegistry/NETREGISTRY]: Channel 'fml:play' : Version test of 'FML3' from server : ACCEPTED
[20Jun2025 12:33:33.301] [Netty Local Client IO #0/DEBUG] [net.minecraftforge.network.NetworkRegistry/NETREGISTRY]: Channel 'minecraft:register' : Version test of 'FML3' from server : ACCEPTED
[20Jun2025 12:33:33.301] [Netty Local Client IO #0/DEBUG] [net.minecraftforge.network.NetworkRegistry/NETREGISTRY]: Channel 'forge:split' : Version test of '1.1' from server : ACCEPTED
[20Jun2025 12:33:33.301] [Netty Local Client IO #0/DEBUG] [net.minecraftforge.network.NetworkRegistry/NETREGISTRY]: Accepting channel list from server
[20Jun2025 12:33:33.304] [Netty Local Client IO #0/DEBUG] [net.minecraftforge.network.LoginWrapper/FMLHANDSHAKE]: Dispatching wrapped packet reply for channel fml:handshake with index 1
[20Jun2025 12:33:33.304] [Netty Local Client IO #0/DEBUG] [net.minecraftforge.network.HandshakeHandler/FMLHANDSHAKE]: Accepted server connection
[20Jun2025 12:33:33.305] [Netty Server IO #1/DEBUG] [net.minecraftforge.network.LoginWrapper/FMLHANDSHAKE]: Recieved login wrapper packet event for channel fml:handshake with index 1
[20Jun2025 12:33:33.306] [Netty Server IO #1/DEBUG] [net.minecraftforge.network.HandshakeHandler/FMLHANDSHAKE]: Received client indexed reply 1 of type net.minecraftforge.network.HandshakeMessages$C2SModListReply
[20Jun2025 12:33:33.307] [Netty Local Client IO #0/DEBUG] [net.minecraftforge.network.HandshakeHandler/REGISTRIES]: Expecting 19 registries: [minecraft:command_argument_type, minecraft:recipe_serializer, minecraft:sound_event, minecraft:particle_type, minecraft:villager_profession, minecraft:item, minecraft:potion, minecraft:painting_variant, forge:fluid_type, minecraft:block_entity_type, forge:display_contexts, minecraft:block, forge:entity_data_serializers, minecraft:mob_effect, minecraft:stat_type, minecraft:menu, minecraft:enchantment, minecraft:fluid, minecraft:entity_type]
[20Jun2025 12:33:33.307] [Netty Server IO #1/DEBUG] [net.minecraftforge.network.HandshakeHandler/FMLHANDSHAKE]: Received client connection with modlist [minecraft, createkinetic, kotlinforforge, mixinextras, valkyrienskies, cloth_config, forge, embeddium, rubidium]
[20Jun2025 12:33:33.308] [Netty Server IO #1/DEBUG] [net.minecraftforge.network.NetworkRegistry/NETREGISTRY]: Channel 'fml:loginwrapper' : Version test of 'FML3' from client : ACCEPTED
[20Jun2025 12:33:33.308] [Netty Server IO #1/DEBUG] [net.minecraftforge.network.NetworkRegistry/NETREGISTRY]: Channel 'forge:tier_sorting' : Version test of '1.0' from client : ACCEPTED
[20Jun2025 12:33:33.308] [Netty Server IO #1/DEBUG] [net.minecraftforge.network.NetworkRegistry/NETREGISTRY]: Channel 'fml:handshake' : Version test of 'FML3' from client : ACCEPTED
[20Jun2025 12:33:33.308] [Netty Server IO #1/DEBUG] [net.minecraftforge.network.NetworkRegistry/NETREGISTRY]: Channel 'valkyrienskies:vs_packet' : Version test of '1' from client : ACCEPTED
[20Jun2025 12:33:33.308] [Netty Server IO #1/DEBUG] [net.minecraftforge.network.NetworkRegistry/NETREGISTRY]: Channel 'minecraft:unregister' : Version test of 'FML3' from client : ACCEPTED
[20Jun2025 12:33:33.308] [Netty Server IO #1/DEBUG] [net.minecraftforge.network.NetworkRegistry/NETREGISTRY]: Channel 'fml:play' : Version test of 'FML3' from client : ACCEPTED
[20Jun2025 12:33:33.308] [Netty Server IO #1/DEBUG] [net.minecraftforge.network.NetworkRegistry/NETREGISTRY]: Channel 'minecraft:register' : Version test of 'FML3' from client : ACCEPTED
[20Jun2025 12:33:33.308] [Netty Server IO #1/DEBUG] [net.minecraftforge.network.NetworkRegistry/NETREGISTRY]: Channel 'forge:split' : Version test of '1.1' from client : ACCEPTED
[20Jun2025 12:33:33.309] [Netty Server IO #1/DEBUG] [net.minecraftforge.network.NetworkRegistry/NETREGISTRY]: Accepting channel list from client
[20Jun2025 12:33:33.310] [Netty Server IO #1/DEBUG] [net.minecraftforge.network.HandshakeHandler/FMLHANDSHAKE]: Accepted client connection mod list
[20Jun2025 12:33:33.337] [Server thread/DEBUG] [net.minecraftforge.network.HandshakeHandler/FMLHANDSHAKE]: Sending ticking packet info 'Config forge-server.toml' to 'fml:handshake' sequence 2
[20Jun2025 12:33:33.337] [Netty Local Client IO #0/DEBUG] [net.minecraftforge.network.LoginWrapper/FMLHANDSHAKE]: Recieved login wrapper packet event for channel fml:handshake with index 2
[20Jun2025 12:33:33.338] [Netty Local Client IO #0/DEBUG] [net.minecraftforge.network.HandshakeHandler/FMLHANDSHAKE]: Received config sync from server
[20Jun2025 12:33:33.339] [Netty Local Client IO #0/DEBUG] [net.minecraftforge.network.LoginWrapper/FMLHANDSHAKE]: Dispatching wrapped packet reply for channel fml:handshake with index 2
[20Jun2025 12:33:33.339] [Netty Server IO #1/DEBUG] [net.minecraftforge.network.LoginWrapper/FMLHANDSHAKE]: Recieved login wrapper packet event for channel fml:handshake with index 2
[20Jun2025 12:33:33.340] [Netty Server IO #1/DEBUG] [net.minecraftforge.network.HandshakeHandler/FMLHANDSHAKE]: Received client indexed reply 2 of type net.minecraftforge.network.HandshakeMessages$C2SAcknowledge
[20Jun2025 12:33:33.340] [Netty Server IO #1/DEBUG] [net.minecraftforge.network.HandshakeHandler/FMLHANDSHAKE]: Received acknowledgement from client
[20Jun2025 12:33:33.376] [Server thread/DEBUG] [net.minecraftforge.network.HandshakeHandler/FMLHANDSHAKE]: Handshake complete!
[20Jun2025 12:33:33.408] [Netty Local Client IO #0/INFO] [net.minecraftforge.network.NetworkHooks/]: Connected to a modded server.
[20Jun2025 12:33:33.413] [Netty Local Client IO #0/DEBUG] [mixin/]: Mixing client.multiplayer.MixinClientPacketListener from valkyrienskies-common.mixins.json into net.minecraft.client.multiplayer.ClientPacketListener
[20Jun2025 12:33:33.416] [Netty Local Client IO #0/DEBUG] [mixin/]: Mixing feature.seamless_copy.MixinClientPacketListener from valkyrienskies-common.mixins.json into net.minecraft.client.multiplayer.ClientPacketListener
[20Jun2025 12:33:33.420] [Netty Local Client IO #0/DEBUG] [mixin/]: Mixing core.world.map.ClientPlayNetworkHandlerMixin from embeddium.mixins.json into net.minecraft.client.multiplayer.ClientPacketListener
[20Jun2025 12:33:33.561] [Netty Local Client IO #0/DEBUG] [mixin/]: Mixing core.gui.DownloadingTerrainScreenMixin from embeddium.mixins.json into net.minecraft.client.gui.screens.ReceivingLevelScreen
[20Jun2025 12:33:33.626] [Netty Local Client IO #0/DEBUG] [mixin/]: Mixing feature.commands.MixinClientSuggestionProvider from valkyrienskies-common.mixins.json into net.minecraft.client.multiplayer.ClientSuggestionProvider
[20Jun2025 12:33:33.631] [Server thread/INFO] [net.minecraft.server.players.PlayerList/]: Dev[local:E:a103d293] logged in with entity id 90 at (10.10697802909106, -60.0, -13.51845974573082)
[20Jun2025 12:33:33.696] [Render thread/DEBUG] [mixin/]: Mixing client.world.MixinClientChunkCache from valkyrienskies-common.mixins.json into net.minecraft.client.multiplayer.ClientChunkCache
[20Jun2025 12:33:33.753] [Render thread/WARN] [Embeddium-MixinTaintDetector/]: Mod(s) [valkyrienskies] are modifying Embeddium class me.jellysquid.mods.sodium.client.render.chunk.map.ChunkTracker, which may cause instability.
[20Jun2025 12:33:33.753] [Render thread/DEBUG] [mixin/]: Mixing mod_compat.sodium.MixinChunkTracker from valkyrienskies-common.mixins.json into me.jellysquid.mods.sodium.client.render.chunk.map.ChunkTracker
[20Jun2025 12:33:33.768] [Render thread/DEBUG] [mixin/]: Mixing feature.shipyard_entities.MixinTransientEntitySectionManager from valkyrienskies-common.mixins.json into net.minecraft.world.level.entity.TransientEntitySectionManager
[20Jun2025 12:33:33.793] [Server thread/INFO] [net.minecraft.server.MinecraftServer/]: Dev joined the game
[20Jun2025 12:33:33.813] [Render thread/DEBUG] [mixin/]: Mixing accessors.client.world.ClientChunkCacheStorageAccessor from valkyrienskies-common.mixins.json into net.minecraft.client.multiplayer.ClientChunkCache$Storage
[20Jun2025 12:33:33.841] [Render thread/DEBUG] [mixin/]: Mixing core.render.world.ChunkBuilderMixin from embeddium.mixins.json into net.minecraft.client.renderer.chunk.ChunkRenderDispatcher
[20Jun2025 12:33:33.869] [Render thread/DEBUG] [mixin/]: Mixing features.render.model.RenderLayersMixin from embeddium.mixins.json into net.minecraft.client.renderer.ItemBlockRenderTypes
[20Jun2025 12:33:33.870] [Render thread/DEBUG] [mixin/]: Mixing features.options.render_layers.RenderLayersMixin from embeddium.mixins.json into net.minecraft.client.renderer.ItemBlockRenderTypes
[20Jun2025 12:33:33.927] [Render thread/DEBUG] [mixin/]: Mixing accessors.client.render.ViewAreaAccessor from valkyrienskies-common.mixins.json into net.minecraft.client.renderer.ViewArea
[20Jun2025 12:33:33.941] [Render thread/DEBUG] [mixin/]: Mixing accessors.client.render.chunk.RenderChunkAccessor from valkyrienskies-common.mixins.json into net.minecraft.client.renderer.chunk.ChunkRenderDispatcher$RenderChunk
[20Jun2025 12:33:33.949] [Render thread/DEBUG] [mixin/]: Mixing feature.fix_render_chunk_sorting.MixinRenderChunk from valkyrienskies-common.mixins.json into net.minecraft.client.renderer.chunk.ChunkRenderDispatcher$RenderChunk
[20Jun2025 12:33:33.990] [Render thread/WARN] [Embeddium-MixinTaintDetector/]: Mod(s) [valkyrienskies] are modifying Embeddium class me.jellysquid.mods.sodium.client.render.chunk.RenderSectionManager, which may cause instability.
[20Jun2025 12:33:33.990] [Render thread/DEBUG] [mixin/]: Mixing mod_compat.sodium.MixinRenderSectionManager from valkyrienskies-common.mixins.json into me.jellysquid.mods.sodium.client.render.chunk.RenderSectionManager
[20Jun2025 12:33:33.990] [Render thread/DEBUG] [mixin/]: Renaming synthetic method lambda$afterIterateChunks$0(Lme/jellysquid/mods/sodium/client/render/chunk/lists/VisibleChunkCollector;II)V to md7c2925$lambda$afterIterateChunks$0$0 in valkyrienskies-common.mixins.json:mod_compat.sodium.MixinRenderSectionManager
[20Jun2025 12:33:33.994] [Render thread/DEBUG] [mixin/]: Mixing compat.sodium.MixinRenderSectionManager from valkyrienskies-forge.mixins.json into me.jellysquid.mods.sodium.client.render.chunk.RenderSectionManager
[20Jun2025 12:33:33.994] [Render thread/DEBUG] [mixin/]: Renaming synthetic method lambda$redirectRenderLayer$0(Lme/jellysquid/mods/sodium/client/render/chunk/ChunkRenderMatrices;DDDLme/jellysquid/mods/sodium/client/gl/device/CommandList;Lme/jellysquid/mods/sodium/client/render/chunk/terrain/TerrainRenderPass;Lorg/valkyrienskies/core/api/ships/ClientShip;Lme/jellysquid/mods/sodium/client/render/chunk/lists/SortedRenderLists;)V to md7c2925$lambda$redirectRenderLayer$0$1 in valkyrienskies-forge.mixins.json:compat.sodium.MixinRenderSectionManager
[20Jun2025 12:33:34.084] [Netty Local Client IO #0/DEBUG] [org.valkyrienskies.core.impl.networking.NetworkChannel/]: Client received packet of type: PacketType(channel=org.valkyrienskies.core.impl.networking.NetworkChannel@1110af9e, id=13, name=SimplePacket - class org.valkyrienskies.mod.common.networking.PacketSyncVSEntityTypes)
[20Jun2025 12:33:34.130] [Render thread/DEBUG] [mixin/]: Mixing core.postprocess.PostprocessorMixin from embeddium.mixins.json into me.jellysquid.mods.sodium.client.world.WorldSlice
[20Jun2025 12:33:34.137] [Render thread/WARN] [mixin/]: Error loading class: net/fabricmc/fabric/api/blockview/v2/FabricBlockView (java.lang.ClassNotFoundException: net.fabricmc.fabric.api.blockview.v2.FabricBlockView)
[20Jun2025 12:33:34.137] [Render thread/DEBUG] [mixin/]: Failed to resolve declared interface net/fabricmc/fabric/api/blockview/v2/FabricBlockView on me/jellysquid/mods/sodium/client/world/WorldSlice
[20Jun2025 12:33:34.153] [Render thread/WARN] [mixin/]: Error loading class: net/fabricmc/fabric/api/rendering/data/v1/RenderAttachedBlockView (java.lang.ClassNotFoundException: net.fabricmc.fabric.api.rendering.data.v1.RenderAttachedBlockView)
[20Jun2025 12:33:34.154] [Render thread/DEBUG] [mixin/]: Failed to resolve declared interface net/fabricmc/fabric/api/rendering/data/v1/RenderAttachedBlockView on me/jellysquid/mods/sodium/client/world/WorldSlice
[20Jun2025 12:33:34.337] [Render thread/INFO] [ChunkBuilder/]: Started 10 worker threads
[20Jun2025 12:33:34.405] [Netty Local Client IO #0/DEBUG] [org.valkyrienskies.core.impl.networking.NetworkChannel/]: Client received packet of type: PacketType(channel=org.valkyrienskies.core.impl.networking.NetworkChannel@1110af9e, id=3, name=SimplePacket - class org.valkyrienskies.core.impl.networking.impl.PacketShipDataCreate)
[20Jun2025 12:33:34.829] [Render thread/WARN] [org.valkyrienskies.mod.common.config.MassDatapackResolver/]: No specified tag 'minecraft:carpets' doesn't exist!
[20Jun2025 12:33:35.139] [Render thread/INFO] [net.minecraft.advancements.AdvancementList/]: Loaded 2 advancements
[20Jun2025 12:33:35.202] [Render thread/DEBUG] [mixin/]: Mixing core.render.frustum.FrustumMixin from embeddium.mixins.json into net.minecraft.client.renderer.culling.Frustum
[20Jun2025 12:33:35.322] [Render thread/DEBUG] [mixin/]: Mixing core.postprocess.PostprocessorMixin from embeddium.mixins.json into me.jellysquid.mods.sodium.client.world.cloned.ClonedChunkSection
[20Jun2025 12:33:35.836] [Render thread/DEBUG] [mixin/]: Mixing features.model.ModelDataBuilderMixin from embeddium.mixins.json into net.minecraftforge.client.model.data.ModelData$Builder
[20Jun2025 12:33:37.986] [Server thread/ERROR] [net.minecraft.network.protocol.PacketUtils/]: Failed to handle packet net.minecraft.network.protocol.game.ServerboundUseItemPacket@7cca76a0, suppressing error
java.lang.NullPointerException: Cannot invoke "java.util.function.Consumer.accept(Object)" because "this._onUse" is null
	at org.zipcoder.createkinetic.items.TotemItem.use(TotemItem.java:52) ~[%23196!/:?]
	at net.minecraft.world.item.ItemStack.use(ItemStack.java:275) ~[forge-1.20.1-47.4.2_mapped_official_1.20.1-recomp.jar%23191!/:?]
	at net.minecraft.server.level.ServerPlayerGameMode.useItem(ServerPlayerGameMode.java:286) ~[forge-1.20.1-47.4.2_mapped_official_1.20.1-recomp.jar%23191!/:?]
	at net.minecraft.server.network.ServerGamePacketListenerImpl.handleUseItem(ServerGamePacketListenerImpl.java:1085) ~[forge-1.20.1-47.4.2_mapped_official_1.20.1-recomp.jar%23191!/:?]
	at net.minecraft.network.protocol.game.ServerboundUseItemPacket.handle(ServerboundUseItemPacket.java:27) ~[forge-1.20.1-47.4.2_mapped_official_1.20.1-recomp.jar%23191!/:?]
	at net.minecraft.network.protocol.game.ServerboundUseItemPacket.handle(ServerboundUseItemPacket.java:7) ~[forge-1.20.1-47.4.2_mapped_official_1.20.1-recomp.jar%23191!/:?]
	at net.minecraft.network.protocol.PacketUtils.lambda$ensureRunningOnSameThread$0(PacketUtils.java:22) ~[forge-1.20.1-47.4.2_mapped_official_1.20.1-recomp.jar%23191!/:?]
	at net.minecraft.server.TickTask.run(TickTask.java:17) ~[forge-1.20.1-47.4.2_mapped_official_1.20.1-recomp.jar%23191!/:?]
	at net.minecraft.util.thread.BlockableEventLoop.doRunTask(BlockableEventLoop.java:143) ~[forge-1.20.1-47.4.2_mapped_official_1.20.1-recomp.jar%23191!/:?]
	at net.minecraft.util.thread.ReentrantBlockableEventLoop.doRunTask(ReentrantBlockableEventLoop.java:22) ~[forge-1.20.1-47.4.2_mapped_official_1.20.1-recomp.jar%23191!/:?]
	at net.minecraft.server.MinecraftServer.doRunTask(MinecraftServer.java:770) ~[forge-1.20.1-47.4.2_mapped_official_1.20.1-recomp.jar%23191!/:?]
	at net.minecraft.server.MinecraftServer.doRunTask(MinecraftServer.java:161) ~[forge-1.20.1-47.4.2_mapped_official_1.20.1-recomp.jar%23191!/:?]
	at net.minecraft.util.thread.BlockableEventLoop.pollTask(BlockableEventLoop.java:116) ~[forge-1.20.1-47.4.2_mapped_official_1.20.1-recomp.jar%23191!/:?]
	at net.minecraft.server.MinecraftServer.pollTaskInternal(MinecraftServer.java:753) ~[forge-1.20.1-47.4.2_mapped_official_1.20.1-recomp.jar%23191!/:?]
	at net.minecraft.server.MinecraftServer.pollTask(MinecraftServer.java:747) ~[forge-1.20.1-47.4.2_mapped_official_1.20.1-recomp.jar%23191!/:?]
	at net.minecraft.util.thread.BlockableEventLoop.runAllTasks(BlockableEventLoop.java:104) ~[forge-1.20.1-47.4.2_mapped_official_1.20.1-recomp.jar%23191!/:?]
	at net.minecraft.server.MinecraftServer.waitUntilNextTick(MinecraftServer.java:732) ~[forge-1.20.1-47.4.2_mapped_official_1.20.1-recomp.jar%23191!/:?]
	at net.minecraft.server.MinecraftServer.runServer(MinecraftServer.java:665) ~[forge-1.20.1-47.4.2_mapped_official_1.20.1-recomp.jar%23191!/:?]
	at net.minecraft.server.MinecraftServer.lambda$spin$2(MinecraftServer.java:251) ~[forge-1.20.1-47.4.2_mapped_official_1.20.1-recomp.jar%23191!/:?]
	at java.lang.Thread.run(Thread.java:840) ~[?:?]
[20Jun2025 12:33:40.056] [Netty Server IO #1/DEBUG] [org.valkyrienskies.core.impl.networking.NetworkChannel/]: Server received packet of type: PacketType(channel=org.valkyrienskies.core.impl.networking.NetworkChannel@1110af9e, id=1, name=SimplePacket - class org.valkyrienskies.core.impl.networking.impl.PacketRequestUdp)
[20Jun2025 12:33:40.075] [Netty Local Client IO #0/DEBUG] [org.valkyrienskies.core.impl.networking.NetworkChannel/]: Client received packet of type: PacketType(channel=org.valkyrienskies.core.impl.networking.NetworkChannel@1110af9e, id=2, name=SimplePacket - class org.valkyrienskies.core.impl.networking.impl.PacketUdpState)
[20Jun2025 12:33:40.795] [Server thread/ERROR] [net.minecraft.network.protocol.PacketUtils/]: Failed to handle packet net.minecraft.network.protocol.game.ServerboundUseItemPacket@18a7f0b7, suppressing error
java.lang.NullPointerException: Cannot invoke "java.util.function.Consumer.accept(Object)" because "this._onUse" is null
	at org.zipcoder.createkinetic.items.TotemItem.use(TotemItem.java:52) ~[%23196!/:?]
	at net.minecraft.world.item.ItemStack.use(ItemStack.java:275) ~[forge-1.20.1-47.4.2_mapped_official_1.20.1-recomp.jar%23191!/:?]
	at net.minecraft.server.level.ServerPlayerGameMode.useItem(ServerPlayerGameMode.java:286) ~[forge-1.20.1-47.4.2_mapped_official_1.20.1-recomp.jar%23191!/:?]
	at net.minecraft.server.network.ServerGamePacketListenerImpl.handleUseItem(ServerGamePacketListenerImpl.java:1085) ~[forge-1.20.1-47.4.2_mapped_official_1.20.1-recomp.jar%23191!/:?]
	at net.minecraft.network.protocol.game.ServerboundUseItemPacket.handle(ServerboundUseItemPacket.java:27) ~[forge-1.20.1-47.4.2_mapped_official_1.20.1-recomp.jar%23191!/:?]
	at net.minecraft.network.protocol.game.ServerboundUseItemPacket.handle(ServerboundUseItemPacket.java:7) ~[forge-1.20.1-47.4.2_mapped_official_1.20.1-recomp.jar%23191!/:?]
	at net.minecraft.network.protocol.PacketUtils.lambda$ensureRunningOnSameThread$0(PacketUtils.java:22) ~[forge-1.20.1-47.4.2_mapped_official_1.20.1-recomp.jar%23191!/:?]
	at net.minecraft.server.TickTask.run(TickTask.java:17) ~[forge-1.20.1-47.4.2_mapped_official_1.20.1-recomp.jar%23191!/:?]
	at net.minecraft.util.thread.BlockableEventLoop.doRunTask(BlockableEventLoop.java:143) ~[forge-1.20.1-47.4.2_mapped_official_1.20.1-recomp.jar%23191!/:?]
	at net.minecraft.util.thread.ReentrantBlockableEventLoop.doRunTask(ReentrantBlockableEventLoop.java:22) ~[forge-1.20.1-47.4.2_mapped_official_1.20.1-recomp.jar%23191!/:?]
	at net.minecraft.server.MinecraftServer.doRunTask(MinecraftServer.java:770) ~[forge-1.20.1-47.4.2_mapped_official_1.20.1-recomp.jar%23191!/:?]
	at net.minecraft.server.MinecraftServer.doRunTask(MinecraftServer.java:161) ~[forge-1.20.1-47.4.2_mapped_official_1.20.1-recomp.jar%23191!/:?]
	at net.minecraft.util.thread.BlockableEventLoop.pollTask(BlockableEventLoop.java:116) ~[forge-1.20.1-47.4.2_mapped_official_1.20.1-recomp.jar%23191!/:?]
	at net.minecraft.server.MinecraftServer.pollTaskInternal(MinecraftServer.java:753) ~[forge-1.20.1-47.4.2_mapped_official_1.20.1-recomp.jar%23191!/:?]
	at net.minecraft.server.MinecraftServer.pollTask(MinecraftServer.java:747) ~[forge-1.20.1-47.4.2_mapped_official_1.20.1-recomp.jar%23191!/:?]
	at net.minecraft.util.thread.BlockableEventLoop.runAllTasks(BlockableEventLoop.java:104) ~[forge-1.20.1-47.4.2_mapped_official_1.20.1-recomp.jar%23191!/:?]
	at net.minecraft.server.MinecraftServer.waitUntilNextTick(MinecraftServer.java:732) ~[forge-1.20.1-47.4.2_mapped_official_1.20.1-recomp.jar%23191!/:?]
	at net.minecraft.server.MinecraftServer.runServer(MinecraftServer.java:665) ~[forge-1.20.1-47.4.2_mapped_official_1.20.1-recomp.jar%23191!/:?]
	at net.minecraft.server.MinecraftServer.lambda$spin$2(MinecraftServer.java:251) ~[forge-1.20.1-47.4.2_mapped_official_1.20.1-recomp.jar%23191!/:?]
	at java.lang.Thread.run(Thread.java:840) ~[?:?]
[20Jun2025 12:33:43.254] [Server thread/INFO] [net.minecraft.client.server.IntegratedServer/]: Saving and pausing game...
[20Jun2025 12:33:43.282] [Server thread/INFO] [net.minecraft.server.MinecraftServer/]: Saving chunks for level 'ServerLevel[New World]'/minecraft:overworld
[20Jun2025 12:33:43.364] [Server thread/INFO] [net.minecraft.server.MinecraftServer/]: Saving chunks for level 'ServerLevel[New World]'/minecraft:the_nether
[20Jun2025 12:33:43.367] [Server thread/INFO] [net.minecraft.server.MinecraftServer/]: Saving chunks for level 'ServerLevel[New World]'/minecraft:the_end
[20Jun2025 12:33:43.378] [Server thread/DEBUG] [net.minecraftforge.common.ForgeHooks/WP]: Gathering id map for writing to world save New World
[20Jun2025 12:33:43.402] [Server thread/DEBUG] [net.minecraftforge.common.ForgeHooks/WP]: ID Map collection complete New World
[20Jun2025 12:37:38.550] [Server thread/ERROR] [net.minecraft.network.protocol.PacketUtils/]: Failed to handle packet net.minecraft.network.protocol.game.ServerboundUseItemPacket@2594e8bd, suppressing error
java.lang.NullPointerException: Cannot invoke "java.util.function.Consumer.accept(Object)" because "this._onUse" is null
	at org.zipcoder.createkinetic.items.TotemItem.use(TotemItem.java:52) ~[%23196!/:?]
	at net.minecraft.world.item.ItemStack.use(ItemStack.java:275) ~[forge-1.20.1-47.4.2_mapped_official_1.20.1-recomp.jar%23191!/:?]
	at net.minecraft.server.level.ServerPlayerGameMode.useItem(ServerPlayerGameMode.java:286) ~[forge-1.20.1-47.4.2_mapped_official_1.20.1-recomp.jar%23191!/:?]
	at net.minecraft.server.network.ServerGamePacketListenerImpl.handleUseItem(ServerGamePacketListenerImpl.java:1085) ~[forge-1.20.1-47.4.2_mapped_official_1.20.1-recomp.jar%23191!/:?]
	at net.minecraft.network.protocol.game.ServerboundUseItemPacket.handle(ServerboundUseItemPacket.java:27) ~[forge-1.20.1-47.4.2_mapped_official_1.20.1-recomp.jar%23191!/:?]
	at net.minecraft.network.protocol.game.ServerboundUseItemPacket.handle(ServerboundUseItemPacket.java:7) ~[forge-1.20.1-47.4.2_mapped_official_1.20.1-recomp.jar%23191!/:?]
	at net.minecraft.network.protocol.PacketUtils.lambda$ensureRunningOnSameThread$0(PacketUtils.java:22) ~[forge-1.20.1-47.4.2_mapped_official_1.20.1-recomp.jar%23191!/:?]
	at net.minecraft.server.TickTask.run(TickTask.java:17) ~[forge-1.20.1-47.4.2_mapped_official_1.20.1-recomp.jar%23191!/:?]
	at net.minecraft.util.thread.BlockableEventLoop.doRunTask(BlockableEventLoop.java:143) ~[forge-1.20.1-47.4.2_mapped_official_1.20.1-recomp.jar%23191!/:?]
	at net.minecraft.util.thread.ReentrantBlockableEventLoop.doRunTask(ReentrantBlockableEventLoop.java:22) ~[forge-1.20.1-47.4.2_mapped_official_1.20.1-recomp.jar%23191!/:?]
	at net.minecraft.server.MinecraftServer.doRunTask(MinecraftServer.java:770) ~[forge-1.20.1-47.4.2_mapped_official_1.20.1-recomp.jar%23191!/:?]
	at net.minecraft.server.MinecraftServer.doRunTask(MinecraftServer.java:161) ~[forge-1.20.1-47.4.2_mapped_official_1.20.1-recomp.jar%23191!/:?]
	at net.minecraft.util.thread.BlockableEventLoop.pollTask(BlockableEventLoop.java:116) ~[forge-1.20.1-47.4.2_mapped_official_1.20.1-recomp.jar%23191!/:?]
	at net.minecraft.server.MinecraftServer.pollTaskInternal(MinecraftServer.java:753) ~[forge-1.20.1-47.4.2_mapped_official_1.20.1-recomp.jar%23191!/:?]
	at net.minecraft.server.MinecraftServer.pollTask(MinecraftServer.java:747) ~[forge-1.20.1-47.4.2_mapped_official_1.20.1-recomp.jar%23191!/:?]
	at net.minecraft.util.thread.BlockableEventLoop.managedBlock(BlockableEventLoop.java:126) ~[forge-1.20.1-47.4.2_mapped_official_1.20.1-recomp.jar%23191!/:?]
	at net.minecraft.server.MinecraftServer.waitUntilNextTick(MinecraftServer.java:733) ~[forge-1.20.1-47.4.2_mapped_official_1.20.1-recomp.jar%23191!/:?]
	at net.minecraft.server.MinecraftServer.runServer(MinecraftServer.java:665) ~[forge-1.20.1-47.4.2_mapped_official_1.20.1-recomp.jar%23191!/:?]
	at net.minecraft.server.MinecraftServer.lambda$spin$2(MinecraftServer.java:251) ~[forge-1.20.1-47.4.2_mapped_official_1.20.1-recomp.jar%23191!/:?]
	at java.lang.Thread.run(Thread.java:840) ~[?:?]
[20Jun2025 12:37:40.811] [Server thread/INFO] [net.minecraft.client.server.IntegratedServer/]: Saving and pausing game...
[20Jun2025 12:37:40.826] [Server thread/INFO] [net.minecraft.server.MinecraftServer/]: Saving chunks for level 'ServerLevel[New World]'/minecraft:overworld
[20Jun2025 12:37:40.844] [Server thread/INFO] [net.minecraft.server.MinecraftServer/]: Saving chunks for level 'ServerLevel[New World]'/minecraft:the_nether
[20Jun2025 12:37:40.849] [Server thread/INFO] [net.minecraft.server.MinecraftServer/]: Saving chunks for level 'ServerLevel[New World]'/minecraft:the_end
[20Jun2025 12:37:40.854] [Server thread/DEBUG] [net.minecraftforge.common.ForgeHooks/WP]: Gathering id map for writing to world save New World
[20Jun2025 12:37:40.884] [Server thread/DEBUG] [net.minecraftforge.common.ForgeHooks/WP]: ID Map collection complete New World
[20Jun2025 12:38:05.211] [Server thread/INFO] [net.minecraft.client.server.IntegratedServer/]: Saving and pausing game...
[20Jun2025 12:38:05.224] [Server thread/INFO] [net.minecraft.server.MinecraftServer/]: Saving chunks for level 'ServerLevel[New World]'/minecraft:overworld
[20Jun2025 12:38:05.236] [Server thread/INFO] [net.minecraft.server.MinecraftServer/]: Saving chunks for level 'ServerLevel[New World]'/minecraft:the_nether
[20Jun2025 12:38:05.239] [Server thread/INFO] [net.minecraft.server.MinecraftServer/]: Saving chunks for level 'ServerLevel[New World]'/minecraft:the_end
[20Jun2025 12:38:05.242] [Server thread/DEBUG] [net.minecraftforge.common.ForgeHooks/WP]: Gathering id map for writing to world save New World
[20Jun2025 12:38:05.251] [Server thread/DEBUG] [net.minecraftforge.common.ForgeHooks/WP]: ID Map collection complete New World
[20Jun2025 12:38:06.210] [Server thread/INFO] [net.minecraft.client.server.IntegratedServer/]: Saving and pausing game...
[20Jun2025 12:38:06.237] [Server thread/INFO] [net.minecraft.server.MinecraftServer/]: Saving chunks for level 'ServerLevel[New World]'/minecraft:overworld
[20Jun2025 12:38:06.248] [Server thread/INFO] [net.minecraft.server.MinecraftServer/]: Saving chunks for level 'ServerLevel[New World]'/minecraft:the_nether
[20Jun2025 12:38:06.249] [Server thread/INFO] [net.minecraft.server.MinecraftServer/]: Saving chunks for level 'ServerLevel[New World]'/minecraft:the_end
[20Jun2025 12:38:06.251] [Server thread/DEBUG] [net.minecraftforge.common.ForgeHooks/WP]: Gathering id map for writing to world save New World
[20Jun2025 12:38:06.258] [Server thread/DEBUG] [net.minecraftforge.common.ForgeHooks/WP]: ID Map collection complete New World
[20Jun2025 12:38:38.191] [Render thread/INFO] [net.minecraft.client.gui.components.ChatComponent/]: [System] [CHAT] No ship found
[20Jun2025 12:38:38.913] [Server thread/INFO] [net.minecraft.client.server.IntegratedServer/]: Saving and pausing game...
[20Jun2025 12:38:38.928] [Server thread/INFO] [net.minecraft.server.MinecraftServer/]: Saving chunks for level 'ServerLevel[New World]'/minecraft:overworld
[20Jun2025 12:38:38.940] [Server thread/INFO] [net.minecraft.server.MinecraftServer/]: Saving chunks for level 'ServerLevel[New World]'/minecraft:the_nether
[20Jun2025 12:38:38.943] [Server thread/INFO] [net.minecraft.server.MinecraftServer/]: Saving chunks for level 'ServerLevel[New World]'/minecraft:the_end
[20Jun2025 12:38:38.945] [Server thread/DEBUG] [net.minecraftforge.common.ForgeHooks/WP]: Gathering id map for writing to world save New World
[20Jun2025 12:38:38.954] [Server thread/DEBUG] [net.minecraftforge.common.ForgeHooks/WP]: ID Map collection complete New World
[20Jun2025 12:40:21.815] [Server thread/INFO] [net.minecraft.client.server.IntegratedServer/]: Saving and pausing game...
[20Jun2025 12:40:21.828] [Server thread/INFO] [net.minecraft.server.MinecraftServer/]: Saving chunks for level 'ServerLevel[New World]'/minecraft:overworld
[20Jun2025 12:40:21.841] [Server thread/INFO] [net.minecraft.server.MinecraftServer/]: Saving chunks for level 'ServerLevel[New World]'/minecraft:the_nether
[20Jun2025 12:40:21.844] [Server thread/INFO] [net.minecraft.server.MinecraftServer/]: Saving chunks for level 'ServerLevel[New World]'/minecraft:the_end
[20Jun2025 12:40:21.849] [Server thread/DEBUG] [net.minecraftforge.common.ForgeHooks/WP]: Gathering id map for writing to world save New World
[20Jun2025 12:40:21.856] [Server thread/DEBUG] [net.minecraftforge.common.ForgeHooks/WP]: ID Map collection complete New World
[20Jun2025 12:41:14.567] [Server thread/INFO] [net.minecraft.client.server.IntegratedServer/]: Saving and pausing game...
[20Jun2025 12:41:14.581] [Server thread/INFO] [net.minecraft.server.MinecraftServer/]: Saving chunks for level 'ServerLevel[New World]'/minecraft:overworld
[20Jun2025 12:41:14.593] [Server thread/INFO] [net.minecraft.server.MinecraftServer/]: Saving chunks for level 'ServerLevel[New World]'/minecraft:the_nether
[20Jun2025 12:41:14.595] [Server thread/INFO] [net.minecraft.server.MinecraftServer/]: Saving chunks for level 'ServerLevel[New World]'/minecraft:the_end
[20Jun2025 12:41:14.598] [Server thread/DEBUG] [net.minecraftforge.common.ForgeHooks/WP]: Gathering id map for writing to world save New World
[20Jun2025 12:41:14.607] [Server thread/DEBUG] [net.minecraftforge.common.ForgeHooks/WP]: ID Map collection complete New World
[20Jun2025 12:52:54.385] [Server thread/INFO] [net.minecraft.client.server.IntegratedServer/]: Saving and pausing game...
[20Jun2025 12:52:54.399] [Server thread/INFO] [net.minecraft.server.MinecraftServer/]: Saving chunks for level 'ServerLevel[New World]'/minecraft:overworld
[20Jun2025 12:52:54.408] [Server thread/INFO] [net.minecraft.server.MinecraftServer/]: Saving chunks for level 'ServerLevel[New World]'/minecraft:the_nether
[20Jun2025 12:52:54.410] [Server thread/INFO] [net.minecraft.server.MinecraftServer/]: Saving chunks for level 'ServerLevel[New World]'/minecraft:the_end
[20Jun2025 12:52:54.414] [Server thread/DEBUG] [net.minecraftforge.common.ForgeHooks/WP]: Gathering id map for writing to world save New World
[20Jun2025 12:52:54.421] [Server thread/DEBUG] [net.minecraftforge.common.ForgeHooks/WP]: ID Map collection complete New World
[20Jun2025 12:56:33.700] [Server thread/ERROR] [net.minecraft.network.protocol.PacketUtils/]: Failed to handle packet net.minecraft.network.protocol.game.ServerboundUseItemPacket@86c4383, suppressing error
java.lang.NullPointerException: Cannot invoke "java.util.function.Consumer.accept(Object)" because "this._onUse" is null
	at org.zipcoder.createkinetic.items.TotemItem.use(TotemItem.java:52) ~[%23196!/:?]
	at net.minecraft.world.item.ItemStack.use(ItemStack.java:275) ~[forge-1.20.1-47.4.2_mapped_official_1.20.1-recomp.jar%23191!/:?]
	at net.minecraft.server.level.ServerPlayerGameMode.useItem(ServerPlayerGameMode.java:286) ~[forge-1.20.1-47.4.2_mapped_official_1.20.1-recomp.jar%23191!/:?]
	at net.minecraft.server.network.ServerGamePacketListenerImpl.handleUseItem(ServerGamePacketListenerImpl.java:1085) ~[forge-1.20.1-47.4.2_mapped_official_1.20.1-recomp.jar%23191!/:?]
	at net.minecraft.network.protocol.game.ServerboundUseItemPacket.handle(ServerboundUseItemPacket.java:27) ~[forge-1.20.1-47.4.2_mapped_official_1.20.1-recomp.jar%23191!/:?]
	at net.minecraft.network.protocol.game.ServerboundUseItemPacket.handle(ServerboundUseItemPacket.java:7) ~[forge-1.20.1-47.4.2_mapped_official_1.20.1-recomp.jar%23191!/:?]
	at net.minecraft.network.protocol.PacketUtils.lambda$ensureRunningOnSameThread$0(PacketUtils.java:22) ~[forge-1.20.1-47.4.2_mapped_official_1.20.1-recomp.jar%23191!/:?]
	at net.minecraft.server.TickTask.run(TickTask.java:17) ~[forge-1.20.1-47.4.2_mapped_official_1.20.1-recomp.jar%23191!/:?]
	at net.minecraft.util.thread.BlockableEventLoop.doRunTask(BlockableEventLoop.java:143) ~[forge-1.20.1-47.4.2_mapped_official_1.20.1-recomp.jar%23191!/:?]
	at net.minecraft.util.thread.ReentrantBlockableEventLoop.doRunTask(ReentrantBlockableEventLoop.java:22) ~[forge-1.20.1-47.4.2_mapped_official_1.20.1-recomp.jar%23191!/:?]
	at net.minecraft.server.MinecraftServer.doRunTask(MinecraftServer.java:770) ~[forge-1.20.1-47.4.2_mapped_official_1.20.1-recomp.jar%23191!/:?]
	at net.minecraft.server.MinecraftServer.doRunTask(MinecraftServer.java:161) ~[forge-1.20.1-47.4.2_mapped_official_1.20.1-recomp.jar%23191!/:?]
	at net.minecraft.util.thread.BlockableEventLoop.pollTask(BlockableEventLoop.java:116) ~[forge-1.20.1-47.4.2_mapped_official_1.20.1-recomp.jar%23191!/:?]
	at net.minecraft.server.MinecraftServer.pollTaskInternal(MinecraftServer.java:753) ~[forge-1.20.1-47.4.2_mapped_official_1.20.1-recomp.jar%23191!/:?]
	at net.minecraft.server.MinecraftServer.pollTask(MinecraftServer.java:747) ~[forge-1.20.1-47.4.2_mapped_official_1.20.1-recomp.jar%23191!/:?]
	at net.minecraft.util.thread.BlockableEventLoop.runAllTasks(BlockableEventLoop.java:104) ~[forge-1.20.1-47.4.2_mapped_official_1.20.1-recomp.jar%23191!/:?]
	at net.minecraft.server.MinecraftServer.waitUntilNextTick(MinecraftServer.java:732) ~[forge-1.20.1-47.4.2_mapped_official_1.20.1-recomp.jar%23191!/:?]
	at net.minecraft.server.MinecraftServer.runServer(MinecraftServer.java:665) ~[forge-1.20.1-47.4.2_mapped_official_1.20.1-recomp.jar%23191!/:?]
	at net.minecraft.server.MinecraftServer.lambda$spin$2(MinecraftServer.java:251) ~[forge-1.20.1-47.4.2_mapped_official_1.20.1-recomp.jar%23191!/:?]
	at java.lang.Thread.run(Thread.java:840) ~[?:?]
[20Jun2025 12:56:36.655] [Server thread/ERROR] [net.minecraft.network.protocol.PacketUtils/]: Failed to handle packet net.minecraft.network.protocol.game.ServerboundUseItemPacket@3f360133, suppressing error
java.lang.NullPointerException: Cannot invoke "java.util.function.Consumer.accept(Object)" because "this._onUse" is null
	at org.zipcoder.createkinetic.items.TotemItem.use(TotemItem.java:52) ~[%23196!/:?]
	at net.minecraft.world.item.ItemStack.use(ItemStack.java:275) ~[forge-1.20.1-47.4.2_mapped_official_1.20.1-recomp.jar%23191!/:?]
	at net.minecraft.server.level.ServerPlayerGameMode.useItem(ServerPlayerGameMode.java:286) ~[forge-1.20.1-47.4.2_mapped_official_1.20.1-recomp.jar%23191!/:?]
	at net.minecraft.server.network.ServerGamePacketListenerImpl.handleUseItem(ServerGamePacketListenerImpl.java:1085) ~[forge-1.20.1-47.4.2_mapped_official_1.20.1-recomp.jar%23191!/:?]
	at net.minecraft.network.protocol.game.ServerboundUseItemPacket.handle(ServerboundUseItemPacket.java:27) ~[forge-1.20.1-47.4.2_mapped_official_1.20.1-recomp.jar%23191!/:?]
	at net.minecraft.network.protocol.game.ServerboundUseItemPacket.handle(ServerboundUseItemPacket.java:7) ~[forge-1.20.1-47.4.2_mapped_official_1.20.1-recomp.jar%23191!/:?]
	at net.minecraft.network.protocol.PacketUtils.lambda$ensureRunningOnSameThread$0(PacketUtils.java:22) ~[forge-1.20.1-47.4.2_mapped_official_1.20.1-recomp.jar%23191!/:?]
	at net.minecraft.server.TickTask.run(TickTask.java:17) ~[forge-1.20.1-47.4.2_mapped_official_1.20.1-recomp.jar%23191!/:?]
	at net.minecraft.util.thread.BlockableEventLoop.doRunTask(BlockableEventLoop.java:143) ~[forge-1.20.1-47.4.2_mapped_official_1.20.1-recomp.jar%23191!/:?]
	at net.minecraft.util.thread.ReentrantBlockableEventLoop.doRunTask(ReentrantBlockableEventLoop.java:22) ~[forge-1.20.1-47.4.2_mapped_official_1.20.1-recomp.jar%23191!/:?]
	at net.minecraft.server.MinecraftServer.doRunTask(MinecraftServer.java:770) ~[forge-1.20.1-47.4.2_mapped_official_1.20.1-recomp.jar%23191!/:?]
	at net.minecraft.server.MinecraftServer.doRunTask(MinecraftServer.java:161) ~[forge-1.20.1-47.4.2_mapped_official_1.20.1-recomp.jar%23191!/:?]
	at net.minecraft.util.thread.BlockableEventLoop.pollTask(BlockableEventLoop.java:116) ~[forge-1.20.1-47.4.2_mapped_official_1.20.1-recomp.jar%23191!/:?]
	at net.minecraft.server.MinecraftServer.pollTaskInternal(MinecraftServer.java:753) ~[forge-1.20.1-47.4.2_mapped_official_1.20.1-recomp.jar%23191!/:?]
	at net.minecraft.server.MinecraftServer.pollTask(MinecraftServer.java:747) ~[forge-1.20.1-47.4.2_mapped_official_1.20.1-recomp.jar%23191!/:?]
	at net.minecraft.util.thread.BlockableEventLoop.managedBlock(BlockableEventLoop.java:126) ~[forge-1.20.1-47.4.2_mapped_official_1.20.1-recomp.jar%23191!/:?]
	at net.minecraft.server.MinecraftServer.waitUntilNextTick(MinecraftServer.java:733) ~[forge-1.20.1-47.4.2_mapped_official_1.20.1-recomp.jar%23191!/:?]
	at net.minecraft.server.MinecraftServer.runServer(MinecraftServer.java:665) ~[forge-1.20.1-47.4.2_mapped_official_1.20.1-recomp.jar%23191!/:?]
	at net.minecraft.server.MinecraftServer.lambda$spin$2(MinecraftServer.java:251) ~[forge-1.20.1-47.4.2_mapped_official_1.20.1-recomp.jar%23191!/:?]
	at java.lang.Thread.run(Thread.java:840) ~[?:?]
[20Jun2025 12:56:37.400] [Server thread/DEBUG] [io.netty.util.internal.ThreadLocalRandom/]: -Dio.netty.initialSeedUniquifier: 0xcb3cd3db1e2f7a05
[20Jun2025 12:56:39.140] [Server thread/INFO] [net.minecraft.server.MinecraftServer/]: [Dev: Set own game mode to Survival Mode]
[20Jun2025 12:56:39.148] [Render thread/INFO] [net.minecraft.client.gui.components.ChatComponent/]: [System] [CHAT] Set own game mode to Survival Mode
[20Jun2025 12:56:39.553] [Server thread/ERROR] [net.minecraft.network.protocol.PacketUtils/]: Failed to handle packet net.minecraft.network.protocol.game.ServerboundUseItemPacket@84097bb, suppressing error
java.lang.NullPointerException: Cannot invoke "java.util.function.Consumer.accept(Object)" because "this._onUse" is null
	at org.zipcoder.createkinetic.items.TotemItem.use(TotemItem.java:52) ~[%23196!/:?]
	at net.minecraft.world.item.ItemStack.use(ItemStack.java:275) ~[forge-1.20.1-47.4.2_mapped_official_1.20.1-recomp.jar%23191!/:?]
	at net.minecraft.server.level.ServerPlayerGameMode.useItem(ServerPlayerGameMode.java:286) ~[forge-1.20.1-47.4.2_mapped_official_1.20.1-recomp.jar%23191!/:?]
	at net.minecraft.server.network.ServerGamePacketListenerImpl.handleUseItem(ServerGamePacketListenerImpl.java:1085) ~[forge-1.20.1-47.4.2_mapped_official_1.20.1-recomp.jar%23191!/:?]
	at net.minecraft.network.protocol.game.ServerboundUseItemPacket.handle(ServerboundUseItemPacket.java:27) ~[forge-1.20.1-47.4.2_mapped_official_1.20.1-recomp.jar%23191!/:?]
	at net.minecraft.network.protocol.game.ServerboundUseItemPacket.handle(ServerboundUseItemPacket.java:7) ~[forge-1.20.1-47.4.2_mapped_official_1.20.1-recomp.jar%23191!/:?]
	at net.minecraft.network.protocol.PacketUtils.lambda$ensureRunningOnSameThread$0(PacketUtils.java:22) ~[forge-1.20.1-47.4.2_mapped_official_1.20.1-recomp.jar%23191!/:?]
	at net.minecraft.server.TickTask.run(TickTask.java:17) ~[forge-1.20.1-47.4.2_mapped_official_1.20.1-recomp.jar%23191!/:?]
	at net.minecraft.util.thread.BlockableEventLoop.doRunTask(BlockableEventLoop.java:143) ~[forge-1.20.1-47.4.2_mapped_official_1.20.1-recomp.jar%23191!/:?]
	at net.minecraft.util.thread.ReentrantBlockableEventLoop.doRunTask(ReentrantBlockableEventLoop.java:22) ~[forge-1.20.1-47.4.2_mapped_official_1.20.1-recomp.jar%23191!/:?]
	at net.minecraft.server.MinecraftServer.doRunTask(MinecraftServer.java:770) ~[forge-1.20.1-47.4.2_mapped_official_1.20.1-recomp.jar%23191!/:?]
	at net.minecraft.server.MinecraftServer.doRunTask(MinecraftServer.java:161) ~[forge-1.20.1-47.4.2_mapped_official_1.20.1-recomp.jar%23191!/:?]
	at net.minecraft.util.thread.BlockableEventLoop.pollTask(BlockableEventLoop.java:116) ~[forge-1.20.1-47.4.2_mapped_official_1.20.1-recomp.jar%23191!/:?]
	at net.minecraft.server.MinecraftServer.pollTaskInternal(MinecraftServer.java:753) ~[forge-1.20.1-47.4.2_mapped_official_1.20.1-recomp.jar%23191!/:?]
	at net.minecraft.server.MinecraftServer.pollTask(MinecraftServer.java:747) ~[forge-1.20.1-47.4.2_mapped_official_1.20.1-recomp.jar%23191!/:?]
	at net.minecraft.util.thread.BlockableEventLoop.runAllTasks(BlockableEventLoop.java:104) ~[forge-1.20.1-47.4.2_mapped_official_1.20.1-recomp.jar%23191!/:?]
	at net.minecraft.server.MinecraftServer.waitUntilNextTick(MinecraftServer.java:732) ~[forge-1.20.1-47.4.2_mapped_official_1.20.1-recomp.jar%23191!/:?]
	at net.minecraft.server.MinecraftServer.runServer(MinecraftServer.java:665) ~[forge-1.20.1-47.4.2_mapped_official_1.20.1-recomp.jar%23191!/:?]
	at net.minecraft.server.MinecraftServer.lambda$spin$2(MinecraftServer.java:251) ~[forge-1.20.1-47.4.2_mapped_official_1.20.1-recomp.jar%23191!/:?]
	at java.lang.Thread.run(Thread.java:840) ~[?:?]
[20Jun2025 12:56:42.201] [Server thread/INFO] [net.minecraft.server.MinecraftServer/]: [Dev: Set own game mode to Creative Mode]
[20Jun2025 12:56:42.206] [Render thread/INFO] [net.minecraft.client.gui.components.ChatComponent/]: [System] [CHAT] Set own game mode to Creative Mode
[20Jun2025 12:56:43.196] [Render thread/DEBUG] [mixin/]: Mixing core.render.immediate.consumer.SpriteTexturedVertexConsumerMixin from embeddium.mixins.json into net.minecraft.client.renderer.SpriteCoordinateExpander
[20Jun2025 12:56:43.976] [Render thread/DEBUG] [mixin/]: Mixing core.render.immediate.consumer.VertexConsumersMixin$DualMixin from embeddium.mixins.json into com.mojang.blaze3d.vertex.VertexMultiConsumer$Double
[20Jun2025 12:56:50.752] [Server thread/ERROR] [net.minecraft.network.protocol.PacketUtils/]: Failed to handle packet net.minecraft.network.protocol.game.ServerboundUseItemPacket@7b7bd71b, suppressing error
java.lang.NullPointerException: Cannot invoke "java.util.function.Consumer.accept(Object)" because "this._onUse" is null
	at org.zipcoder.createkinetic.items.TotemItem.use(TotemItem.java:52) ~[%23196!/:?]
	at net.minecraft.world.item.ItemStack.use(ItemStack.java:275) ~[forge-1.20.1-47.4.2_mapped_official_1.20.1-recomp.jar%23191!/:?]
	at net.minecraft.server.level.ServerPlayerGameMode.useItem(ServerPlayerGameMode.java:286) ~[forge-1.20.1-47.4.2_mapped_official_1.20.1-recomp.jar%23191!/:?]
	at net.minecraft.server.network.ServerGamePacketListenerImpl.handleUseItem(ServerGamePacketListenerImpl.java:1085) ~[forge-1.20.1-47.4.2_mapped_official_1.20.1-recomp.jar%23191!/:?]
	at net.minecraft.network.protocol.game.ServerboundUseItemPacket.handle(ServerboundUseItemPacket.java:27) ~[forge-1.20.1-47.4.2_mapped_official_1.20.1-recomp.jar%23191!/:?]
	at net.minecraft.network.protocol.game.ServerboundUseItemPacket.handle(ServerboundUseItemPacket.java:7) ~[forge-1.20.1-47.4.2_mapped_official_1.20.1-recomp.jar%23191!/:?]
	at net.minecraft.network.protocol.PacketUtils.lambda$ensureRunningOnSameThread$0(PacketUtils.java:22) ~[forge-1.20.1-47.4.2_mapped_official_1.20.1-recomp.jar%23191!/:?]
	at net.minecraft.server.TickTask.run(TickTask.java:17) ~[forge-1.20.1-47.4.2_mapped_official_1.20.1-recomp.jar%23191!/:?]
	at net.minecraft.util.thread.BlockableEventLoop.doRunTask(BlockableEventLoop.java:143) ~[forge-1.20.1-47.4.2_mapped_official_1.20.1-recomp.jar%23191!/:?]
	at net.minecraft.util.thread.ReentrantBlockableEventLoop.doRunTask(ReentrantBlockableEventLoop.java:22) ~[forge-1.20.1-47.4.2_mapped_official_1.20.1-recomp.jar%23191!/:?]
	at net.minecraft.server.MinecraftServer.doRunTask(MinecraftServer.java:770) ~[forge-1.20.1-47.4.2_mapped_official_1.20.1-recomp.jar%23191!/:?]
	at net.minecraft.server.MinecraftServer.doRunTask(MinecraftServer.java:161) ~[forge-1.20.1-47.4.2_mapped_official_1.20.1-recomp.jar%23191!/:?]
	at net.minecraft.util.thread.BlockableEventLoop.pollTask(BlockableEventLoop.java:116) ~[forge-1.20.1-47.4.2_mapped_official_1.20.1-recomp.jar%23191!/:?]
	at net.minecraft.server.MinecraftServer.pollTaskInternal(MinecraftServer.java:753) ~[forge-1.20.1-47.4.2_mapped_official_1.20.1-recomp.jar%23191!/:?]
	at net.minecraft.server.MinecraftServer.pollTask(MinecraftServer.java:747) ~[forge-1.20.1-47.4.2_mapped_official_1.20.1-recomp.jar%23191!/:?]
	at net.minecraft.util.thread.BlockableEventLoop.runAllTasks(BlockableEventLoop.java:104) ~[forge-1.20.1-47.4.2_mapped_official_1.20.1-recomp.jar%23191!/:?]
	at net.minecraft.server.MinecraftServer.waitUntilNextTick(MinecraftServer.java:732) ~[forge-1.20.1-47.4.2_mapped_official_1.20.1-recomp.jar%23191!/:?]
	at net.minecraft.server.MinecraftServer.runServer(MinecraftServer.java:665) ~[forge-1.20.1-47.4.2_mapped_official_1.20.1-recomp.jar%23191!/:?]
	at net.minecraft.server.MinecraftServer.lambda$spin$2(MinecraftServer.java:251) ~[forge-1.20.1-47.4.2_mapped_official_1.20.1-recomp.jar%23191!/:?]
	at java.lang.Thread.run(Thread.java:840) ~[?:?]
[20Jun2025 12:56:53.202] [Server thread/ERROR] [net.minecraft.network.protocol.PacketUtils/]: Failed to handle packet net.minecraft.network.protocol.game.ServerboundUseItemPacket@21b39a95, suppressing error
java.lang.NullPointerException: Cannot invoke "java.util.function.Consumer.accept(Object)" because "this._onUse" is null
	at org.zipcoder.createkinetic.items.TotemItem.use(TotemItem.java:52) ~[%23196!/:?]
	at net.minecraft.world.item.ItemStack.use(ItemStack.java:275) ~[forge-1.20.1-47.4.2_mapped_official_1.20.1-recomp.jar%23191!/:?]
	at net.minecraft.server.level.ServerPlayerGameMode.useItem(ServerPlayerGameMode.java:286) ~[forge-1.20.1-47.4.2_mapped_official_1.20.1-recomp.jar%23191!/:?]
	at net.minecraft.server.network.ServerGamePacketListenerImpl.handleUseItem(ServerGamePacketListenerImpl.java:1085) ~[forge-1.20.1-47.4.2_mapped_official_1.20.1-recomp.jar%23191!/:?]
	at net.minecraft.network.protocol.game.ServerboundUseItemPacket.handle(ServerboundUseItemPacket.java:27) ~[forge-1.20.1-47.4.2_mapped_official_1.20.1-recomp.jar%23191!/:?]
	at net.minecraft.network.protocol.game.ServerboundUseItemPacket.handle(ServerboundUseItemPacket.java:7) ~[forge-1.20.1-47.4.2_mapped_official_1.20.1-recomp.jar%23191!/:?]
	at net.minecraft.network.protocol.PacketUtils.lambda$ensureRunningOnSameThread$0(PacketUtils.java:22) ~[forge-1.20.1-47.4.2_mapped_official_1.20.1-recomp.jar%23191!/:?]
	at net.minecraft.server.TickTask.run(TickTask.java:17) ~[forge-1.20.1-47.4.2_mapped_official_1.20.1-recomp.jar%23191!/:?]
	at net.minecraft.util.thread.BlockableEventLoop.doRunTask(BlockableEventLoop.java:143) ~[forge-1.20.1-47.4.2_mapped_official_1.20.1-recomp.jar%23191!/:?]
	at net.minecraft.util.thread.ReentrantBlockableEventLoop.doRunTask(ReentrantBlockableEventLoop.java:22) ~[forge-1.20.1-47.4.2_mapped_official_1.20.1-recomp.jar%23191!/:?]
	at net.minecraft.server.MinecraftServer.doRunTask(MinecraftServer.java:770) ~[forge-1.20.1-47.4.2_mapped_official_1.20.1-recomp.jar%23191!/:?]
	at net.minecraft.server.MinecraftServer.doRunTask(MinecraftServer.java:161) ~[forge-1.20.1-47.4.2_mapped_official_1.20.1-recomp.jar%23191!/:?]
	at net.minecraft.util.thread.BlockableEventLoop.pollTask(BlockableEventLoop.java:116) ~[forge-1.20.1-47.4.2_mapped_official_1.20.1-recomp.jar%23191!/:?]
	at net.minecraft.server.MinecraftServer.pollTaskInternal(MinecraftServer.java:753) ~[forge-1.20.1-47.4.2_mapped_official_1.20.1-recomp.jar%23191!/:?]
	at net.minecraft.server.MinecraftServer.pollTask(MinecraftServer.java:747) ~[forge-1.20.1-47.4.2_mapped_official_1.20.1-recomp.jar%23191!/:?]
	at net.minecraft.util.thread.BlockableEventLoop.runAllTasks(BlockableEventLoop.java:104) ~[forge-1.20.1-47.4.2_mapped_official_1.20.1-recomp.jar%23191!/:?]
	at net.minecraft.server.MinecraftServer.waitUntilNextTick(MinecraftServer.java:732) ~[forge-1.20.1-47.4.2_mapped_official_1.20.1-recomp.jar%23191!/:?]
	at net.minecraft.server.MinecraftServer.runServer(MinecraftServer.java:665) ~[forge-1.20.1-47.4.2_mapped_official_1.20.1-recomp.jar%23191!/:?]
	at net.minecraft.server.MinecraftServer.lambda$spin$2(MinecraftServer.java:251) ~[forge-1.20.1-47.4.2_mapped_official_1.20.1-recomp.jar%23191!/:?]
	at java.lang.Thread.run(Thread.java:840) ~[?:?]
[20Jun2025 12:56:57.557] [Server thread/ERROR] [net.minecraft.network.protocol.PacketUtils/]: Failed to handle packet net.minecraft.network.protocol.game.ServerboundUseItemPacket@67120de2, suppressing error
java.lang.NullPointerException: Cannot invoke "java.util.function.Consumer.accept(Object)" because "this._onUse" is null
	at org.zipcoder.createkinetic.items.TotemItem.use(TotemItem.java:52) ~[%23196!/:?]
	at net.minecraft.world.item.ItemStack.use(ItemStack.java:275) ~[forge-1.20.1-47.4.2_mapped_official_1.20.1-recomp.jar%23191!/:?]
	at net.minecraft.server.level.ServerPlayerGameMode.useItem(ServerPlayerGameMode.java:286) ~[forge-1.20.1-47.4.2_mapped_official_1.20.1-recomp.jar%23191!/:?]
	at net.minecraft.server.network.ServerGamePacketListenerImpl.handleUseItem(ServerGamePacketListenerImpl.java:1085) ~[forge-1.20.1-47.4.2_mapped_official_1.20.1-recomp.jar%23191!/:?]
	at net.minecraft.network.protocol.game.ServerboundUseItemPacket.handle(ServerboundUseItemPacket.java:27) ~[forge-1.20.1-47.4.2_mapped_official_1.20.1-recomp.jar%23191!/:?]
	at net.minecraft.network.protocol.game.ServerboundUseItemPacket.handle(ServerboundUseItemPacket.java:7) ~[forge-1.20.1-47.4.2_mapped_official_1.20.1-recomp.jar%23191!/:?]
	at net.minecraft.network.protocol.PacketUtils.lambda$ensureRunningOnSameThread$0(PacketUtils.java:22) ~[forge-1.20.1-47.4.2_mapped_official_1.20.1-recomp.jar%23191!/:?]
	at net.minecraft.server.TickTask.run(TickTask.java:17) ~[forge-1.20.1-47.4.2_mapped_official_1.20.1-recomp.jar%23191!/:?]
	at net.minecraft.util.thread.BlockableEventLoop.doRunTask(BlockableEventLoop.java:143) ~[forge-1.20.1-47.4.2_mapped_official_1.20.1-recomp.jar%23191!/:?]
	at net.minecraft.util.thread.ReentrantBlockableEventLoop.doRunTask(ReentrantBlockableEventLoop.java:22) ~[forge-1.20.1-47.4.2_mapped_official_1.20.1-recomp.jar%23191!/:?]
	at net.minecraft.server.MinecraftServer.doRunTask(MinecraftServer.java:770) ~[forge-1.20.1-47.4.2_mapped_official_1.20.1-recomp.jar%23191!/:?]
	at net.minecraft.server.MinecraftServer.doRunTask(MinecraftServer.java:161) ~[forge-1.20.1-47.4.2_mapped_official_1.20.1-recomp.jar%23191!/:?]
	at net.minecraft.util.thread.BlockableEventLoop.pollTask(BlockableEventLoop.java:116) ~[forge-1.20.1-47.4.2_mapped_official_1.20.1-recomp.jar%23191!/:?]
	at net.minecraft.server.MinecraftServer.pollTaskInternal(MinecraftServer.java:753) ~[forge-1.20.1-47.4.2_mapped_official_1.20.1-recomp.jar%23191!/:?]
	at net.minecraft.server.MinecraftServer.pollTask(MinecraftServer.java:747) ~[forge-1.20.1-47.4.2_mapped_official_1.20.1-recomp.jar%23191!/:?]
	at net.minecraft.util.thread.BlockableEventLoop.runAllTasks(BlockableEventLoop.java:104) ~[forge-1.20.1-47.4.2_mapped_official_1.20.1-recomp.jar%23191!/:?]
	at net.minecraft.server.MinecraftServer.waitUntilNextTick(MinecraftServer.java:732) ~[forge-1.20.1-47.4.2_mapped_official_1.20.1-recomp.jar%23191!/:?]
	at net.minecraft.server.MinecraftServer.runServer(MinecraftServer.java:665) ~[forge-1.20.1-47.4.2_mapped_official_1.20.1-recomp.jar%23191!/:?]
	at net.minecraft.server.MinecraftServer.lambda$spin$2(MinecraftServer.java:251) ~[forge-1.20.1-47.4.2_mapped_official_1.20.1-recomp.jar%23191!/:?]
	at java.lang.Thread.run(Thread.java:840) ~[?:?]
[20Jun2025 12:57:00.002] [Server thread/ERROR] [net.minecraft.network.protocol.PacketUtils/]: Failed to handle packet net.minecraft.network.protocol.game.ServerboundUseItemPacket@3f538d32, suppressing error
java.lang.NullPointerException: Cannot invoke "java.util.function.Consumer.accept(Object)" because "this._onUse" is null
	at org.zipcoder.createkinetic.items.TotemItem.use(TotemItem.java:52) ~[%23196!/:?]
	at net.minecraft.world.item.ItemStack.use(ItemStack.java:275) ~[forge-1.20.1-47.4.2_mapped_official_1.20.1-recomp.jar%23191!/:?]
	at net.minecraft.server.level.ServerPlayerGameMode.useItem(ServerPlayerGameMode.java:286) ~[forge-1.20.1-47.4.2_mapped_official_1.20.1-recomp.jar%23191!/:?]
	at net.minecraft.server.network.ServerGamePacketListenerImpl.handleUseItem(ServerGamePacketListenerImpl.java:1085) ~[forge-1.20.1-47.4.2_mapped_official_1.20.1-recomp.jar%23191!/:?]
	at net.minecraft.network.protocol.game.ServerboundUseItemPacket.handle(ServerboundUseItemPacket.java:27) ~[forge-1.20.1-47.4.2_mapped_official_1.20.1-recomp.jar%23191!/:?]
	at net.minecraft.network.protocol.game.ServerboundUseItemPacket.handle(ServerboundUseItemPacket.java:7) ~[forge-1.20.1-47.4.2_mapped_official_1.20.1-recomp.jar%23191!/:?]
	at net.minecraft.network.protocol.PacketUtils.lambda$ensureRunningOnSameThread$0(PacketUtils.java:22) ~[forge-1.20.1-47.4.2_mapped_official_1.20.1-recomp.jar%23191!/:?]
	at net.minecraft.server.TickTask.run(TickTask.java:17) ~[forge-1.20.1-47.4.2_mapped_official_1.20.1-recomp.jar%23191!/:?]
	at net.minecraft.util.thread.BlockableEventLoop.doRunTask(BlockableEventLoop.java:143) ~[forge-1.20.1-47.4.2_mapped_official_1.20.1-recomp.jar%23191!/:?]
	at net.minecraft.util.thread.ReentrantBlockableEventLoop.doRunTask(ReentrantBlockableEventLoop.java:22) ~[forge-1.20.1-47.4.2_mapped_official_1.20.1-recomp.jar%23191!/:?]
	at net.minecraft.server.MinecraftServer.doRunTask(MinecraftServer.java:770) ~[forge-1.20.1-47.4.2_mapped_official_1.20.1-recomp.jar%23191!/:?]
	at net.minecraft.server.MinecraftServer.doRunTask(MinecraftServer.java:161) ~[forge-1.20.1-47.4.2_mapped_official_1.20.1-recomp.jar%23191!/:?]
	at net.minecraft.util.thread.BlockableEventLoop.pollTask(BlockableEventLoop.java:116) ~[forge-1.20.1-47.4.2_mapped_official_1.20.1-recomp.jar%23191!/:?]
	at net.minecraft.server.MinecraftServer.pollTaskInternal(MinecraftServer.java:753) ~[forge-1.20.1-47.4.2_mapped_official_1.20.1-recomp.jar%23191!/:?]
	at net.minecraft.server.MinecraftServer.pollTask(MinecraftServer.java:747) ~[forge-1.20.1-47.4.2_mapped_official_1.20.1-recomp.jar%23191!/:?]
	at net.minecraft.util.thread.BlockableEventLoop.runAllTasks(BlockableEventLoop.java:104) ~[forge-1.20.1-47.4.2_mapped_official_1.20.1-recomp.jar%23191!/:?]
	at net.minecraft.server.MinecraftServer.waitUntilNextTick(MinecraftServer.java:732) ~[forge-1.20.1-47.4.2_mapped_official_1.20.1-recomp.jar%23191!/:?]
	at net.minecraft.server.MinecraftServer.runServer(MinecraftServer.java:665) ~[forge-1.20.1-47.4.2_mapped_official_1.20.1-recomp.jar%23191!/:?]
	at net.minecraft.server.MinecraftServer.lambda$spin$2(MinecraftServer.java:251) ~[forge-1.20.1-47.4.2_mapped_official_1.20.1-recomp.jar%23191!/:?]
	at java.lang.Thread.run(Thread.java:840) ~[?:?]
[20Jun2025 12:57:07.191] [Server thread/INFO] [net.minecraft.client.server.IntegratedServer/]: Saving and pausing game...
[20Jun2025 12:57:07.203] [Server thread/INFO] [net.minecraft.server.MinecraftServer/]: Saving chunks for level 'ServerLevel[New World]'/minecraft:overworld
[20Jun2025 12:57:07.213] [Server thread/INFO] [net.minecraft.server.MinecraftServer/]: Saving chunks for level 'ServerLevel[New World]'/minecraft:the_nether
[20Jun2025 12:57:07.215] [Server thread/INFO] [net.minecraft.server.MinecraftServer/]: Saving chunks for level 'ServerLevel[New World]'/minecraft:the_end
[20Jun2025 12:57:07.219] [Server thread/DEBUG] [net.minecraftforge.common.ForgeHooks/WP]: Gathering id map for writing to world save New World
[20Jun2025 12:57:07.227] [Server thread/DEBUG] [net.minecraftforge.common.ForgeHooks/WP]: ID Map collection complete New World
[20Jun2025 12:57:07.718] [Render thread/DEBUG] [com.networknt.schema.PropertiesValidator/]: validate( {"pt":{"synchronizePhysics":false,"physicsTicksPerGameTick":3,"terrainBakingThreads":12,"terrainBakingThreadPriority":5,"terrainDeletionThreads":1,"terrainDeletionThreadPriority":4},"udpPort":25565,"enableUdp":false,"shipLoadDistance":128.0,"shipUnloadDistance":196.0,"physics":{"lodDetail":512,"subSteps":20,"iterations":5,"solver":"GAUSS_SEIDEL","maxDePenetrationSpeed":10.0,"physicsSpeed":1.0}}, {"pt":{"synchronizePhysics":false,"physicsTicksPerGameTick":3,"terrainBakingThreads":12,"terrainBakingThreadPriority":5,"terrainDeletionThreads":1,"terrainDeletionThreadPriority":4},"udpPort":25565,"enableUdp":false,"shipLoadDistance":128.0,"shipUnloadDistance":196.0,"physics":{"lodDetail":512,"subSteps":20,"iterations":5,"solver":"GAUSS_SEIDEL","maxDePenetrationSpeed":10.0,"physicsSpeed":1.0}}, $)
[20Jun2025 12:57:07.718] [Render thread/DEBUG] [com.networknt.schema.FormatValidator/]: validate( 128.0, {"pt":{"synchronizePhysics":false,"physicsTicksPerGameTick":3,"terrainBakingThreads":12,"terrainBakingThreadPriority":5,"terrainDeletionThreads":1,"terrainDeletionThreadPriority":4},"udpPort":25565,"enableUdp":false,"shipLoadDistance":128.0,"shipUnloadDistance":196.0,"physics":{"lodDetail":512,"subSteps":20,"iterations":5,"solver":"GAUSS_SEIDEL","maxDePenetrationSpeed":10.0,"physicsSpeed":1.0}}, $.shipLoadDistance)
[20Jun2025 12:57:07.719] [Render thread/DEBUG] [com.networknt.schema.TypeValidator/]: validate( 128.0, {"pt":{"synchronizePhysics":false,"physicsTicksPerGameTick":3,"terrainBakingThreads":12,"terrainBakingThreadPriority":5,"terrainDeletionThreads":1,"terrainDeletionThreadPriority":4},"udpPort":25565,"enableUdp":false,"shipLoadDistance":128.0,"shipUnloadDistance":196.0,"physics":{"lodDetail":512,"subSteps":20,"iterations":5,"solver":"GAUSS_SEIDEL","maxDePenetrationSpeed":10.0,"physicsSpeed":1.0}}, $.shipLoadDistance)
[20Jun2025 12:57:07.719] [Render thread/DEBUG] [com.networknt.schema.PropertiesValidator/]: validate( {"synchronizePhysics":false,"physicsTicksPerGameTick":3,"terrainBakingThreads":12,"terrainBakingThreadPriority":5,"terrainDeletionThreads":1,"terrainDeletionThreadPriority":4}, {"pt":{"synchronizePhysics":false,"physicsTicksPerGameTick":3,"terrainBakingThreads":12,"terrainBakingThreadPriority":5,"terrainDeletionThreads":1,"terrainDeletionThreadPriority":4},"udpPort":25565,"enableUdp":false,"shipLoadDistance":128.0,"shipUnloadDistance":196.0,"physics":{"lodDetail":512,"subSteps":20,"iterations":5,"solver":"GAUSS_SEIDEL","maxDePenetrationSpeed":10.0,"physicsSpeed":1.0}}, $.pt)
[20Jun2025 12:57:07.720] [Render thread/DEBUG] [com.networknt.schema.FormatValidator/]: validate( 4, {"pt":{"synchronizePhysics":false,"physicsTicksPerGameTick":3,"terrainBakingThreads":12,"terrainBakingThreadPriority":5,"terrainDeletionThreads":1,"terrainDeletionThreadPriority":4},"udpPort":25565,"enableUdp":false,"shipLoadDistance":128.0,"shipUnloadDistance":196.0,"physics":{"lodDetail":512,"subSteps":20,"iterations":5,"solver":"GAUSS_SEIDEL","maxDePenetrationSpeed":10.0,"physicsSpeed":1.0}}, $.pt.terrainDeletionThreadPriority)
[20Jun2025 12:57:07.720] [Render thread/DEBUG] [com.networknt.schema.TypeValidator/]: validate( 4, {"pt":{"synchronizePhysics":false,"physicsTicksPerGameTick":3,"terrainBakingThreads":12,"terrainBakingThreadPriority":5,"terrainDeletionThreads":1,"terrainDeletionThreadPriority":4},"udpPort":25565,"enableUdp":false,"shipLoadDistance":128.0,"shipUnloadDistance":196.0,"physics":{"lodDetail":512,"subSteps":20,"iterations":5,"solver":"GAUSS_SEIDEL","maxDePenetrationSpeed":10.0,"physicsSpeed":1.0}}, $.pt.terrainDeletionThreadPriority)
[20Jun2025 12:57:07.720] [Render thread/DEBUG] [com.networknt.schema.TypeValidator/]: validate( false, {"pt":{"synchronizePhysics":false,"physicsTicksPerGameTick":3,"terrainBakingThreads":12,"terrainBakingThreadPriority":5,"terrainDeletionThreads":1,"terrainDeletionThreadPriority":4},"udpPort":25565,"enableUdp":false,"shipLoadDistance":128.0,"shipUnloadDistance":196.0,"physics":{"lodDetail":512,"subSteps":20,"iterations":5,"solver":"GAUSS_SEIDEL","maxDePenetrationSpeed":10.0,"physicsSpeed":1.0}}, $.pt.synchronizePhysics)
[20Jun2025 12:57:07.720] [Render thread/DEBUG] [com.networknt.schema.FormatValidator/]: validate( 3, {"pt":{"synchronizePhysics":false,"physicsTicksPerGameTick":3,"terrainBakingThreads":12,"terrainBakingThreadPriority":5,"terrainDeletionThreads":1,"terrainDeletionThreadPriority":4},"udpPort":25565,"enableUdp":false,"shipLoadDistance":128.0,"shipUnloadDistance":196.0,"physics":{"lodDetail":512,"subSteps":20,"iterations":5,"solver":"GAUSS_SEIDEL","maxDePenetrationSpeed":10.0,"physicsSpeed":1.0}}, $.pt.physicsTicksPerGameTick)
[20Jun2025 12:57:07.720] [Render thread/DEBUG] [com.networknt.schema.TypeValidator/]: validate( 3, {"pt":{"synchronizePhysics":false,"physicsTicksPerGameTick":3,"terrainBakingThreads":12,"terrainBakingThreadPriority":5,"terrainDeletionThreads":1,"terrainDeletionThreadPriority":4},"udpPort":25565,"enableUdp":false,"shipLoadDistance":128.0,"shipUnloadDistance":196.0,"physics":{"lodDetail":512,"subSteps":20,"iterations":5,"solver":"GAUSS_SEIDEL","maxDePenetrationSpeed":10.0,"physicsSpeed":1.0}}, $.pt.physicsTicksPerGameTick)
[20Jun2025 12:57:07.720] [Render thread/DEBUG] [com.networknt.schema.FormatValidator/]: validate( 1, {"pt":{"synchronizePhysics":false,"physicsTicksPerGameTick":3,"terrainBakingThreads":12,"terrainBakingThreadPriority":5,"terrainDeletionThreads":1,"terrainDeletionThreadPriority":4},"udpPort":25565,"enableUdp":false,"shipLoadDistance":128.0,"shipUnloadDistance":196.0,"physics":{"lodDetail":512,"subSteps":20,"iterations":5,"solver":"GAUSS_SEIDEL","maxDePenetrationSpeed":10.0,"physicsSpeed":1.0}}, $.pt.terrainDeletionThreads)
[20Jun2025 12:57:07.720] [Render thread/DEBUG] [com.networknt.schema.TypeValidator/]: validate( 1, {"pt":{"synchronizePhysics":false,"physicsTicksPerGameTick":3,"terrainBakingThreads":12,"terrainBakingThreadPriority":5,"terrainDeletionThreads":1,"terrainDeletionThreadPriority":4},"udpPort":25565,"enableUdp":false,"shipLoadDistance":128.0,"shipUnloadDistance":196.0,"physics":{"lodDetail":512,"subSteps":20,"iterations":5,"solver":"GAUSS_SEIDEL","maxDePenetrationSpeed":10.0,"physicsSpeed":1.0}}, $.pt.terrainDeletionThreads)
[20Jun2025 12:57:07.720] [Render thread/DEBUG] [com.networknt.schema.FormatValidator/]: validate( 5, {"pt":{"synchronizePhysics":false,"physicsTicksPerGameTick":3,"terrainBakingThreads":12,"terrainBakingThreadPriority":5,"terrainDeletionThreads":1,"terrainDeletionThreadPriority":4},"udpPort":25565,"enableUdp":false,"shipLoadDistance":128.0,"shipUnloadDistance":196.0,"physics":{"lodDetail":512,"subSteps":20,"iterations":5,"solver":"GAUSS_SEIDEL","maxDePenetrationSpeed":10.0,"physicsSpeed":1.0}}, $.pt.terrainBakingThreadPriority)
[20Jun2025 12:57:07.721] [Render thread/DEBUG] [com.networknt.schema.TypeValidator/]: validate( 5, {"pt":{"synchronizePhysics":false,"physicsTicksPerGameTick":3,"terrainBakingThreads":12,"terrainBakingThreadPriority":5,"terrainDeletionThreads":1,"terrainDeletionThreadPriority":4},"udpPort":25565,"enableUdp":false,"shipLoadDistance":128.0,"shipUnloadDistance":196.0,"physics":{"lodDetail":512,"subSteps":20,"iterations":5,"solver":"GAUSS_SEIDEL","maxDePenetrationSpeed":10.0,"physicsSpeed":1.0}}, $.pt.terrainBakingThreadPriority)
[20Jun2025 12:57:07.721] [Render thread/DEBUG] [com.networknt.schema.FormatValidator/]: validate( 12, {"pt":{"synchronizePhysics":false,"physicsTicksPerGameTick":3,"terrainBakingThreads":12,"terrainBakingThreadPriority":5,"terrainDeletionThreads":1,"terrainDeletionThreadPriority":4},"udpPort":25565,"enableUdp":false,"shipLoadDistance":128.0,"shipUnloadDistance":196.0,"physics":{"lodDetail":512,"subSteps":20,"iterations":5,"solver":"GAUSS_SEIDEL","maxDePenetrationSpeed":10.0,"physicsSpeed":1.0}}, $.pt.terrainBakingThreads)
[20Jun2025 12:57:07.721] [Render thread/DEBUG] [com.networknt.schema.TypeValidator/]: validate( 12, {"pt":{"synchronizePhysics":false,"physicsTicksPerGameTick":3,"terrainBakingThreads":12,"terrainBakingThreadPriority":5,"terrainDeletionThreads":1,"terrainDeletionThreadPriority":4},"udpPort":25565,"enableUdp":false,"shipLoadDistance":128.0,"shipUnloadDistance":196.0,"physics":{"lodDetail":512,"subSteps":20,"iterations":5,"solver":"GAUSS_SEIDEL","maxDePenetrationSpeed":10.0,"physicsSpeed":1.0}}, $.pt.terrainBakingThreads)
[20Jun2025 12:57:07.721] [Render thread/DEBUG] [com.networknt.schema.AdditionalPropertiesValidator/]: validate( {"synchronizePhysics":false,"physicsTicksPerGameTick":3,"terrainBakingThreads":12,"terrainBakingThreadPriority":5,"terrainDeletionThreads":1,"terrainDeletionThreadPriority":4}, {"pt":{"synchronizePhysics":false,"physicsTicksPerGameTick":3,"terrainBakingThreads":12,"terrainBakingThreadPriority":5,"terrainDeletionThreads":1,"terrainDeletionThreadPriority":4},"udpPort":25565,"enableUdp":false,"shipLoadDistance":128.0,"shipUnloadDistance":196.0,"physics":{"lodDetail":512,"subSteps":20,"iterations":5,"solver":"GAUSS_SEIDEL","maxDePenetrationSpeed":10.0,"physicsSpeed":1.0}}, $.pt)
[20Jun2025 12:57:07.721] [Render thread/DEBUG] [com.networknt.schema.TypeValidator/]: validate( {"synchronizePhysics":false,"physicsTicksPerGameTick":3,"terrainBakingThreads":12,"terrainBakingThreadPriority":5,"terrainDeletionThreads":1,"terrainDeletionThreadPriority":4}, {"pt":{"synchronizePhysics":false,"physicsTicksPerGameTick":3,"terrainBakingThreads":12,"terrainBakingThreadPriority":5,"terrainDeletionThreads":1,"terrainDeletionThreadPriority":4},"udpPort":25565,"enableUdp":false,"shipLoadDistance":128.0,"shipUnloadDistance":196.0,"physics":{"lodDetail":512,"subSteps":20,"iterations":5,"solver":"GAUSS_SEIDEL","maxDePenetrationSpeed":10.0,"physicsSpeed":1.0}}, $.pt)
[20Jun2025 12:57:07.721] [Render thread/DEBUG] [com.networknt.schema.FormatValidator/]: validate( 196.0, {"pt":{"synchronizePhysics":false,"physicsTicksPerGameTick":3,"terrainBakingThreads":12,"terrainBakingThreadPriority":5,"terrainDeletionThreads":1,"terrainDeletionThreadPriority":4},"udpPort":25565,"enableUdp":false,"shipLoadDistance":128.0,"shipUnloadDistance":196.0,"physics":{"lodDetail":512,"subSteps":20,"iterations":5,"solver":"GAUSS_SEIDEL","maxDePenetrationSpeed":10.0,"physicsSpeed":1.0}}, $.shipUnloadDistance)
[20Jun2025 12:57:07.721] [Render thread/DEBUG] [com.networknt.schema.TypeValidator/]: validate( 196.0, {"pt":{"synchronizePhysics":false,"physicsTicksPerGameTick":3,"terrainBakingThreads":12,"terrainBakingThreadPriority":5,"terrainDeletionThreads":1,"terrainDeletionThreadPriority":4},"udpPort":25565,"enableUdp":false,"shipLoadDistance":128.0,"shipUnloadDistance":196.0,"physics":{"lodDetail":512,"subSteps":20,"iterations":5,"solver":"GAUSS_SEIDEL","maxDePenetrationSpeed":10.0,"physicsSpeed":1.0}}, $.shipUnloadDistance)
[20Jun2025 12:57:07.721] [Render thread/DEBUG] [com.networknt.schema.TypeValidator/]: validate( false, {"pt":{"synchronizePhysics":false,"physicsTicksPerGameTick":3,"terrainBakingThreads":12,"terrainBakingThreadPriority":5,"terrainDeletionThreads":1,"terrainDeletionThreadPriority":4},"udpPort":25565,"enableUdp":false,"shipLoadDistance":128.0,"shipUnloadDistance":196.0,"physics":{"lodDetail":512,"subSteps":20,"iterations":5,"solver":"GAUSS_SEIDEL","maxDePenetrationSpeed":10.0,"physicsSpeed":1.0}}, $.enableUdp)
[20Jun2025 12:57:07.722] [Render thread/DEBUG] [com.networknt.schema.PropertiesValidator/]: validate( {"lodDetail":512,"subSteps":20,"iterations":5,"solver":"GAUSS_SEIDEL","maxDePenetrationSpeed":10.0,"physicsSpeed":1.0}, {"pt":{"synchronizePhysics":false,"physicsTicksPerGameTick":3,"terrainBakingThreads":12,"terrainBakingThreadPriority":5,"terrainDeletionThreads":1,"terrainDeletionThreadPriority":4},"udpPort":25565,"enableUdp":false,"shipLoadDistance":128.0,"shipUnloadDistance":196.0,"physics":{"lodDetail":512,"subSteps":20,"iterations":5,"solver":"GAUSS_SEIDEL","maxDePenetrationSpeed":10.0,"physicsSpeed":1.0}}, $.physics)
[20Jun2025 12:57:07.722] [Render thread/DEBUG] [com.networknt.schema.FormatValidator/]: validate( 10.0, {"pt":{"synchronizePhysics":false,"physicsTicksPerGameTick":3,"terrainBakingThreads":12,"terrainBakingThreadPriority":5,"terrainDeletionThreads":1,"terrainDeletionThreadPriority":4},"udpPort":25565,"enableUdp":false,"shipLoadDistance":128.0,"shipUnloadDistance":196.0,"physics":{"lodDetail":512,"subSteps":20,"iterations":5,"solver":"GAUSS_SEIDEL","maxDePenetrationSpeed":10.0,"physicsSpeed":1.0}}, $.physics.maxDePenetrationSpeed)
[20Jun2025 12:57:07.722] [Render thread/DEBUG] [com.networknt.schema.TypeValidator/]: validate( 10.0, {"pt":{"synchronizePhysics":false,"physicsTicksPerGameTick":3,"terrainBakingThreads":12,"terrainBakingThreadPriority":5,"terrainDeletionThreads":1,"terrainDeletionThreadPriority":4},"udpPort":25565,"enableUdp":false,"shipLoadDistance":128.0,"shipUnloadDistance":196.0,"physics":{"lodDetail":512,"subSteps":20,"iterations":5,"solver":"GAUSS_SEIDEL","maxDePenetrationSpeed":10.0,"physicsSpeed":1.0}}, $.physics.maxDePenetrationSpeed)
[20Jun2025 12:57:07.723] [Render thread/DEBUG] [com.networknt.schema.FormatValidator/]: validate( 20, {"pt":{"synchronizePhysics":false,"physicsTicksPerGameTick":3,"terrainBakingThreads":12,"terrainBakingThreadPriority":5,"terrainDeletionThreads":1,"terrainDeletionThreadPriority":4},"udpPort":25565,"enableUdp":false,"shipLoadDistance":128.0,"shipUnloadDistance":196.0,"physics":{"lodDetail":512,"subSteps":20,"iterations":5,"solver":"GAUSS_SEIDEL","maxDePenetrationSpeed":10.0,"physicsSpeed":1.0}}, $.physics.subSteps)
[20Jun2025 12:57:07.723] [Render thread/DEBUG] [com.networknt.schema.TypeValidator/]: validate( 20, {"pt":{"synchronizePhysics":false,"physicsTicksPerGameTick":3,"terrainBakingThreads":12,"terrainBakingThreadPriority":5,"terrainDeletionThreads":1,"terrainDeletionThreadPriority":4},"udpPort":25565,"enableUdp":false,"shipLoadDistance":128.0,"shipUnloadDistance":196.0,"physics":{"lodDetail":512,"subSteps":20,"iterations":5,"solver":"GAUSS_SEIDEL","maxDePenetrationSpeed":10.0,"physicsSpeed":1.0}}, $.physics.subSteps)
[20Jun2025 12:57:07.723] [Render thread/DEBUG] [com.networknt.schema.FormatValidator/]: validate( 1.0, {"pt":{"synchronizePhysics":false,"physicsTicksPerGameTick":3,"terrainBakingThreads":12,"terrainBakingThreadPriority":5,"terrainDeletionThreads":1,"terrainDeletionThreadPriority":4},"udpPort":25565,"enableUdp":false,"shipLoadDistance":128.0,"shipUnloadDistance":196.0,"physics":{"lodDetail":512,"subSteps":20,"iterations":5,"solver":"GAUSS_SEIDEL","maxDePenetrationSpeed":10.0,"physicsSpeed":1.0}}, $.physics.physicsSpeed)
[20Jun2025 12:57:07.723] [Render thread/DEBUG] [com.networknt.schema.TypeValidator/]: validate( 1.0, {"pt":{"synchronizePhysics":false,"physicsTicksPerGameTick":3,"terrainBakingThreads":12,"terrainBakingThreadPriority":5,"terrainDeletionThreads":1,"terrainDeletionThreadPriority":4},"udpPort":25565,"enableUdp":false,"shipLoadDistance":128.0,"shipUnloadDistance":196.0,"physics":{"lodDetail":512,"subSteps":20,"iterations":5,"solver":"GAUSS_SEIDEL","maxDePenetrationSpeed":10.0,"physicsSpeed":1.0}}, $.physics.physicsSpeed)
[20Jun2025 12:57:07.723] [Render thread/DEBUG] [com.networknt.schema.FormatValidator/]: validate( 512, {"pt":{"synchronizePhysics":false,"physicsTicksPerGameTick":3,"terrainBakingThreads":12,"terrainBakingThreadPriority":5,"terrainDeletionThreads":1,"terrainDeletionThreadPriority":4},"udpPort":25565,"enableUdp":false,"shipLoadDistance":128.0,"shipUnloadDistance":196.0,"physics":{"lodDetail":512,"subSteps":20,"iterations":5,"solver":"GAUSS_SEIDEL","maxDePenetrationSpeed":10.0,"physicsSpeed":1.0}}, $.physics.lodDetail)
[20Jun2025 12:57:07.723] [Render thread/DEBUG] [com.networknt.schema.TypeValidator/]: validate( 512, {"pt":{"synchronizePhysics":false,"physicsTicksPerGameTick":3,"terrainBakingThreads":12,"terrainBakingThreadPriority":5,"terrainDeletionThreads":1,"terrainDeletionThreadPriority":4},"udpPort":25565,"enableUdp":false,"shipLoadDistance":128.0,"shipUnloadDistance":196.0,"physics":{"lodDetail":512,"subSteps":20,"iterations":5,"solver":"GAUSS_SEIDEL","maxDePenetrationSpeed":10.0,"physicsSpeed":1.0}}, $.physics.lodDetail)
[20Jun2025 12:57:07.723] [Render thread/DEBUG] [com.networknt.schema.FormatValidator/]: validate( 5, {"pt":{"synchronizePhysics":false,"physicsTicksPerGameTick":3,"terrainBakingThreads":12,"terrainBakingThreadPriority":5,"terrainDeletionThreads":1,"terrainDeletionThreadPriority":4},"udpPort":25565,"enableUdp":false,"shipLoadDistance":128.0,"shipUnloadDistance":196.0,"physics":{"lodDetail":512,"subSteps":20,"iterations":5,"solver":"GAUSS_SEIDEL","maxDePenetrationSpeed":10.0,"physicsSpeed":1.0}}, $.physics.iterations)
[20Jun2025 12:57:07.723] [Render thread/DEBUG] [com.networknt.schema.TypeValidator/]: validate( 5, {"pt":{"synchronizePhysics":false,"physicsTicksPerGameTick":3,"terrainBakingThreads":12,"terrainBakingThreadPriority":5,"terrainDeletionThreads":1,"terrainDeletionThreadPriority":4},"udpPort":25565,"enableUdp":false,"shipLoadDistance":128.0,"shipUnloadDistance":196.0,"physics":{"lodDetail":512,"subSteps":20,"iterations":5,"solver":"GAUSS_SEIDEL","maxDePenetrationSpeed":10.0,"physicsSpeed":1.0}}, $.physics.iterations)
[20Jun2025 12:57:07.724] [Render thread/DEBUG] [com.networknt.schema.EnumValidator/]: validate( "GAUSS_SEIDEL", {"pt":{"synchronizePhysics":false,"physicsTicksPerGameTick":3,"terrainBakingThreads":12,"terrainBakingThreadPriority":5,"terrainDeletionThreads":1,"terrainDeletionThreadPriority":4},"udpPort":25565,"enableUdp":false,"shipLoadDistance":128.0,"shipUnloadDistance":196.0,"physics":{"lodDetail":512,"subSteps":20,"iterations":5,"solver":"GAUSS_SEIDEL","maxDePenetrationSpeed":10.0,"physicsSpeed":1.0}}, $.physics.solver)
[20Jun2025 12:57:07.724] [Render thread/DEBUG] [com.networknt.schema.TypeValidator/]: validate( "GAUSS_SEIDEL", {"pt":{"synchronizePhysics":false,"physicsTicksPerGameTick":3,"terrainBakingThreads":12,"terrainBakingThreadPriority":5,"terrainDeletionThreads":1,"terrainDeletionThreadPriority":4},"udpPort":25565,"enableUdp":false,"shipLoadDistance":128.0,"shipUnloadDistance":196.0,"physics":{"lodDetail":512,"subSteps":20,"iterations":5,"solver":"GAUSS_SEIDEL","maxDePenetrationSpeed":10.0,"physicsSpeed":1.0}}, $.physics.solver)
[20Jun2025 12:57:07.724] [Render thread/DEBUG] [com.networknt.schema.AdditionalPropertiesValidator/]: validate( {"lodDetail":512,"subSteps":20,"iterations":5,"solver":"GAUSS_SEIDEL","maxDePenetrationSpeed":10.0,"physicsSpeed":1.0}, {"pt":{"synchronizePhysics":false,"physicsTicksPerGameTick":3,"terrainBakingThreads":12,"terrainBakingThreadPriority":5,"terrainDeletionThreads":1,"terrainDeletionThreadPriority":4},"udpPort":25565,"enableUdp":false,"shipLoadDistance":128.0,"shipUnloadDistance":196.0,"physics":{"lodDetail":512,"subSteps":20,"iterations":5,"solver":"GAUSS_SEIDEL","maxDePenetrationSpeed":10.0,"physicsSpeed":1.0}}, $.physics)
[20Jun2025 12:57:07.724] [Render thread/DEBUG] [com.networknt.schema.TypeValidator/]: validate( {"lodDetail":512,"subSteps":20,"iterations":5,"solver":"GAUSS_SEIDEL","maxDePenetrationSpeed":10.0,"physicsSpeed":1.0}, {"pt":{"synchronizePhysics":false,"physicsTicksPerGameTick":3,"terrainBakingThreads":12,"terrainBakingThreadPriority":5,"terrainDeletionThreads":1,"terrainDeletionThreadPriority":4},"udpPort":25565,"enableUdp":false,"shipLoadDistance":128.0,"shipUnloadDistance":196.0,"physics":{"lodDetail":512,"subSteps":20,"iterations":5,"solver":"GAUSS_SEIDEL","maxDePenetrationSpeed":10.0,"physicsSpeed":1.0}}, $.physics)
[20Jun2025 12:57:07.724] [Render thread/DEBUG] [com.networknt.schema.FormatValidator/]: validate( 25565, {"pt":{"synchronizePhysics":false,"physicsTicksPerGameTick":3,"terrainBakingThreads":12,"terrainBakingThreadPriority":5,"terrainDeletionThreads":1,"terrainDeletionThreadPriority":4},"udpPort":25565,"enableUdp":false,"shipLoadDistance":128.0,"shipUnloadDistance":196.0,"physics":{"lodDetail":512,"subSteps":20,"iterations":5,"solver":"GAUSS_SEIDEL","maxDePenetrationSpeed":10.0,"physicsSpeed":1.0}}, $.udpPort)
[20Jun2025 12:57:07.724] [Render thread/DEBUG] [com.networknt.schema.TypeValidator/]: validate( 25565, {"pt":{"synchronizePhysics":false,"physicsTicksPerGameTick":3,"terrainBakingThreads":12,"terrainBakingThreadPriority":5,"terrainDeletionThreads":1,"terrainDeletionThreadPriority":4},"udpPort":25565,"enableUdp":false,"shipLoadDistance":128.0,"shipUnloadDistance":196.0,"physics":{"lodDetail":512,"subSteps":20,"iterations":5,"solver":"GAUSS_SEIDEL","maxDePenetrationSpeed":10.0,"physicsSpeed":1.0}}, $.udpPort)
[20Jun2025 12:57:07.724] [Render thread/DEBUG] [com.networknt.schema.AdditionalPropertiesValidator/]: validate( {"pt":{"synchronizePhysics":false,"physicsTicksPerGameTick":3,"terrainBakingThreads":12,"terrainBakingThreadPriority":5,"terrainDeletionThreads":1,"terrainDeletionThreadPriority":4},"udpPort":25565,"enableUdp":false,"shipLoadDistance":128.0,"shipUnloadDistance":196.0,"physics":{"lodDetail":512,"subSteps":20,"iterations":5,"solver":"GAUSS_SEIDEL","maxDePenetrationSpeed":10.0,"physicsSpeed":1.0}}, {"pt":{"synchronizePhysics":false,"physicsTicksPerGameTick":3,"terrainBakingThreads":12,"terrainBakingThreadPriority":5,"terrainDeletionThreads":1,"terrainDeletionThreadPriority":4},"udpPort":25565,"enableUdp":false,"shipLoadDistance":128.0,"shipUnloadDistance":196.0,"physics":{"lodDetail":512,"subSteps":20,"iterations":5,"solver":"GAUSS_SEIDEL","maxDePenetrationSpeed":10.0,"physicsSpeed":1.0}}, $)
[20Jun2025 12:57:07.724] [Render thread/DEBUG] [com.networknt.schema.TypeValidator/]: validate( {"pt":{"synchronizePhysics":false,"physicsTicksPerGameTick":3,"terrainBakingThreads":12,"terrainBakingThreadPriority":5,"terrainDeletionThreads":1,"terrainDeletionThreadPriority":4},"udpPort":25565,"enableUdp":false,"shipLoadDistance":128.0,"shipUnloadDistance":196.0,"physics":{"lodDetail":512,"subSteps":20,"iterations":5,"solver":"GAUSS_SEIDEL","maxDePenetrationSpeed":10.0,"physicsSpeed":1.0}}, {"pt":{"synchronizePhysics":false,"physicsTicksPerGameTick":3,"terrainBakingThreads":12,"terrainBakingThreadPriority":5,"terrainDeletionThreads":1,"terrainDeletionThreadPriority":4},"udpPort":25565,"enableUdp":false,"shipLoadDistance":128.0,"shipUnloadDistance":196.0,"physics":{"lodDetail":512,"subSteps":20,"iterations":5,"solver":"GAUSS_SEIDEL","maxDePenetrationSpeed":10.0,"physicsSpeed":1.0}}, $)
[20Jun2025 12:57:07.729] [Render thread/DEBUG] [com.networknt.schema.PropertiesValidator/]: validate( {"Tooltip":{"massTooltipVisibility":"ADVANCED","useImperialUnits":false},"BlockTinting":{"fixBlockTinting":false},"renderDebugText":false,"recommendSlugsInMcCommands":true}, {"Tooltip":{"massTooltipVisibility":"ADVANCED","useImperialUnits":false},"BlockTinting":{"fixBlockTinting":false},"renderDebugText":false,"recommendSlugsInMcCommands":true}, $)
[20Jun2025 12:57:07.729] [Render thread/DEBUG] [com.networknt.schema.PropertiesValidator/]: validate( {"massTooltipVisibility":"ADVANCED","useImperialUnits":false}, {"Tooltip":{"massTooltipVisibility":"ADVANCED","useImperialUnits":false},"BlockTinting":{"fixBlockTinting":false},"renderDebugText":false,"recommendSlugsInMcCommands":true}, $.Tooltip)
[20Jun2025 12:57:07.729] [Render thread/DEBUG] [com.networknt.schema.EnumValidator/]: validate( "ADVANCED", {"Tooltip":{"massTooltipVisibility":"ADVANCED","useImperialUnits":false},"BlockTinting":{"fixBlockTinting":false},"renderDebugText":false,"recommendSlugsInMcCommands":true}, $.Tooltip.massTooltipVisibility)
[20Jun2025 12:57:07.729] [Render thread/DEBUG] [com.networknt.schema.TypeValidator/]: validate( "ADVANCED", {"Tooltip":{"massTooltipVisibility":"ADVANCED","useImperialUnits":false},"BlockTinting":{"fixBlockTinting":false},"renderDebugText":false,"recommendSlugsInMcCommands":true}, $.Tooltip.massTooltipVisibility)
[20Jun2025 12:57:07.729] [Render thread/DEBUG] [com.networknt.schema.TypeValidator/]: validate( false, {"Tooltip":{"massTooltipVisibility":"ADVANCED","useImperialUnits":false},"BlockTinting":{"fixBlockTinting":false},"renderDebugText":false,"recommendSlugsInMcCommands":true}, $.Tooltip.useImperialUnits)
[20Jun2025 12:57:07.729] [Render thread/DEBUG] [com.networknt.schema.AdditionalPropertiesValidator/]: validate( {"massTooltipVisibility":"ADVANCED","useImperialUnits":false}, {"Tooltip":{"massTooltipVisibility":"ADVANCED","useImperialUnits":false},"BlockTinting":{"fixBlockTinting":false},"renderDebugText":false,"recommendSlugsInMcCommands":true}, $.Tooltip)
[20Jun2025 12:57:07.729] [Render thread/DEBUG] [com.networknt.schema.TypeValidator/]: validate( {"massTooltipVisibility":"ADVANCED","useImperialUnits":false}, {"Tooltip":{"massTooltipVisibility":"ADVANCED","useImperialUnits":false},"BlockTinting":{"fixBlockTinting":false},"renderDebugText":false,"recommendSlugsInMcCommands":true}, $.Tooltip)
[20Jun2025 12:57:07.729] [Render thread/DEBUG] [com.networknt.schema.TypeValidator/]: validate( true, {"Tooltip":{"massTooltipVisibility":"ADVANCED","useImperialUnits":false},"BlockTinting":{"fixBlockTinting":false},"renderDebugText":false,"recommendSlugsInMcCommands":true}, $.recommendSlugsInMcCommands)
[20Jun2025 12:57:07.730] [Render thread/DEBUG] [com.networknt.schema.PropertiesValidator/]: validate( {"fixBlockTinting":false}, {"Tooltip":{"massTooltipVisibility":"ADVANCED","useImperialUnits":false},"BlockTinting":{"fixBlockTinting":false},"renderDebugText":false,"recommendSlugsInMcCommands":true}, $.BlockTinting)
[20Jun2025 12:57:07.730] [Render thread/DEBUG] [com.networknt.schema.TypeValidator/]: validate( false, {"Tooltip":{"massTooltipVisibility":"ADVANCED","useImperialUnits":false},"BlockTinting":{"fixBlockTinting":false},"renderDebugText":false,"recommendSlugsInMcCommands":true}, $.BlockTinting.fixBlockTinting)
[20Jun2025 12:57:07.730] [Render thread/DEBUG] [com.networknt.schema.AdditionalPropertiesValidator/]: validate( {"fixBlockTinting":false}, {"Tooltip":{"massTooltipVisibility":"ADVANCED","useImperialUnits":false},"BlockTinting":{"fixBlockTinting":false},"renderDebugText":false,"recommendSlugsInMcCommands":true}, $.BlockTinting)
[20Jun2025 12:57:07.730] [Render thread/DEBUG] [com.networknt.schema.TypeValidator/]: validate( {"fixBlockTinting":false}, {"Tooltip":{"massTooltipVisibility":"ADVANCED","useImperialUnits":false},"BlockTinting":{"fixBlockTinting":false},"renderDebugText":false,"recommendSlugsInMcCommands":true}, $.BlockTinting)
[20Jun2025 12:57:07.730] [Render thread/DEBUG] [com.networknt.schema.TypeValidator/]: validate( false, {"Tooltip":{"massTooltipVisibility":"ADVANCED","useImperialUnits":false},"BlockTinting":{"fixBlockTinting":false},"renderDebugText":false,"recommendSlugsInMcCommands":true}, $.renderDebugText)
[20Jun2025 12:57:07.730] [Render thread/DEBUG] [com.networknt.schema.AdditionalPropertiesValidator/]: validate( {"Tooltip":{"massTooltipVisibility":"ADVANCED","useImperialUnits":false},"BlockTinting":{"fixBlockTinting":false},"renderDebugText":false,"recommendSlugsInMcCommands":true}, {"Tooltip":{"massTooltipVisibility":"ADVANCED","useImperialUnits":false},"BlockTinting":{"fixBlockTinting":false},"renderDebugText":false,"recommendSlugsInMcCommands":true}, $)
[20Jun2025 12:57:07.730] [Render thread/DEBUG] [com.networknt.schema.TypeValidator/]: validate( {"Tooltip":{"massTooltipVisibility":"ADVANCED","useImperialUnits":false},"BlockTinting":{"fixBlockTinting":false},"renderDebugText":false,"recommendSlugsInMcCommands":true}, {"Tooltip":{"massTooltipVisibility":"ADVANCED","useImperialUnits":false},"BlockTinting":{"fixBlockTinting":false},"renderDebugText":false,"recommendSlugsInMcCommands":true}, $)
[20Jun2025 12:57:07.734] [Render thread/DEBUG] [com.networknt.schema.PropertiesValidator/]: validate( {"ADVANCED":{"renderPathfinding":true}}, {"ADVANCED":{"renderPathfinding":true}}, $)
[20Jun2025 12:57:07.734] [Render thread/DEBUG] [com.networknt.schema.PropertiesValidator/]: validate( {"renderPathfinding":true}, {"ADVANCED":{"renderPathfinding":true}}, $.ADVANCED)
[20Jun2025 12:57:07.734] [Render thread/DEBUG] [com.networknt.schema.TypeValidator/]: validate( true, {"ADVANCED":{"renderPathfinding":true}}, $.ADVANCED.renderPathfinding)
[20Jun2025 12:57:07.734] [Render thread/DEBUG] [com.networknt.schema.AdditionalPropertiesValidator/]: validate( {"renderPathfinding":true}, {"ADVANCED":{"renderPathfinding":true}}, $.ADVANCED)
[20Jun2025 12:57:07.734] [Render thread/DEBUG] [com.networknt.schema.TypeValidator/]: validate( {"renderPathfinding":true}, {"ADVANCED":{"renderPathfinding":true}}, $.ADVANCED)
[20Jun2025 12:57:07.734] [Render thread/DEBUG] [com.networknt.schema.AdditionalPropertiesValidator/]: validate( {"ADVANCED":{"renderPathfinding":true}}, {"ADVANCED":{"renderPathfinding":true}}, $)
[20Jun2025 12:57:07.734] [Render thread/DEBUG] [com.networknt.schema.TypeValidator/]: validate( {"ADVANCED":{"renderPathfinding":true}}, {"ADVANCED":{"renderPathfinding":true}}, $)
[20Jun2025 12:57:07.738] [Render thread/DEBUG] [com.networknt.schema.PropertiesValidator/]: validate( {"FTBChunks":{"shipsProtectedByClaims":true,"shipsProtectionOutOfBuildHeight":false},"ComputerCraft":{"canTurtlesLeaveScaledShips":false},"enableInteractDistanceChecks":true,"transformTeleports":true,"enableMovementChecks":false,"preventFluidEscapingShip":true,"explosionBlastForce":500000.0,"allowMobSpawns":true,"aiOnShips":true,"miniShipSize":0.5,"minScaling":0.25}, {"FTBChunks":{"shipsProtectedByClaims":true,"shipsProtectionOutOfBuildHeight":false},"ComputerCraft":{"canTurtlesLeaveScaledShips":false},"enableInteractDistanceChecks":true,"transformTeleports":true,"enableMovementChecks":false,"preventFluidEscapingShip":true,"explosionBlastForce":500000.0,"allowMobSpawns":true,"aiOnShips":true,"miniShipSize":0.5,"minScaling":0.25}, $)
[20Jun2025 12:57:07.738] [Render thread/DEBUG] [com.networknt.schema.PropertiesValidator/]: validate( {"canTurtlesLeaveScaledShips":false}, {"FTBChunks":{"shipsProtectedByClaims":true,"shipsProtectionOutOfBuildHeight":false},"ComputerCraft":{"canTurtlesLeaveScaledShips":false},"enableInteractDistanceChecks":true,"transformTeleports":true,"enableMovementChecks":false,"preventFluidEscapingShip":true,"explosionBlastForce":500000.0,"allowMobSpawns":true,"aiOnShips":true,"miniShipSize":0.5,"minScaling":0.25}, $.ComputerCraft)
[20Jun2025 12:57:07.738] [Render thread/DEBUG] [com.networknt.schema.TypeValidator/]: validate( false, {"FTBChunks":{"shipsProtectedByClaims":true,"shipsProtectionOutOfBuildHeight":false},"ComputerCraft":{"canTurtlesLeaveScaledShips":false},"enableInteractDistanceChecks":true,"transformTeleports":true,"enableMovementChecks":false,"preventFluidEscapingShip":true,"explosionBlastForce":500000.0,"allowMobSpawns":true,"aiOnShips":true,"miniShipSize":0.5,"minScaling":0.25}, $.ComputerCraft.canTurtlesLeaveScaledShips)
[20Jun2025 12:57:07.738] [Render thread/DEBUG] [com.networknt.schema.AdditionalPropertiesValidator/]: validate( {"canTurtlesLeaveScaledShips":false}, {"FTBChunks":{"shipsProtectedByClaims":true,"shipsProtectionOutOfBuildHeight":false},"ComputerCraft":{"canTurtlesLeaveScaledShips":false},"enableInteractDistanceChecks":true,"transformTeleports":true,"enableMovementChecks":false,"preventFluidEscapingShip":true,"explosionBlastForce":500000.0,"allowMobSpawns":true,"aiOnShips":true,"miniShipSize":0.5,"minScaling":0.25}, $.ComputerCraft)
[20Jun2025 12:57:07.738] [Render thread/DEBUG] [com.networknt.schema.TypeValidator/]: validate( {"canTurtlesLeaveScaledShips":false}, {"FTBChunks":{"shipsProtectedByClaims":true,"shipsProtectionOutOfBuildHeight":false},"ComputerCraft":{"canTurtlesLeaveScaledShips":false},"enableInteractDistanceChecks":true,"transformTeleports":true,"enableMovementChecks":false,"preventFluidEscapingShip":true,"explosionBlastForce":500000.0,"allowMobSpawns":true,"aiOnShips":true,"miniShipSize":0.5,"minScaling":0.25}, $.ComputerCraft)
[20Jun2025 12:57:07.738] [Render thread/DEBUG] [com.networknt.schema.PropertiesValidator/]: validate( {"shipsProtectedByClaims":true,"shipsProtectionOutOfBuildHeight":false}, {"FTBChunks":{"shipsProtectedByClaims":true,"shipsProtectionOutOfBuildHeight":false},"ComputerCraft":{"canTurtlesLeaveScaledShips":false},"enableInteractDistanceChecks":true,"transformTeleports":true,"enableMovementChecks":false,"preventFluidEscapingShip":true,"explosionBlastForce":500000.0,"allowMobSpawns":true,"aiOnShips":true,"miniShipSize":0.5,"minScaling":0.25}, $.FTBChunks)
[20Jun2025 12:57:07.738] [Render thread/DEBUG] [com.networknt.schema.TypeValidator/]: validate( true, {"FTBChunks":{"shipsProtectedByClaims":true,"shipsProtectionOutOfBuildHeight":false},"ComputerCraft":{"canTurtlesLeaveScaledShips":false},"enableInteractDistanceChecks":true,"transformTeleports":true,"enableMovementChecks":false,"preventFluidEscapingShip":true,"explosionBlastForce":500000.0,"allowMobSpawns":true,"aiOnShips":true,"miniShipSize":0.5,"minScaling":0.25}, $.FTBChunks.shipsProtectedByClaims)
[20Jun2025 12:57:07.739] [Render thread/DEBUG] [com.networknt.schema.TypeValidator/]: validate( false, {"FTBChunks":{"shipsProtectedByClaims":true,"shipsProtectionOutOfBuildHeight":false},"ComputerCraft":{"canTurtlesLeaveScaledShips":false},"enableInteractDistanceChecks":true,"transformTeleports":true,"enableMovementChecks":false,"preventFluidEscapingShip":true,"explosionBlastForce":500000.0,"allowMobSpawns":true,"aiOnShips":true,"miniShipSize":0.5,"minScaling":0.25}, $.FTBChunks.shipsProtectionOutOfBuildHeight)
[20Jun2025 12:57:07.739] [Render thread/DEBUG] [com.networknt.schema.AdditionalPropertiesValidator/]: validate( {"shipsProtectedByClaims":true,"shipsProtectionOutOfBuildHeight":false}, {"FTBChunks":{"shipsProtectedByClaims":true,"shipsProtectionOutOfBuildHeight":false},"ComputerCraft":{"canTurtlesLeaveScaledShips":false},"enableInteractDistanceChecks":true,"transformTeleports":true,"enableMovementChecks":false,"preventFluidEscapingShip":true,"explosionBlastForce":500000.0,"allowMobSpawns":true,"aiOnShips":true,"miniShipSize":0.5,"minScaling":0.25}, $.FTBChunks)
[20Jun2025 12:57:07.739] [Render thread/DEBUG] [com.networknt.schema.TypeValidator/]: validate( {"shipsProtectedByClaims":true,"shipsProtectionOutOfBuildHeight":false}, {"FTBChunks":{"shipsProtectedByClaims":true,"shipsProtectionOutOfBuildHeight":false},"ComputerCraft":{"canTurtlesLeaveScaledShips":false},"enableInteractDistanceChecks":true,"transformTeleports":true,"enableMovementChecks":false,"preventFluidEscapingShip":true,"explosionBlastForce":500000.0,"allowMobSpawns":true,"aiOnShips":true,"miniShipSize":0.5,"minScaling":0.25}, $.FTBChunks)
[20Jun2025 12:57:07.739] [Render thread/DEBUG] [com.networknt.schema.FormatValidator/]: validate( 0.25, {"FTBChunks":{"shipsProtectedByClaims":true,"shipsProtectionOutOfBuildHeight":false},"ComputerCraft":{"canTurtlesLeaveScaledShips":false},"enableInteractDistanceChecks":true,"transformTeleports":true,"enableMovementChecks":false,"preventFluidEscapingShip":true,"explosionBlastForce":500000.0,"allowMobSpawns":true,"aiOnShips":true,"miniShipSize":0.5,"minScaling":0.25}, $.minScaling)
[20Jun2025 12:57:07.739] [Render thread/DEBUG] [com.networknt.schema.TypeValidator/]: validate( 0.25, {"FTBChunks":{"shipsProtectedByClaims":true,"shipsProtectionOutOfBuildHeight":false},"ComputerCraft":{"canTurtlesLeaveScaledShips":false},"enableInteractDistanceChecks":true,"transformTeleports":true,"enableMovementChecks":false,"preventFluidEscapingShip":true,"explosionBlastForce":500000.0,"allowMobSpawns":true,"aiOnShips":true,"miniShipSize":0.5,"minScaling":0.25}, $.minScaling)
[20Jun2025 12:57:07.740] [Render thread/DEBUG] [com.networknt.schema.TypeValidator/]: validate( true, {"FTBChunks":{"shipsProtectedByClaims":true,"shipsProtectionOutOfBuildHeight":false},"ComputerCraft":{"canTurtlesLeaveScaledShips":false},"enableInteractDistanceChecks":true,"transformTeleports":true,"enableMovementChecks":false,"preventFluidEscapingShip":true,"explosionBlastForce":500000.0,"allowMobSpawns":true,"aiOnShips":true,"miniShipSize":0.5,"minScaling":0.25}, $.preventFluidEscapingShip)
[20Jun2025 12:57:07.740] [Render thread/DEBUG] [com.networknt.schema.TypeValidator/]: validate( true, {"FTBChunks":{"shipsProtectedByClaims":true,"shipsProtectionOutOfBuildHeight":false},"ComputerCraft":{"canTurtlesLeaveScaledShips":false},"enableInteractDistanceChecks":true,"transformTeleports":true,"enableMovementChecks":false,"preventFluidEscapingShip":true,"explosionBlastForce":500000.0,"allowMobSpawns":true,"aiOnShips":true,"miniShipSize":0.5,"minScaling":0.25}, $.transformTeleports)
[20Jun2025 12:57:07.740] [Render thread/DEBUG] [com.networknt.schema.FormatValidator/]: validate( 500000.0, {"FTBChunks":{"shipsProtectedByClaims":true,"shipsProtectionOutOfBuildHeight":false},"ComputerCraft":{"canTurtlesLeaveScaledShips":false},"enableInteractDistanceChecks":true,"transformTeleports":true,"enableMovementChecks":false,"preventFluidEscapingShip":true,"explosionBlastForce":500000.0,"allowMobSpawns":true,"aiOnShips":true,"miniShipSize":0.5,"minScaling":0.25}, $.explosionBlastForce)
[20Jun2025 12:57:07.740] [Render thread/DEBUG] [com.networknt.schema.TypeValidator/]: validate( 500000.0, {"FTBChunks":{"shipsProtectedByClaims":true,"shipsProtectionOutOfBuildHeight":false},"ComputerCraft":{"canTurtlesLeaveScaledShips":false},"enableInteractDistanceChecks":true,"transformTeleports":true,"enableMovementChecks":false,"preventFluidEscapingShip":true,"explosionBlastForce":500000.0,"allowMobSpawns":true,"aiOnShips":true,"miniShipSize":0.5,"minScaling":0.25}, $.explosionBlastForce)
[20Jun2025 12:57:07.740] [Render thread/DEBUG] [com.networknt.schema.TypeValidator/]: validate( true, {"FTBChunks":{"shipsProtectedByClaims":true,"shipsProtectionOutOfBuildHeight":false},"ComputerCraft":{"canTurtlesLeaveScaledShips":false},"enableInteractDistanceChecks":true,"transformTeleports":true,"enableMovementChecks":false,"preventFluidEscapingShip":true,"explosionBlastForce":500000.0,"allowMobSpawns":true,"aiOnShips":true,"miniShipSize":0.5,"minScaling":0.25}, $.allowMobSpawns)
[20Jun2025 12:57:07.740] [Render thread/DEBUG] [com.networknt.schema.FormatValidator/]: validate( 0.5, {"FTBChunks":{"shipsProtectedByClaims":true,"shipsProtectionOutOfBuildHeight":false},"ComputerCraft":{"canTurtlesLeaveScaledShips":false},"enableInteractDistanceChecks":true,"transformTeleports":true,"enableMovementChecks":false,"preventFluidEscapingShip":true,"explosionBlastForce":500000.0,"allowMobSpawns":true,"aiOnShips":true,"miniShipSize":0.5,"minScaling":0.25}, $.miniShipSize)
[20Jun2025 12:57:07.740] [Render thread/DEBUG] [com.networknt.schema.TypeValidator/]: validate( 0.5, {"FTBChunks":{"shipsProtectedByClaims":true,"shipsProtectionOutOfBuildHeight":false},"ComputerCraft":{"canTurtlesLeaveScaledShips":false},"enableInteractDistanceChecks":true,"transformTeleports":true,"enableMovementChecks":false,"preventFluidEscapingShip":true,"explosionBlastForce":500000.0,"allowMobSpawns":true,"aiOnShips":true,"miniShipSize":0.5,"minScaling":0.25}, $.miniShipSize)
[20Jun2025 12:57:07.740] [Render thread/DEBUG] [com.networknt.schema.TypeValidator/]: validate( true, {"FTBChunks":{"shipsProtectedByClaims":true,"shipsProtectionOutOfBuildHeight":false},"ComputerCraft":{"canTurtlesLeaveScaledShips":false},"enableInteractDistanceChecks":true,"transformTeleports":true,"enableMovementChecks":false,"preventFluidEscapingShip":true,"explosionBlastForce":500000.0,"allowMobSpawns":true,"aiOnShips":true,"miniShipSize":0.5,"minScaling":0.25}, $.aiOnShips)
[20Jun2025 12:57:07.740] [Render thread/DEBUG] [com.networknt.schema.TypeValidator/]: validate( false, {"FTBChunks":{"shipsProtectedByClaims":true,"shipsProtectionOutOfBuildHeight":false},"ComputerCraft":{"canTurtlesLeaveScaledShips":false},"enableInteractDistanceChecks":true,"transformTeleports":true,"enableMovementChecks":false,"preventFluidEscapingShip":true,"explosionBlastForce":500000.0,"allowMobSpawns":true,"aiOnShips":true,"miniShipSize":0.5,"minScaling":0.25}, $.enableMovementChecks)
[20Jun2025 12:57:07.740] [Render thread/DEBUG] [com.networknt.schema.TypeValidator/]: validate( true, {"FTBChunks":{"shipsProtectedByClaims":true,"shipsProtectionOutOfBuildHeight":false},"ComputerCraft":{"canTurtlesLeaveScaledShips":false},"enableInteractDistanceChecks":true,"transformTeleports":true,"enableMovementChecks":false,"preventFluidEscapingShip":true,"explosionBlastForce":500000.0,"allowMobSpawns":true,"aiOnShips":true,"miniShipSize":0.5,"minScaling":0.25}, $.enableInteractDistanceChecks)
[20Jun2025 12:57:07.741] [Render thread/DEBUG] [com.networknt.schema.AdditionalPropertiesValidator/]: validate( {"FTBChunks":{"shipsProtectedByClaims":true,"shipsProtectionOutOfBuildHeight":false},"ComputerCraft":{"canTurtlesLeaveScaledShips":false},"enableInteractDistanceChecks":true,"transformTeleports":true,"enableMovementChecks":false,"preventFluidEscapingShip":true,"explosionBlastForce":500000.0,"allowMobSpawns":true,"aiOnShips":true,"miniShipSize":0.5,"minScaling":0.25}, {"FTBChunks":{"shipsProtectedByClaims":true,"shipsProtectionOutOfBuildHeight":false},"ComputerCraft":{"canTurtlesLeaveScaledShips":false},"enableInteractDistanceChecks":true,"transformTeleports":true,"enableMovementChecks":false,"preventFluidEscapingShip":true,"explosionBlastForce":500000.0,"allowMobSpawns":true,"aiOnShips":true,"miniShipSize":0.5,"minScaling":0.25}, $)
[20Jun2025 12:57:07.741] [Render thread/DEBUG] [com.networknt.schema.TypeValidator/]: validate( {"FTBChunks":{"shipsProtectedByClaims":true,"shipsProtectionOutOfBuildHeight":false},"ComputerCraft":{"canTurtlesLeaveScaledShips":false},"enableInteractDistanceChecks":true,"transformTeleports":true,"enableMovementChecks":false,"preventFluidEscapingShip":true,"explosionBlastForce":500000.0,"allowMobSpawns":true,"aiOnShips":true,"miniShipSize":0.5,"minScaling":0.25}, {"FTBChunks":{"shipsProtectedByClaims":true,"shipsProtectionOutOfBuildHeight":false},"ComputerCraft":{"canTurtlesLeaveScaledShips":false},"enableInteractDistanceChecks":true,"transformTeleports":true,"enableMovementChecks":false,"preventFluidEscapingShip":true,"explosionBlastForce":500000.0,"allowMobSpawns":true,"aiOnShips":true,"miniShipSize":0.5,"minScaling":0.25}, $)
[20Jun2025 12:57:07.804] [Server thread/INFO] [net.minecraft.server.network.ServerGamePacketListenerImpl/]: Dev lost connection: Disconnected
[20Jun2025 12:57:07.805] [Server thread/INFO] [net.minecraft.server.MinecraftServer/]: Dev left the game
[20Jun2025 12:57:07.833] [Server thread/INFO] [net.minecraft.server.network.ServerGamePacketListenerImpl/]: Stopping singleplayer server as player logged out
[20Jun2025 12:57:07.857] [Server thread/INFO] [net.minecraft.server.MinecraftServer/]: Stopping server
[20Jun2025 12:57:07.858] [Server thread/INFO] [net.minecraft.server.MinecraftServer/]: Saving players
[20Jun2025 12:57:07.858] [Server thread/INFO] [net.minecraft.server.MinecraftServer/]: Saving worlds
[20Jun2025 12:57:07.874] [Physics thread/INFO] [Burger Factory/]: Deleting VSPhysicsPipelineStage resources!
[20Jun2025 12:57:07.878] [Physics thread/WARN] [org.valkyrienskies.core.impl.shadow.Ap/]: Physics pipeline ending
[20Jun2025 12:57:08.017] [DefaultDispatcher-worker-3/INFO] [Burger Factory/]: VSPhysicsPipelineStage is fully deleted!
[20Jun2025 12:57:08.958] [Server thread/INFO] [net.minecraft.server.MinecraftServer/]: Saving chunks for level 'ServerLevel[New World]'/minecraft:overworld
[20Jun2025 12:57:10.245] [Server thread/INFO] [net.minecraft.server.MinecraftServer/]: Saving chunks for level 'ServerLevel[New World]'/minecraft:the_nether
[20Jun2025 12:57:10.247] [Server thread/INFO] [net.minecraft.server.MinecraftServer/]: Saving chunks for level 'ServerLevel[New World]'/minecraft:the_end
[20Jun2025 12:57:10.249] [Server thread/DEBUG] [net.minecraftforge.common.ForgeHooks/WP]: Gathering id map for writing to world save New World
[20Jun2025 12:57:10.256] [Server thread/DEBUG] [net.minecraftforge.common.ForgeHooks/WP]: ID Map collection complete New World
[20Jun2025 12:57:10.289] [Server thread/INFO] [net.minecraft.server.MinecraftServer/]: ThreadedAnvilChunkStorage (New World): All chunks are saved
[20Jun2025 12:57:10.290] [Server thread/INFO] [net.minecraft.server.MinecraftServer/]: ThreadedAnvilChunkStorage (DIM-1): All chunks are saved
[20Jun2025 12:57:10.290] [Server thread/INFO] [net.minecraft.server.MinecraftServer/]: ThreadedAnvilChunkStorage (DIM1): All chunks are saved
[20Jun2025 12:57:10.290] [Server thread/INFO] [net.minecraft.server.MinecraftServer/]: ThreadedAnvilChunkStorage: All dimensions are saved
[20Jun2025 12:57:10.318] [Server thread/DEBUG] [net.minecraftforge.registries.GameData/REGISTRIES]: Reverting to FROZEN data state.
[20Jun2025 12:57:10.318] [Server thread/DEBUG] [net.minecraftforge.registries.ForgeRegistry/REGISTRIES]: Registry minecraft:block Sync: ACTIVE -> FROZEN
[20Jun2025 12:57:10.324] [Server thread/DEBUG] [net.minecraftforge.registries.ForgeRegistry/REGISTRIES]: Registry minecraft:fluid Sync: ACTIVE -> FROZEN
[20Jun2025 12:57:10.325] [Server thread/DEBUG] [net.minecraftforge.registries.ForgeRegistry/REGISTRIES]: Registry minecraft:item Sync: ACTIVE -> FROZEN
[20Jun2025 12:57:10.334] [Server thread/DEBUG] [net.minecraftforge.registries.ForgeRegistry/REGISTRIES]: Registry minecraft:mob_effect Sync: ACTIVE -> FROZEN
[20Jun2025 12:57:10.334] [Server thread/DEBUG] [net.minecraftforge.registries.ForgeRegistry/REGISTRIES]: Registry minecraft:sound_event Sync: ACTIVE -> FROZEN
[20Jun2025 12:57:10.342] [Server thread/DEBUG] [net.minecraftforge.registries.ForgeRegistry/REGISTRIES]: Registry minecraft:potion Sync: ACTIVE -> FROZEN
[20Jun2025 12:57:10.342] [Server thread/DEBUG] [net.minecraftforge.registries.ForgeRegistry/REGISTRIES]: Registry minecraft:enchantment Sync: ACTIVE -> FROZEN
[20Jun2025 12:57:10.342] [Server thread/DEBUG] [net.minecraftforge.registries.ForgeRegistry/REGISTRIES]: Registry minecraft:entity_type Sync: ACTIVE -> FROZEN
[20Jun2025 12:57:10.342] [Server thread/DEBUG] [net.minecraftforge.registries.ForgeRegistry/REGISTRIES]: Registry minecraft:block_entity_type Sync: ACTIVE -> FROZEN
[20Jun2025 12:57:10.342] [Server thread/DEBUG] [net.minecraftforge.registries.ForgeRegistry/REGISTRIES]: Registry minecraft:particle_type Sync: ACTIVE -> FROZEN
[20Jun2025 12:57:10.343] [Server thread/DEBUG] [net.minecraftforge.registries.ForgeRegistry/REGISTRIES]: Registry minecraft:menu Sync: ACTIVE -> FROZEN
[20Jun2025 12:57:10.343] [Server thread/DEBUG] [net.minecraftforge.registries.ForgeRegistry/REGISTRIES]: Registry minecraft:painting_variant Sync: ACTIVE -> FROZEN
[20Jun2025 12:57:10.343] [Server thread/DEBUG] [net.minecraftforge.registries.ForgeRegistry/REGISTRIES]: Registry minecraft:recipe_type Sync: ACTIVE -> FROZEN
[20Jun2025 12:57:10.344] [Server thread/DEBUG] [net.minecraftforge.registries.ForgeRegistry/REGISTRIES]: Registry minecraft:recipe_serializer Sync: ACTIVE -> FROZEN
[20Jun2025 12:57:10.344] [Server thread/DEBUG] [net.minecraftforge.registries.ForgeRegistry/REGISTRIES]: Registry minecraft:attribute Sync: ACTIVE -> FROZEN
[20Jun2025 12:57:10.344] [Server thread/DEBUG] [net.minecraftforge.registries.ForgeRegistry/REGISTRIES]: Registry minecraft:stat_type Sync: ACTIVE -> FROZEN
[20Jun2025 12:57:10.344] [Server thread/DEBUG] [net.minecraftforge.registries.ForgeRegistry/REGISTRIES]: Registry minecraft:command_argument_type Sync: ACTIVE -> FROZEN
[20Jun2025 12:57:10.345] [Server thread/DEBUG] [net.minecraftforge.registries.ForgeRegistry/REGISTRIES]: Registry minecraft:villager_profession Sync: ACTIVE -> FROZEN
[20Jun2025 12:57:10.346] [Server thread/DEBUG] [net.minecraftforge.registries.ForgeRegistry/REGISTRIES]: Registry minecraft:point_of_interest_type Sync: ACTIVE -> FROZEN
[20Jun2025 12:57:10.349] [Server thread/DEBUG] [net.minecraftforge.registries.ForgeRegistry/REGISTRIES]: Registry minecraft:memory_module_type Sync: ACTIVE -> FROZEN
[20Jun2025 12:57:10.349] [Server thread/DEBUG] [net.minecraftforge.registries.ForgeRegistry/REGISTRIES]: Registry minecraft:sensor_type Sync: ACTIVE -> FROZEN
[20Jun2025 12:57:10.350] [Server thread/DEBUG] [net.minecraftforge.registries.ForgeRegistry/REGISTRIES]: Registry minecraft:schedule Sync: ACTIVE -> FROZEN
[20Jun2025 12:57:10.350] [Server thread/DEBUG] [net.minecraftforge.registries.ForgeRegistry/REGISTRIES]: Registry minecraft:activity Sync: ACTIVE -> FROZEN
[20Jun2025 12:57:10.350] [Server thread/DEBUG] [net.minecraftforge.registries.ForgeRegistry/REGISTRIES]: Registry minecraft:worldgen/carver Sync: ACTIVE -> FROZEN
[20Jun2025 12:57:10.350] [Server thread/DEBUG] [net.minecraftforge.registries.ForgeRegistry/REGISTRIES]: Registry minecraft:worldgen/feature Sync: ACTIVE -> FROZEN
[20Jun2025 12:57:10.351] [Server thread/DEBUG] [net.minecraftforge.registries.ForgeRegistry/REGISTRIES]: Registry minecraft:chunk_status Sync: ACTIVE -> FROZEN
[20Jun2025 12:57:10.351] [Server thread/DEBUG] [net.minecraftforge.registries.ForgeRegistry/REGISTRIES]: Registry minecraft:worldgen/block_state_provider_type Sync: ACTIVE -> FROZEN
[20Jun2025 12:57:10.351] [Server thread/DEBUG] [net.minecraftforge.registries.ForgeRegistry/REGISTRIES]: Registry minecraft:worldgen/foliage_placer_type Sync: ACTIVE -> FROZEN
[20Jun2025 12:57:10.351] [Server thread/DEBUG] [net.minecraftforge.registries.ForgeRegistry/REGISTRIES]: Registry minecraft:worldgen/tree_decorator_type Sync: ACTIVE -> FROZEN
[20Jun2025 12:57:10.351] [Server thread/DEBUG] [net.minecraftforge.registries.ForgeRegistry/REGISTRIES]: Registry minecraft:worldgen/biome Sync: ACTIVE -> FROZEN
[20Jun2025 12:57:10.351] [Server thread/DEBUG] [net.minecraftforge.registries.ForgeRegistry/REGISTRIES]: Registry forge:entity_data_serializers Sync: ACTIVE -> FROZEN
[20Jun2025 12:57:10.351] [Server thread/DEBUG] [net.minecraftforge.registries.ForgeRegistry/REGISTRIES]: Registry forge:global_loot_modifier_serializers Sync: ACTIVE -> FROZEN
[20Jun2025 12:57:10.351] [Server thread/DEBUG] [net.minecraftforge.registries.ForgeRegistry/REGISTRIES]: Registry forge:biome_modifier_serializers Sync: ACTIVE -> FROZEN
[20Jun2025 12:57:10.352] [Server thread/DEBUG] [net.minecraftforge.registries.ForgeRegistry/REGISTRIES]: Registry forge:fluid_type Sync: ACTIVE -> FROZEN
[20Jun2025 12:57:10.352] [Server thread/DEBUG] [net.minecraftforge.registries.ForgeRegistry/REGISTRIES]: Registry forge:structure_modifier_serializers Sync: ACTIVE -> FROZEN
[20Jun2025 12:57:10.352] [Server thread/DEBUG] [net.minecraftforge.registries.ForgeRegistry/REGISTRIES]: Registry forge:holder_set_type Sync: ACTIVE -> FROZEN
[20Jun2025 12:57:10.352] [Server thread/DEBUG] [net.minecraftforge.registries.ForgeRegistry/REGISTRIES]: Registry forge:display_contexts Sync: ACTIVE -> FROZEN
[20Jun2025 12:57:11.089] [Server thread/DEBUG] [net.minecraftforge.registries.ObjectHolderRegistry/REGISTRIES]: Applying holder lookups
[20Jun2025 12:57:11.091] [Server thread/DEBUG] [net.minecraftforge.registries.ObjectHolderRegistry/REGISTRIES]: Holder lookups applied
[20Jun2025 12:57:11.091] [Server thread/DEBUG] [net.minecraftforge.registries.GameData/REGISTRIES]: FROZEN state restored.
[20Jun2025 12:57:11.092] [Server thread/DEBUG] [net.minecraftforge.fml.config.ConfigTracker/CONFIG]: Unloading configs type SERVER
[20Jun2025 12:57:11.116] [Render thread/INFO] [ChunkBuilder/]: Stopping worker threads
